-- Adminer 4.8.1 MySQL 10.5.13-MariaDB dump

SET NAMES utf8;
SET time_zone = '+00:00';
SET foreign_key_checks = 0;
SET sql_mode = 'NO_AUTO_VALUE_ON_ZERO';

SET NAMES utf8mb4;

DROP TABLE IF EXISTS `days`;
CREATE TABLE `days` (
  `id` bigint(20) unsigned NOT NULL AUTO_INCREMENT,
  `day_of_week` varchar(255) COLLATE utf8mb4_unicode_ci NOT NULL,
  PRIMARY KEY (`id`),
  KEY `day_of_week` (`day_of_week`)
) ENGINE=InnoDB DEFAULT CHARSET=utf8mb4 COLLATE=utf8mb4_unicode_ci;

INSERT INTO `days` (`id`, `day_of_week`) VALUES
(5,	'Friday'),
(1,	'Monday'),
(6,	'Saturday'),
(7,	'Sunday'),
(4,	'Thursday'),
(2,	'Tuesday'),
(3,	'Wednesday');

DROP TABLE IF EXISTS `migrations`;
CREATE TABLE `migrations` (
  `id` int(10) unsigned NOT NULL AUTO_INCREMENT,
  `migration` varchar(255) COLLATE utf8mb4_unicode_ci NOT NULL,
  `batch` int(11) NOT NULL,
  PRIMARY KEY (`id`)
) ENGINE=InnoDB DEFAULT CHARSET=utf8mb4 COLLATE=utf8mb4_unicode_ci;

INSERT INTO `migrations` (`id`, `migration`, `batch`) VALUES
(1,	'2023_11_10_141444_days',	1),
(2,	'2023_11_10_142240_item_day_time_slots',	2),
(3,	'2023_11_10_190948_pit_type',	3),
(4,	'2023_11_10_194107_pit_pay_methods',	4),
(5,	'2023_11_10_200016_pit_services',	5);

DROP TABLE IF EXISTS `pid_day_time_slots`;
CREATE TABLE `pid_day_time_slots` (
  `id` bigint(20) unsigned NOT NULL AUTO_INCREMENT,
  `pid_sale_id` varchar(255) COLLATE utf8mb4_unicode_ci NOT NULL,
  `day_id` bigint(20) unsigned NOT NULL,
  `pid_time_slot_id` bigint(20) unsigned NOT NULL,
  PRIMARY KEY (`id`),
  UNIQUE KEY `pid_sale_id_day_id_pid_time_slot_id` (`pid_sale_id`,`day_id`,`pid_time_slot_id`),
  KEY `pid_day_time_slots_day_id_foreign` (`day_id`),
  KEY `pid_day_time_slots_pid_time_slot_id_foreign` (`pid_time_slot_id`),
  KEY `pid_sale_id` (`pid_sale_id`),
  CONSTRAINT `pid_day_time_slots_day_id_foreign` FOREIGN KEY (`day_id`) REFERENCES `days` (`id`) ON DELETE CASCADE,
  CONSTRAINT `pid_day_time_slots_pid_time_slot_id_foreign` FOREIGN KEY (`pid_time_slot_id`) REFERENCES `pid_time_slots` (`id`) ON DELETE CASCADE
) ENGINE=InnoDB DEFAULT CHARSET=utf8mb4 COLLATE=utf8mb4_unicode_ci;

INSERT INTO `pid_day_time_slots` (`id`, `pid_sale_id`, `day_id`, `pid_time_slot_id`) VALUES
(3170,	'cd530147',	1,	268),
(3171,	'cd530147',	1,	269),
(3172,	'cd530147',	1,	270),
(3173,	'cd530147',	2,	268),
(3174,	'cd530147',	2,	269),
(3175,	'cd530147',	2,	270),
(3176,	'cd530147',	3,	268),
(3177,	'cd530147',	3,	269),
(3178,	'cd530147',	3,	270),
(3179,	'cd530147',	4,	268),
(3180,	'cd530147',	4,	269),
(3181,	'cd530147',	4,	270),
(3182,	'cd530147',	5,	268),
(3183,	'cd530147',	5,	269),
(3184,	'cd530147',	5,	270),
(3185,	'cd530147',	6,	271),
(3186,	'cd530147',	6,	272),
(3187,	'cd530147',	7,	273),
(3188,	'cd530147',	7,	274),
(2596,	'cd530188',	1,	99),
(2597,	'cd530188',	1,	100),
(2598,	'cd530188',	2,	99),
(2599,	'cd530188',	2,	100),
(2600,	'cd530188',	3,	99),
(2601,	'cd530188',	3,	100),
(2602,	'cd530188',	4,	99),
(2603,	'cd530188',	4,	100),
(2604,	'cd530188',	5,	99),
(2605,	'cd530188',	5,	100),
(2606,	'cd530188',	6,	101),
(2607,	'cd530188',	6,	102),
(2608,	'cd530188',	7,	103),
(2609,	'cd530188',	7,	104),
(3072,	'cd530469',	1,	235),
(3073,	'cd530469',	1,	236),
(3074,	'cd530469',	1,	237),
(3075,	'cd530469',	2,	235),
(3076,	'cd530469',	2,	236),
(3077,	'cd530469',	2,	237),
(3078,	'cd530469',	3,	235),
(3079,	'cd530469',	3,	236),
(3080,	'cd530469',	3,	237),
(3081,	'cd530469',	4,	235),
(3082,	'cd530469',	4,	236),
(3083,	'cd530469',	4,	237),
(3084,	'cd530469',	5,	235),
(3085,	'cd530469',	5,	236),
(3086,	'cd530469',	5,	237),
(3087,	'cd530469',	6,	238),
(3088,	'cd530469',	6,	239),
(3089,	'cd530469',	7,	240),
(3090,	'cd530469',	7,	241),
(2805,	'cd530568',	1,	164),
(2806,	'cd530568',	1,	165),
(2807,	'cd530568',	1,	166),
(2808,	'cd530568',	2,	164),
(2809,	'cd530568',	2,	165),
(2810,	'cd530568',	2,	166),
(2811,	'cd530568',	3,	164),
(2812,	'cd530568',	3,	165),
(2813,	'cd530568',	3,	166),
(2814,	'cd530568',	4,	164),
(2815,	'cd530568',	4,	165),
(2816,	'cd530568',	4,	166),
(2817,	'cd530568',	5,	164),
(2818,	'cd530568',	5,	165),
(2819,	'cd530568',	5,	166),
(2820,	'cd530568',	6,	167),
(2821,	'cd530568',	6,	168),
(2822,	'cd530568',	7,	169),
(2823,	'cd530568',	7,	170),
(2394,	'cd530667',	1,	38),
(2395,	'cd530667',	1,	39),
(2396,	'cd530667',	1,	40),
(2397,	'cd530667',	1,	41),
(2398,	'cd530667',	2,	38),
(2399,	'cd530667',	2,	39),
(2400,	'cd530667',	2,	40),
(2401,	'cd530667',	2,	41),
(2402,	'cd530667',	3,	38),
(2403,	'cd530667',	3,	39),
(2404,	'cd530667',	3,	40),
(2405,	'cd530667',	3,	41),
(2406,	'cd530667',	4,	38),
(2407,	'cd530667',	4,	39),
(2408,	'cd530667',	4,	40),
(2409,	'cd530667',	4,	41),
(2410,	'cd530667',	5,	38),
(2411,	'cd530667',	5,	39),
(2412,	'cd530667',	5,	40),
(2413,	'cd530667',	5,	41),
(2414,	'cd530667',	6,	42),
(2415,	'cd530667',	6,	43),
(2416,	'cd530667',	6,	44),
(2417,	'cd530667',	7,	45),
(2418,	'cd530667',	7,	46),
(2419,	'cd530667',	7,	47),
(2724,	'cd530964',	1,	143),
(2725,	'cd530964',	1,	144),
(2726,	'cd530964',	1,	145),
(2727,	'cd530964',	2,	143),
(2728,	'cd530964',	2,	144),
(2729,	'cd530964',	2,	145),
(2730,	'cd530964',	3,	143),
(2731,	'cd530964',	3,	144),
(2732,	'cd530964',	3,	145),
(2733,	'cd530964',	4,	143),
(2734,	'cd530964',	4,	144),
(2735,	'cd530964',	4,	145),
(2736,	'cd530964',	5,	143),
(2737,	'cd530964',	5,	144),
(2738,	'cd530964',	5,	145),
(2589,	'cd531145',	1,	96),
(2590,	'cd531145',	2,	96),
(2591,	'cd531145',	3,	96),
(2592,	'cd531145',	4,	96),
(2593,	'cd531145',	5,	96),
(2594,	'cd531145',	6,	97),
(2595,	'cd531145',	7,	98),
(2696,	'cd531160',	1,	131),
(2697,	'cd531160',	1,	132),
(2698,	'cd531160',	1,	133),
(2699,	'cd531160',	2,	131),
(2700,	'cd531160',	2,	132),
(2701,	'cd531160',	2,	133),
(2702,	'cd531160',	3,	131),
(2703,	'cd531160',	3,	132),
(2704,	'cd531160',	3,	133),
(2705,	'cd531160',	4,	131),
(2706,	'cd531160',	4,	132),
(2707,	'cd531160',	4,	133),
(2708,	'cd531160',	5,	131),
(2709,	'cd531160',	5,	132),
(2710,	'cd531160',	5,	133),
(2711,	'cd531160',	6,	134),
(2712,	'cd531160',	6,	135),
(2713,	'cd531160',	6,	136),
(2714,	'cd531160',	7,	137),
(2715,	'cd531160',	7,	138),
(2716,	'cd531160',	7,	139),
(2522,	'cd531343',	1,	79),
(2523,	'cd531343',	2,	79),
(2524,	'cd531343',	3,	79),
(2525,	'cd531343',	4,	79),
(2526,	'cd531343',	5,	79),
(3091,	'cd531566',	1,	242),
(3092,	'cd531566',	1,	243),
(3093,	'cd531566',	2,	242),
(3094,	'cd531566',	2,	243),
(3095,	'cd531566',	3,	242),
(3096,	'cd531566',	3,	243),
(3097,	'cd531566',	4,	242),
(3098,	'cd531566',	4,	243),
(3099,	'cd531566',	5,	242),
(3100,	'cd531566',	5,	243),
(2461,	'cd531863',	1,	60),
(2462,	'cd531863',	1,	61),
(2463,	'cd531863',	2,	60),
(2464,	'cd531863',	2,	61),
(2465,	'cd531863',	3,	60),
(2466,	'cd531863',	3,	61),
(2467,	'cd531863',	4,	60),
(2468,	'cd531863',	4,	61),
(2469,	'cd531863',	5,	60),
(2470,	'cd531863',	5,	61),
(2471,	'cd531863',	6,	62),
(2472,	'cd531863',	7,	63),
(3189,	'cd532069',	1,	275),
(3190,	'cd532069',	1,	276),
(3191,	'cd532069',	2,	275),
(3192,	'cd532069',	2,	276),
(3193,	'cd532069',	3,	275),
(3194,	'cd532069',	3,	276),
(3195,	'cd532069',	4,	275),
(3196,	'cd532069',	4,	276),
(3197,	'cd532069',	5,	275),
(3198,	'cd532069',	5,	276),
(3199,	'cd532069',	6,	277),
(3200,	'cd532069',	7,	278),
(2664,	'cd532143',	1,	123),
(2665,	'cd532143',	1,	124),
(2666,	'cd532143',	2,	123),
(2667,	'cd532143',	2,	124),
(2668,	'cd532143',	3,	123),
(2669,	'cd532143',	3,	124),
(2670,	'cd532143',	4,	123),
(2671,	'cd532143',	4,	124),
(2672,	'cd532143',	5,	123),
(2673,	'cd532143',	5,	124),
(2674,	'cd532143',	6,	123),
(2675,	'cd532143',	6,	124),
(2676,	'cd532143',	7,	123),
(2677,	'cd532143',	7,	124),
(2946,	'cd532168',	1,	198),
(2947,	'cd532168',	2,	198),
(2948,	'cd532168',	3,	198),
(2949,	'cd532168',	4,	198),
(2950,	'cd532168',	5,	198),
(2951,	'cd532168',	6,	199),
(2952,	'cd532168',	7,	200),
(2420,	'cd532267',	1,	48),
(2421,	'cd532267',	2,	48),
(2422,	'cd532267',	3,	48),
(2423,	'cd532267',	4,	48),
(2424,	'cd532267',	5,	48),
(2425,	'cd532267',	6,	49),
(2426,	'cd532267',	7,	50),
(2717,	'cd532341',	1,	140),
(2718,	'cd532341',	2,	140),
(2719,	'cd532341',	3,	140),
(2720,	'cd532341',	4,	140),
(2721,	'cd532341',	5,	140),
(2722,	'cd532341',	6,	141),
(2723,	'cd532341',	7,	142),
(2389,	'cd532465',	1,	37),
(2390,	'cd532465',	2,	37),
(2391,	'cd532465',	3,	37),
(2392,	'cd532465',	4,	37),
(2393,	'cd532465',	5,	37),
(2831,	'cd532564',	1,	172),
(2832,	'cd532564',	2,	172),
(2833,	'cd532564',	3,	172),
(2834,	'cd532564',	4,	172),
(2835,	'cd532564',	5,	172),
(2836,	'cd532564',	6,	173),
(2837,	'cd532564',	7,	174),
(2382,	'cd532663',	1,	34),
(2383,	'cd532663',	2,	34),
(2384,	'cd532663',	3,	34),
(2385,	'cd532663',	4,	34),
(2386,	'cd532663',	5,	34),
(2387,	'cd532663',	6,	35),
(2388,	'cd532663',	7,	36),
(3102,	'cd533141',	1,	126),
(3101,	'cd533141',	1,	244),
(3103,	'cd533141',	1,	245),
(3105,	'cd533141',	2,	126),
(3104,	'cd533141',	2,	244),
(3106,	'cd533141',	2,	245),
(3108,	'cd533141',	3,	126),
(3107,	'cd533141',	3,	244),
(3109,	'cd533141',	3,	245),
(3111,	'cd533141',	4,	126),
(3110,	'cd533141',	4,	244),
(3112,	'cd533141',	4,	245),
(3114,	'cd533141',	5,	126),
(3113,	'cd533141',	5,	244),
(3115,	'cd533141',	5,	245),
(3116,	'cd533141',	6,	246),
(3117,	'cd533141',	6,	247),
(3119,	'cd533141',	7,	126),
(3118,	'cd533141',	7,	246),
(3120,	'cd533141',	7,	248),
(2494,	'cd534149',	1,	68),
(2495,	'cd534149',	1,	69),
(2496,	'cd534149',	2,	68),
(2497,	'cd534149',	2,	69),
(2498,	'cd534149',	3,	68),
(2499,	'cd534149',	3,	69),
(2500,	'cd534149',	4,	68),
(2501,	'cd534149',	4,	69),
(2502,	'cd534149',	5,	68),
(2503,	'cd534149',	5,	69),
(2504,	'cd534149',	6,	68),
(2505,	'cd534149',	6,	70),
(2506,	'cd534149',	7,	71),
(2507,	'cd534149',	7,	72),
(2508,	'cd534248',	1,	73),
(2509,	'cd534248',	1,	74),
(2510,	'cd534248',	2,	73),
(2511,	'cd534248',	2,	74),
(2512,	'cd534248',	3,	73),
(2513,	'cd534248',	3,	74),
(2514,	'cd534248',	4,	73),
(2515,	'cd534248',	4,	74),
(2516,	'cd534248',	5,	73),
(2517,	'cd534248',	5,	74),
(2518,	'cd534248',	6,	75),
(2519,	'cd534248',	6,	76),
(2520,	'cd534248',	7,	77),
(2521,	'cd534248',	7,	78),
(3043,	'cd534743',	1,	73),
(3044,	'cd534743',	1,	229),
(3045,	'cd534743',	2,	73),
(3046,	'cd534743',	2,	229),
(3047,	'cd534743',	3,	73),
(3048,	'cd534743',	3,	229),
(3049,	'cd534743',	4,	73),
(3050,	'cd534743',	4,	229),
(3051,	'cd534743',	5,	73),
(3052,	'cd534743',	5,	229),
(2473,	'cd535161',	1,	64),
(2474,	'cd535161',	1,	65),
(2475,	'cd535161',	2,	64),
(2476,	'cd535161',	2,	65),
(2477,	'cd535161',	3,	64),
(2478,	'cd535161',	3,	65),
(2479,	'cd535161',	4,	64),
(2480,	'cd535161',	4,	65),
(2481,	'cd535161',	5,	64),
(2482,	'cd535161',	5,	65),
(2483,	'cd535161',	6,	64),
(2484,	'cd535161',	6,	65),
(2485,	'cd535161',	7,	64),
(2486,	'cd535161',	7,	65),
(2487,	'cd535567',	1,	66),
(2488,	'cd535567',	2,	66),
(2489,	'cd535567',	3,	66),
(2490,	'cd535567',	4,	66),
(2491,	'cd535567',	5,	66),
(2492,	'cd535567',	6,	67),
(2493,	'cd535567',	7,	67),
(2434,	'cd536565',	1,	53),
(2435,	'cd536565',	2,	53),
(2436,	'cd536565',	3,	53),
(2437,	'cd536565',	4,	53),
(2438,	'cd536565',	5,	53),
(2439,	'cd536565',	6,	54),
(2440,	'cd536565',	7,	55),
(3017,	'cd538066',	1,	222),
(3018,	'cd538066',	1,	223),
(3019,	'cd538066',	1,	224),
(3020,	'cd538066',	2,	222),
(3021,	'cd538066',	2,	223),
(3022,	'cd538066',	2,	224),
(3023,	'cd538066',	3,	222),
(3024,	'cd538066',	3,	223),
(3025,	'cd538066',	3,	224),
(3026,	'cd538066',	4,	222),
(3027,	'cd538066',	4,	223),
(3028,	'cd538066',	4,	224),
(3029,	'cd538066',	5,	222),
(3030,	'cd538066',	5,	223),
(3031,	'cd538066',	5,	224),
(3032,	'cd538066',	6,	225),
(3033,	'cd538066',	6,	226),
(3034,	'cd538066',	7,	225),
(3035,	'cd538066',	7,	227),
(2541,	'cd540146',	1,	83),
(2542,	'cd540146',	1,	84),
(2543,	'cd540146',	1,	85),
(2544,	'cd540146',	2,	83),
(2545,	'cd540146',	2,	84),
(2546,	'cd540146',	2,	85),
(2547,	'cd540146',	3,	83),
(2548,	'cd540146',	3,	84),
(2549,	'cd540146',	3,	85),
(2550,	'cd540146',	4,	83),
(2551,	'cd540146',	4,	84),
(2552,	'cd540146',	4,	85),
(2553,	'cd540146',	5,	83),
(2554,	'cd540146',	5,	84),
(2555,	'cd540146',	5,	85),
(2557,	'cd540146',	6,	84),
(2558,	'cd540146',	6,	85),
(2556,	'cd540146',	6,	86),
(2561,	'cd540146',	7,	85),
(2559,	'cd540146',	7,	87),
(2560,	'cd540146',	7,	88),
(2333,	'cd540443',	1,	19),
(2334,	'cd540443',	1,	20),
(2335,	'cd540443',	2,	19),
(2336,	'cd540443',	2,	20),
(2337,	'cd540443',	3,	19),
(2338,	'cd540443',	3,	20),
(2339,	'cd540443',	4,	19),
(2340,	'cd540443',	4,	20),
(2341,	'cd540443',	5,	19),
(2342,	'cd540443',	5,	20),
(2343,	'cd540443',	6,	21),
(2344,	'cd540443',	6,	22),
(2345,	'cd540443',	6,	23),
(2347,	'cd540443',	7,	22),
(2348,	'cd540443',	7,	23),
(2346,	'cd540443',	7,	24),
(2643,	'cd543512',	1,	116),
(2644,	'cd543512',	2,	116),
(2645,	'cd543512',	3,	116),
(2646,	'cd543512',	4,	116),
(2647,	'cd543512',	5,	116),
(2648,	'cd543512',	6,	117),
(2649,	'cd543512',	7,	118),
(2527,	'cd543967',	1,	80),
(2528,	'cd543967',	1,	81),
(2529,	'cd543967',	2,	80),
(2530,	'cd543967',	2,	81),
(2531,	'cd543967',	3,	80),
(2532,	'cd543967',	3,	81),
(2533,	'cd543967',	4,	80),
(2534,	'cd543967',	4,	81),
(2535,	'cd543967',	5,	80),
(2536,	'cd543967',	5,	81),
(2537,	'cd543967',	6,	80),
(2538,	'cd543967',	6,	82),
(2539,	'cd543967',	7,	80),
(2540,	'cd543967',	7,	82),
(2610,	'cd544148',	1,	105),
(2611,	'cd544148',	2,	105),
(2612,	'cd544148',	3,	105),
(2613,	'cd544148',	4,	105),
(2614,	'cd544148',	5,	105),
(2615,	'cd544148',	6,	106),
(2616,	'cd544148',	7,	107),
(2574,	'cd544361',	1,	93),
(2575,	'cd544361',	1,	94),
(2576,	'cd544361',	1,	95),
(2577,	'cd544361',	2,	93),
(2578,	'cd544361',	2,	94),
(2579,	'cd544361',	2,	95),
(2580,	'cd544361',	3,	93),
(2581,	'cd544361',	3,	94),
(2582,	'cd544361',	3,	95),
(2583,	'cd544361',	4,	93),
(2584,	'cd544361',	4,	94),
(2585,	'cd544361',	4,	95),
(2586,	'cd544361',	5,	93),
(2587,	'cd544361',	5,	94),
(2588,	'cd544361',	5,	95),
(2617,	'cd544510',	1,	108),
(2618,	'cd544510',	2,	108),
(2619,	'cd544510',	3,	108),
(2620,	'cd544510',	4,	108),
(2621,	'cd544510',	5,	108),
(2622,	'cd544510',	6,	108),
(2623,	'cd544510',	7,	108),
(2936,	'cd544668',	1,	196),
(2937,	'cd544668',	1,	197),
(2938,	'cd544668',	2,	196),
(2939,	'cd544668',	2,	197),
(2940,	'cd544668',	3,	196),
(2941,	'cd544668',	3,	197),
(2942,	'cd544668',	4,	196),
(2943,	'cd544668',	4,	197),
(2944,	'cd544668',	5,	196),
(2945,	'cd544668',	5,	197),
(2960,	'cd545145',	1,	203),
(2961,	'cd545145',	2,	203),
(2962,	'cd545145',	3,	203),
(2963,	'cd545145',	4,	203),
(2964,	'cd545145',	5,	203),
(3121,	'cd545665',	1,	249),
(3122,	'cd545665',	1,	250),
(3123,	'cd545665',	1,	251),
(3124,	'cd545665',	2,	249),
(3125,	'cd545665',	2,	250),
(3126,	'cd545665',	2,	251),
(3127,	'cd545665',	3,	249),
(3128,	'cd545665',	3,	250),
(3129,	'cd545665',	3,	251),
(3130,	'cd545665',	4,	249),
(3131,	'cd545665',	4,	250),
(3132,	'cd545665',	4,	251),
(3133,	'cd545665',	5,	249),
(3134,	'cd545665',	5,	250),
(3135,	'cd545665',	5,	251),
(3137,	'cd545665',	6,	250),
(3136,	'cd545665',	6,	252),
(3138,	'cd545665',	6,	253),
(3141,	'cd545665',	7,	253),
(3139,	'cd545665',	7,	254),
(3140,	'cd545665',	7,	255),
(2309,	'cd546465',	1,	12),
(2310,	'cd546465',	1,	13),
(2311,	'cd546465',	2,	12),
(2312,	'cd546465',	2,	13),
(2313,	'cd546465',	3,	12),
(2314,	'cd546465',	3,	13),
(2315,	'cd546465',	4,	12),
(2316,	'cd546465',	4,	13),
(2317,	'cd546465',	5,	12),
(2318,	'cd546465',	5,	13),
(2319,	'cd546465',	6,	14),
(2320,	'cd546465',	6,	15),
(2321,	'cd546465',	7,	14),
(2322,	'cd546465',	7,	16),
(2650,	'cd546861',	1,	119),
(2651,	'cd546861',	1,	120),
(2652,	'cd546861',	2,	119),
(2653,	'cd546861',	2,	120),
(2654,	'cd546861',	3,	119),
(2655,	'cd546861',	3,	120),
(2656,	'cd546861',	4,	119),
(2657,	'cd546861',	4,	120),
(2658,	'cd546861',	5,	119),
(2659,	'cd546861',	5,	120),
(2660,	'cd546861',	6,	121),
(2661,	'cd546861',	6,	122),
(2662,	'cd546861',	7,	121),
(2663,	'cd546861',	7,	122),
(2349,	'cd547760',	1,	25),
(2350,	'cd547760',	1,	26),
(2351,	'cd547760',	1,	27),
(2352,	'cd547760',	2,	25),
(2353,	'cd547760',	2,	26),
(2354,	'cd547760',	2,	27),
(2355,	'cd547760',	3,	25),
(2356,	'cd547760',	3,	26),
(2357,	'cd547760',	3,	27),
(2358,	'cd547760',	4,	25),
(2359,	'cd547760',	4,	26),
(2360,	'cd547760',	4,	27),
(2361,	'cd547760',	5,	25),
(2362,	'cd547760',	5,	26),
(2363,	'cd547760',	5,	27),
(2364,	'cd547760',	6,	28),
(2365,	'cd547760',	6,	29),
(2366,	'cd547760',	7,	28),
(2367,	'cd547760',	7,	29),
(2791,	'cd548263',	1,	161),
(2792,	'cd548263',	2,	161),
(2793,	'cd548263',	3,	161),
(2794,	'cd548263',	4,	161),
(2795,	'cd548263',	5,	161),
(2796,	'cd548263',	6,	161),
(2797,	'cd548263',	7,	161),
(2845,	'cd549568',	1,	176),
(2846,	'cd549568',	2,	176),
(2847,	'cd549568',	3,	176),
(2848,	'cd549568',	4,	176),
(2849,	'cd549568',	5,	176),
(2850,	'cd549568',	6,	176),
(2851,	'cd549568',	7,	176),
(2953,	'cd549865',	1,	9),
(2954,	'cd549865',	2,	9),
(2955,	'cd549865',	3,	9),
(2956,	'cd549865',	4,	9),
(2957,	'cd549865',	5,	9),
(2958,	'cd549865',	6,	201),
(2959,	'cd549865',	7,	202),
(3036,	'cd550061',	1,	228),
(3037,	'cd550061',	2,	228),
(3038,	'cd550061',	3,	228),
(3039,	'cd550061',	4,	228),
(3040,	'cd550061',	5,	228),
(3041,	'cd550061',	6,	116),
(3042,	'cd550061',	7,	116),
(2636,	'cd550160',	1,	113),
(2637,	'cd550160',	2,	113),
(2638,	'cd550160',	3,	113),
(2639,	'cd550160',	4,	113),
(2640,	'cd550160',	5,	113),
(2641,	'cd550160',	6,	114),
(2642,	'cd550160',	7,	115),
(3010,	'cd550269',	1,	219),
(3011,	'cd550269',	2,	219),
(3012,	'cd550269',	3,	219),
(3013,	'cd550269',	4,	219),
(3014,	'cd550269',	5,	219),
(3015,	'cd550269',	6,	220),
(3016,	'cd550269',	7,	221),
(2368,	'cd550467',	1,	30),
(2369,	'cd550467',	1,	31),
(2370,	'cd550467',	2,	30),
(2371,	'cd550467',	2,	31),
(2372,	'cd550467',	3,	30),
(2373,	'cd550467',	3,	31),
(2374,	'cd550467',	4,	30),
(2375,	'cd550467',	4,	31),
(2376,	'cd550467',	5,	30),
(2377,	'cd550467',	5,	31),
(2378,	'cd550467',	6,	30),
(2379,	'cd550467',	6,	31),
(2380,	'cd550467',	7,	32),
(2381,	'cd550467',	7,	33),
(2295,	'cd551069',	1,	9),
(2296,	'cd551069',	2,	9),
(2297,	'cd551069',	3,	9),
(2298,	'cd551069',	4,	9),
(2299,	'cd551069',	5,	9),
(2300,	'cd551069',	6,	9),
(2301,	'cd551069',	7,	10),
(2678,	'cd551366',	1,	125),
(2679,	'cd551366',	1,	126),
(2680,	'cd551366',	1,	127),
(2682,	'cd551366',	2,	126),
(2683,	'cd551366',	2,	127),
(2681,	'cd551366',	2,	128),
(2685,	'cd551366',	3,	126),
(2686,	'cd551366',	3,	127),
(2684,	'cd551366',	3,	128),
(2688,	'cd551366',	4,	126),
(2689,	'cd551366',	4,	127),
(2687,	'cd551366',	4,	128),
(2691,	'cd551366',	5,	126),
(2692,	'cd551366',	5,	127),
(2690,	'cd551366',	5,	128),
(2693,	'cd551366',	6,	128),
(2694,	'cd551366',	6,	129),
(2695,	'cd551366',	7,	130),
(2991,	'cd551762',	1,	212),
(2992,	'cd551762',	1,	213),
(2993,	'cd551762',	1,	214),
(2994,	'cd551762',	1,	215),
(2995,	'cd551762',	2,	212),
(2996,	'cd551762',	2,	213),
(2997,	'cd551762',	2,	214),
(2998,	'cd551762',	2,	215),
(2999,	'cd551762',	3,	212),
(3000,	'cd551762',	3,	213),
(3001,	'cd551762',	3,	214),
(3002,	'cd551762',	3,	215),
(3003,	'cd551762',	4,	212),
(3004,	'cd551762',	4,	213),
(3005,	'cd551762',	4,	214),
(3006,	'cd551762',	4,	215),
(3007,	'cd551762',	7,	216),
(3008,	'cd551762',	7,	217),
(3009,	'cd551762',	7,	218),
(3142,	'cd553560',	1,	256),
(3143,	'cd553560',	1,	257),
(3144,	'cd553560',	2,	256),
(3145,	'cd553560',	2,	257),
(3146,	'cd553560',	3,	256),
(3147,	'cd553560',	3,	257),
(3148,	'cd553560',	4,	256),
(3149,	'cd553560',	4,	257),
(3150,	'cd553560',	5,	256),
(3151,	'cd553560',	5,	257),
(3152,	'cd553560',	6,	258),
(3153,	'cd553560',	6,	259),
(3154,	'cd553560',	7,	260),
(3155,	'cd553560',	7,	261),
(3156,	'cd555466',	1,	262),
(3157,	'cd555466',	1,	263),
(3158,	'cd555466',	2,	262),
(3159,	'cd555466',	2,	263),
(3160,	'cd555466',	3,	262),
(3161,	'cd555466',	3,	263),
(3162,	'cd555466',	4,	262),
(3163,	'cd555466',	4,	263),
(3164,	'cd555466',	5,	262),
(3165,	'cd555466',	5,	263),
(3166,	'cd555466',	6,	264),
(3167,	'cd555466',	6,	265),
(3168,	'cd555466',	7,	266),
(3169,	'cd555466',	7,	267),
(3053,	'cd557868',	1,	230),
(3054,	'cd557868',	1,	231),
(3055,	'cd557868',	1,	232),
(3056,	'cd557868',	2,	230),
(3057,	'cd557868',	2,	231),
(3058,	'cd557868',	2,	232),
(3059,	'cd557868',	3,	230),
(3060,	'cd557868',	3,	231),
(3061,	'cd557868',	3,	232),
(3062,	'cd557868',	4,	230),
(3063,	'cd557868',	4,	231),
(3064,	'cd557868',	4,	232),
(3065,	'cd557868',	5,	230),
(3066,	'cd557868',	5,	231),
(3067,	'cd557868',	5,	232),
(3068,	'cd557868',	6,	233),
(3069,	'cd557868',	6,	234),
(3070,	'cd557868',	7,	233),
(3071,	'cd557868',	7,	234),
(2965,	'cd559666',	1,	204),
(2966,	'cd559666',	1,	205),
(2967,	'cd559666',	1,	206),
(2968,	'cd559666',	1,	207),
(2969,	'cd559666',	2,	204),
(2970,	'cd559666',	2,	205),
(2971,	'cd559666',	2,	206),
(2972,	'cd559666',	2,	207),
(2973,	'cd559666',	3,	204),
(2974,	'cd559666',	3,	205),
(2975,	'cd559666',	3,	206),
(2976,	'cd559666',	3,	207),
(2977,	'cd559666',	4,	204),
(2978,	'cd559666',	4,	205),
(2979,	'cd559666',	4,	206),
(2980,	'cd559666',	4,	207),
(2981,	'cd559666',	5,	204),
(2982,	'cd559666',	5,	205),
(2983,	'cd559666',	5,	206),
(2984,	'cd559666',	5,	207),
(2985,	'cd559666',	6,	208),
(2986,	'cd559666',	6,	209),
(2987,	'cd559666',	6,	210),
(2989,	'cd559666',	7,	209),
(2990,	'cd559666',	7,	210),
(2988,	'cd559666',	7,	211),
(2624,	'cd559914',	1,	109),
(2625,	'cd559914',	1,	110),
(2626,	'cd559914',	2,	109),
(2627,	'cd559914',	2,	110),
(2628,	'cd559914',	3,	109),
(2629,	'cd559914',	3,	110),
(2630,	'cd559914',	4,	109),
(2631,	'cd559914',	4,	110),
(2632,	'cd559914',	5,	109),
(2633,	'cd559914',	5,	110),
(2634,	'cd559914',	6,	111),
(2635,	'cd559914',	7,	112),
(3215,	'cd561365',	1,	285),
(3216,	'cd561365',	1,	286),
(3217,	'cd561365',	2,	285),
(3218,	'cd561365',	2,	286),
(3219,	'cd561365',	3,	285),
(3220,	'cd561365',	3,	286),
(3221,	'cd561365',	4,	285),
(3222,	'cd561365',	4,	286),
(3223,	'cd561365',	5,	285),
(3224,	'cd561365',	5,	286),
(3225,	'cd561365',	6,	287),
(3226,	'cd561365',	6,	288),
(3227,	'cd561365',	7,	289),
(3228,	'cd561365',	7,	290),
(2562,	'cd563460',	1,	89),
(2563,	'cd563460',	1,	90),
(2564,	'cd563460',	2,	89),
(2565,	'cd563460',	2,	90),
(2566,	'cd563460',	3,	89),
(2567,	'cd563460',	3,	90),
(2568,	'cd563460',	4,	89),
(2569,	'cd563460',	4,	90),
(2570,	'cd563460',	5,	89),
(2571,	'cd563460',	5,	90),
(2572,	'cd563460',	6,	91),
(2573,	'cd563460',	7,	92),
(2762,	'cd570168',	1,	149),
(2763,	'cd570168',	1,	150),
(2764,	'cd570168',	2,	149),
(2765,	'cd570168',	2,	150),
(2766,	'cd570168',	3,	149),
(2767,	'cd570168',	3,	150),
(2768,	'cd570168',	4,	149),
(2769,	'cd570168',	4,	150),
(2770,	'cd570168',	5,	149),
(2771,	'cd570168',	5,	151),
(2772,	'cd570168',	6,	152),
(2773,	'cd570168',	6,	153),
(2774,	'cd570168',	6,	154),
(2775,	'cd570168',	6,	155),
(2776,	'cd570168',	7,	156),
(2777,	'cd570663',	1,	157),
(2778,	'cd570663',	2,	157),
(2779,	'cd570663',	3,	157),
(2780,	'cd570663',	4,	157),
(2781,	'cd570663',	5,	157),
(2782,	'cd570663',	6,	157),
(2783,	'cd570663',	7,	157),
(2739,	'cd570762',	1,	146),
(2740,	'cd570762',	2,	146),
(2741,	'cd570762',	3,	146),
(2742,	'cd570762',	4,	146),
(2743,	'cd570762',	5,	146),
(2745,	'cd570762',	6,	146),
(2744,	'cd570762',	6,	147),
(2747,	'cd570762',	7,	146),
(2746,	'cd570762',	7,	147),
(2798,	'cd570960',	1,	162),
(2799,	'cd570960',	2,	162),
(2800,	'cd570960',	3,	162),
(2801,	'cd570960',	4,	162),
(2802,	'cd570960',	5,	162),
(2803,	'cd570960',	6,	163),
(2804,	'cd570960',	7,	163),
(2824,	'cd571760',	1,	171),
(2825,	'cd571760',	2,	171),
(2826,	'cd571760',	3,	171),
(2827,	'cd571760',	4,	171),
(2828,	'cd571760',	5,	171),
(2829,	'cd571760',	6,	171),
(2830,	'cd571760',	7,	171),
(2838,	'cd572263',	1,	175),
(2839,	'cd572263',	2,	175),
(2840,	'cd572263',	3,	175),
(2841,	'cd572263',	4,	175),
(2842,	'cd572263',	5,	175),
(2843,	'cd572263',	6,	175),
(2844,	'cd572263',	7,	175),
(2755,	'cd572362',	1,	148),
(2756,	'cd572362',	2,	148),
(2757,	'cd572362',	3,	148),
(2758,	'cd572362',	4,	148),
(2759,	'cd572362',	5,	148),
(2760,	'cd572362',	6,	148),
(2761,	'cd572362',	7,	148),
(2784,	'cd572560',	1,	158),
(2785,	'cd572560',	2,	158),
(2786,	'cd572560',	3,	158),
(2787,	'cd572560',	4,	158),
(2788,	'cd572560',	5,	158),
(2789,	'cd572560',	6,	159),
(2790,	'cd572560',	7,	160),
(2852,	'cd572669',	1,	177),
(2853,	'cd572669',	1,	178),
(2854,	'cd572669',	2,	177),
(2855,	'cd572669',	2,	178),
(2856,	'cd572669',	3,	177),
(2857,	'cd572669',	3,	178),
(2858,	'cd572669',	4,	177),
(2859,	'cd572669',	4,	178),
(2860,	'cd572669',	5,	177),
(2861,	'cd572669',	5,	178),
(2862,	'cd572669',	6,	179),
(2863,	'cd572669',	6,	180),
(2864,	'cd572669',	7,	179),
(2865,	'cd572669',	7,	180),
(2866,	'cd572768',	1,	181),
(2867,	'cd572768',	2,	181),
(2868,	'cd572768',	3,	181),
(2869,	'cd572768',	4,	181),
(2870,	'cd572768',	5,	181),
(2871,	'cd572768',	6,	181),
(2872,	'cd572768',	7,	181),
(2894,	'cd572792',	1,	185),
(2895,	'cd572792',	1,	186),
(2896,	'cd572792',	2,	185),
(2897,	'cd572792',	2,	186),
(2898,	'cd572792',	3,	185),
(2899,	'cd572792',	3,	186),
(2900,	'cd572792',	4,	185),
(2901,	'cd572792',	4,	186),
(2902,	'cd572792',	5,	185),
(2903,	'cd572792',	5,	186),
(2904,	'cd572792',	6,	187),
(2905,	'cd572792',	6,	188),
(2906,	'cd572792',	7,	189),
(2907,	'cd572792',	7,	190),
(2873,	'cd573162',	1,	182),
(2874,	'cd573162',	1,	183),
(2875,	'cd573162',	1,	184),
(2876,	'cd573162',	2,	182),
(2877,	'cd573162',	2,	183),
(2878,	'cd573162',	2,	184),
(2879,	'cd573162',	3,	182),
(2880,	'cd573162',	3,	183),
(2881,	'cd573162',	3,	184),
(2882,	'cd573162',	4,	182),
(2883,	'cd573162',	4,	183),
(2884,	'cd573162',	4,	184),
(2885,	'cd573162',	5,	182),
(2886,	'cd573162',	5,	183),
(2887,	'cd573162',	5,	184),
(2888,	'cd573162',	6,	182),
(2889,	'cd573162',	6,	183),
(2890,	'cd573162',	6,	184),
(2891,	'cd573162',	7,	182),
(2892,	'cd573162',	7,	183),
(2893,	'cd573162',	7,	184),
(2748,	'cd592063',	1,	3),
(2749,	'cd592063',	2,	3),
(2750,	'cd592063',	3,	3),
(2751,	'cd592063',	4,	3),
(2752,	'cd592063',	5,	3),
(2753,	'cd592063',	6,	3),
(2754,	'cd592063',	7,	3),
(2302,	'cd730747',	1,	11),
(2303,	'cd730747',	2,	11),
(2304,	'cd730747',	3,	11),
(2305,	'cd730747',	4,	11),
(2306,	'cd730747',	5,	11),
(2307,	'cd730747',	6,	11),
(2308,	'cd730747',	7,	11),
(3201,	'cd731042',	1,	279),
(3202,	'cd731042',	1,	280),
(3203,	'cd731042',	2,	279),
(3204,	'cd731042',	2,	280),
(3205,	'cd731042',	3,	279),
(3206,	'cd731042',	3,	280),
(3207,	'cd731042',	4,	279),
(3208,	'cd731042',	4,	280),
(3209,	'cd731042',	5,	279),
(3210,	'cd731042',	5,	280),
(3211,	'cd731042',	6,	281),
(3212,	'cd731042',	6,	282),
(3213,	'cd731042',	7,	283),
(3214,	'cd731042',	7,	284),
(2427,	'cd731349',	1,	51),
(2428,	'cd731349',	2,	51),
(2429,	'cd731349',	3,	51),
(2430,	'cd731349',	4,	51),
(2431,	'cd731349',	5,	51),
(2432,	'cd731349',	6,	52),
(2433,	'cd731349',	7,	52),
(2929,	'cd760942',	1,	195),
(2930,	'cd760942',	2,	195),
(2931,	'cd760942',	3,	195),
(2932,	'cd760942',	4,	195),
(2933,	'cd760942',	5,	195),
(2934,	'cd760942',	6,	195),
(2935,	'cd760942',	7,	195),
(2441,	'cd761643',	1,	56),
(2442,	'cd761643',	1,	57),
(2443,	'cd761643',	2,	56),
(2444,	'cd761643',	2,	57),
(2445,	'cd761643',	3,	56),
(2446,	'cd761643',	3,	57),
(2447,	'cd761643',	4,	56),
(2448,	'cd761643',	4,	57),
(2449,	'cd761643',	5,	56),
(2450,	'cd761643',	5,	57),
(2451,	'cd768846',	1,	58),
(2452,	'cd768846',	1,	59),
(2453,	'cd768846',	2,	58),
(2454,	'cd768846',	2,	59),
(2455,	'cd768846',	3,	58),
(2456,	'cd768846',	3,	59),
(2457,	'cd768846',	4,	58),
(2458,	'cd768846',	4,	59),
(2459,	'cd768846',	5,	58),
(2460,	'cd768846',	5,	59),
(2908,	'cd769042',	1,	191),
(2909,	'cd769042',	1,	192),
(2910,	'cd769042',	1,	193),
(2911,	'cd769042',	2,	191),
(2912,	'cd769042',	2,	192),
(2913,	'cd769042',	2,	193),
(2914,	'cd769042',	3,	191),
(2915,	'cd769042',	3,	192),
(2916,	'cd769042',	3,	193),
(2917,	'cd769042',	4,	191),
(2918,	'cd769042',	4,	192),
(2919,	'cd769042',	4,	193),
(2920,	'cd769042',	5,	191),
(2921,	'cd769042',	5,	192),
(2922,	'cd769042',	5,	193),
(2923,	'cd769042',	6,	191),
(2924,	'cd769042',	6,	192),
(2925,	'cd769042',	6,	193),
(2926,	'cd769042',	7,	191),
(2927,	'cd769042',	7,	192),
(2928,	'cd769042',	7,	194),
(2323,	'cd769349',	1,	17),
(2324,	'cd769349',	1,	18),
(2325,	'cd769349',	2,	17),
(2326,	'cd769349',	2,	18),
(2327,	'cd769349',	3,	17),
(2328,	'cd769349',	3,	18),
(2329,	'cd769349',	4,	17),
(2330,	'cd769349',	4,	18),
(2331,	'cd769349',	5,	17),
(2332,	'cd769349',	5,	18),
(1,	'dp1',	1,	1),
(2,	'dp1',	2,	1),
(3,	'dp1',	3,	1),
(4,	'dp1',	4,	1),
(5,	'dp1',	5,	1),
(6,	'dp1',	6,	1),
(7,	'dp1',	7,	1),
(295,	'dp100',	1,	2),
(296,	'dp100',	2,	2),
(297,	'dp100',	3,	2),
(298,	'dp100',	4,	2),
(299,	'dp100',	5,	2),
(300,	'dp100',	6,	2),
(301,	'dp100',	7,	2),
(839,	'dp1001',	1,	2),
(840,	'dp1001',	2,	2),
(841,	'dp1001',	3,	2),
(842,	'dp1001',	4,	2),
(843,	'dp1001',	5,	2),
(844,	'dp1001',	6,	2),
(845,	'dp1001',	7,	2),
(846,	'dp1003',	1,	2),
(847,	'dp1003',	2,	2),
(848,	'dp1003',	3,	2),
(849,	'dp1003',	4,	2),
(850,	'dp1003',	5,	2),
(851,	'dp1003',	6,	2),
(852,	'dp1003',	7,	2),
(853,	'dp1004',	1,	2),
(854,	'dp1004',	2,	2),
(855,	'dp1004',	3,	2),
(856,	'dp1004',	4,	2),
(857,	'dp1004',	5,	2),
(858,	'dp1004',	6,	2),
(859,	'dp1004',	7,	2),
(860,	'dp1005',	1,	6),
(861,	'dp1005',	2,	6),
(862,	'dp1005',	3,	6),
(863,	'dp1005',	4,	6),
(864,	'dp1005',	5,	6),
(865,	'dp1005',	6,	6),
(866,	'dp1005',	7,	6),
(867,	'dp1006',	1,	2),
(868,	'dp1006',	2,	2),
(869,	'dp1006',	3,	2),
(870,	'dp1006',	4,	2),
(871,	'dp1006',	5,	2),
(872,	'dp1006',	6,	2),
(873,	'dp1006',	7,	2),
(874,	'dp1007',	1,	2),
(875,	'dp1007',	2,	2),
(876,	'dp1007',	3,	2),
(877,	'dp1007',	4,	2),
(878,	'dp1007',	5,	2),
(879,	'dp1007',	6,	2),
(880,	'dp1007',	7,	2),
(302,	'dp101',	1,	2),
(303,	'dp101',	2,	2),
(304,	'dp101',	3,	2),
(305,	'dp101',	4,	2),
(306,	'dp101',	5,	2),
(307,	'dp101',	6,	2),
(308,	'dp101',	7,	2),
(309,	'dp102',	1,	2),
(310,	'dp102',	2,	2),
(311,	'dp102',	3,	2),
(312,	'dp102',	4,	2),
(313,	'dp102',	5,	2),
(314,	'dp102',	6,	2),
(315,	'dp102',	7,	2),
(881,	'dp1021',	1,	2),
(882,	'dp1021',	2,	2),
(883,	'dp1021',	3,	2),
(884,	'dp1021',	4,	2),
(885,	'dp1021',	5,	2),
(886,	'dp1021',	6,	2),
(887,	'dp1021',	7,	2),
(888,	'dp1033',	1,	2),
(889,	'dp1033',	2,	2),
(890,	'dp1033',	3,	2),
(891,	'dp1033',	4,	2),
(892,	'dp1033',	5,	2),
(893,	'dp1033',	6,	2),
(894,	'dp1033',	7,	2),
(895,	'dp1034',	1,	2),
(896,	'dp1034',	2,	2),
(897,	'dp1034',	3,	2),
(898,	'dp1034',	4,	2),
(899,	'dp1034',	5,	2),
(900,	'dp1034',	6,	2),
(901,	'dp1034',	7,	2),
(316,	'dp104',	1,	2),
(317,	'dp104',	2,	2),
(318,	'dp104',	3,	2),
(319,	'dp104',	4,	2),
(320,	'dp104',	5,	2),
(321,	'dp104',	6,	2),
(322,	'dp104',	7,	2),
(902,	'dp1046',	1,	2),
(903,	'dp1046',	2,	2),
(904,	'dp1046',	3,	2),
(905,	'dp1046',	4,	2),
(906,	'dp1046',	5,	2),
(907,	'dp1046',	6,	2),
(908,	'dp1046',	7,	2),
(909,	'dp1048',	1,	2),
(910,	'dp1048',	2,	2),
(911,	'dp1048',	3,	2),
(912,	'dp1048',	4,	2),
(913,	'dp1048',	5,	2),
(914,	'dp1048',	6,	2),
(915,	'dp1048',	7,	2),
(916,	'dp1049',	1,	2),
(917,	'dp1049',	2,	2),
(918,	'dp1049',	3,	2),
(919,	'dp1049',	4,	2),
(920,	'dp1049',	5,	2),
(921,	'dp1049',	6,	2),
(922,	'dp1049',	7,	2),
(923,	'dp1056',	1,	2),
(924,	'dp1056',	2,	2),
(925,	'dp1056',	3,	2),
(926,	'dp1056',	4,	2),
(927,	'dp1056',	5,	2),
(928,	'dp1056',	6,	2),
(929,	'dp1056',	7,	2),
(930,	'dp1057',	1,	2),
(931,	'dp1057',	2,	2),
(932,	'dp1057',	3,	2),
(933,	'dp1057',	4,	2),
(934,	'dp1057',	5,	2),
(935,	'dp1057',	6,	2),
(936,	'dp1057',	7,	2),
(937,	'dp1064',	1,	2),
(938,	'dp1064',	2,	2),
(939,	'dp1064',	3,	2),
(940,	'dp1064',	4,	2),
(941,	'dp1064',	5,	2),
(942,	'dp1064',	6,	2),
(943,	'dp1064',	7,	2),
(944,	'dp1065',	1,	2),
(945,	'dp1065',	2,	2),
(946,	'dp1065',	3,	2),
(947,	'dp1065',	4,	2),
(948,	'dp1065',	5,	2),
(949,	'dp1065',	6,	2),
(950,	'dp1065',	7,	2),
(951,	'dp1078',	1,	2),
(952,	'dp1078',	2,	2),
(953,	'dp1078',	3,	2),
(954,	'dp1078',	4,	2),
(955,	'dp1078',	5,	2),
(956,	'dp1078',	6,	2),
(957,	'dp1078',	7,	2),
(958,	'dp1087',	1,	2),
(959,	'dp1087',	2,	2),
(960,	'dp1087',	3,	2),
(961,	'dp1087',	4,	2),
(962,	'dp1087',	5,	2),
(963,	'dp1087',	6,	2),
(964,	'dp1087',	7,	2),
(965,	'dp1089',	1,	2),
(966,	'dp1089',	2,	2),
(967,	'dp1089',	3,	2),
(968,	'dp1089',	4,	2),
(969,	'dp1089',	5,	2),
(970,	'dp1089',	6,	2),
(971,	'dp1089',	7,	2),
(972,	'dp1090',	1,	2),
(973,	'dp1090',	2,	2),
(974,	'dp1090',	3,	2),
(975,	'dp1090',	4,	2),
(976,	'dp1090',	5,	2),
(977,	'dp1090',	6,	2),
(978,	'dp1090',	7,	2),
(979,	'dp1092',	1,	2),
(980,	'dp1092',	2,	2),
(981,	'dp1092',	3,	2),
(982,	'dp1092',	4,	2),
(983,	'dp1092',	5,	2),
(984,	'dp1092',	6,	2),
(985,	'dp1092',	7,	2),
(57,	'dp11',	1,	2),
(58,	'dp11',	2,	2),
(59,	'dp11',	3,	2),
(60,	'dp11',	4,	2),
(61,	'dp11',	5,	2),
(62,	'dp11',	6,	2),
(63,	'dp11',	7,	2),
(323,	'dp110',	1,	2),
(324,	'dp110',	2,	2),
(325,	'dp110',	3,	2),
(326,	'dp110',	4,	2),
(327,	'dp110',	5,	2),
(328,	'dp110',	6,	2),
(329,	'dp110',	7,	2),
(986,	'dp1105',	1,	2),
(987,	'dp1105',	2,	2),
(988,	'dp1105',	3,	2),
(989,	'dp1105',	4,	2),
(990,	'dp1105',	5,	2),
(991,	'dp1105',	6,	2),
(992,	'dp1105',	7,	2),
(22,	'dp1107',	1,	2),
(23,	'dp1107',	2,	2),
(24,	'dp1107',	3,	2),
(25,	'dp1107',	4,	2),
(26,	'dp1107',	5,	2),
(27,	'dp1107',	6,	2),
(28,	'dp1107',	7,	2),
(993,	'dp1108',	1,	2),
(994,	'dp1108',	2,	2),
(995,	'dp1108',	3,	2),
(996,	'dp1108',	4,	2),
(997,	'dp1108',	5,	2),
(998,	'dp1108',	6,	2),
(999,	'dp1108',	7,	2),
(1000,	'dp1109',	1,	2),
(1001,	'dp1109',	2,	2),
(1002,	'dp1109',	3,	2),
(1003,	'dp1109',	4,	2),
(1004,	'dp1109',	5,	2),
(1005,	'dp1109',	6,	2),
(1006,	'dp1109',	7,	2),
(1007,	'dp1115',	1,	2),
(1008,	'dp1115',	2,	2),
(1009,	'dp1115',	3,	2),
(1010,	'dp1115',	4,	2),
(1011,	'dp1115',	5,	2),
(1012,	'dp1115',	6,	2),
(1013,	'dp1115',	7,	2),
(1014,	'dp1117',	1,	2),
(1015,	'dp1117',	2,	2),
(1016,	'dp1117',	3,	2),
(1017,	'dp1117',	4,	2),
(1018,	'dp1117',	5,	2),
(1019,	'dp1117',	6,	2),
(1020,	'dp1117',	7,	2),
(1021,	'dp1120',	1,	2),
(1022,	'dp1120',	2,	2),
(1023,	'dp1120',	3,	2),
(1024,	'dp1120',	4,	2),
(1025,	'dp1120',	5,	2),
(1026,	'dp1120',	6,	2),
(1027,	'dp1120',	7,	2),
(1028,	'dp1126',	1,	2),
(1029,	'dp1126',	2,	2),
(1030,	'dp1126',	3,	2),
(1031,	'dp1126',	4,	2),
(1032,	'dp1126',	5,	2),
(1033,	'dp1126',	6,	2),
(1034,	'dp1126',	7,	2),
(1035,	'dp1130',	1,	2),
(1036,	'dp1130',	2,	2),
(1037,	'dp1130',	3,	2),
(1038,	'dp1130',	4,	2),
(1039,	'dp1130',	5,	2),
(1040,	'dp1130',	6,	2),
(1041,	'dp1130',	7,	2),
(1042,	'dp1137',	1,	2),
(1043,	'dp1137',	2,	2),
(1044,	'dp1137',	3,	2),
(1045,	'dp1137',	4,	2),
(1046,	'dp1137',	5,	2),
(1047,	'dp1137',	6,	2),
(1048,	'dp1137',	7,	2),
(1049,	'dp1145',	1,	2),
(1050,	'dp1145',	2,	2),
(1051,	'dp1145',	3,	2),
(1052,	'dp1145',	4,	2),
(1053,	'dp1145',	5,	2),
(1054,	'dp1145',	6,	2),
(1055,	'dp1145',	7,	2),
(1056,	'dp1146',	1,	2),
(1057,	'dp1146',	2,	2),
(1058,	'dp1146',	3,	2),
(1059,	'dp1146',	4,	2),
(1060,	'dp1146',	5,	2),
(1061,	'dp1146',	6,	2),
(1062,	'dp1146',	7,	2),
(1063,	'dp1147',	1,	2),
(1064,	'dp1147',	2,	2),
(1065,	'dp1147',	3,	2),
(1066,	'dp1147',	4,	2),
(1067,	'dp1147',	5,	2),
(1068,	'dp1147',	6,	2),
(1069,	'dp1147',	7,	2),
(1070,	'dp1148',	1,	2),
(1071,	'dp1148',	2,	2),
(1072,	'dp1148',	3,	2),
(1073,	'dp1148',	4,	2),
(1074,	'dp1148',	5,	2),
(1075,	'dp1148',	6,	2),
(1076,	'dp1148',	7,	2),
(1077,	'dp1149',	1,	2),
(1078,	'dp1149',	2,	2),
(1079,	'dp1149',	3,	2),
(1080,	'dp1149',	4,	2),
(1081,	'dp1149',	5,	2),
(1082,	'dp1149',	6,	2),
(1083,	'dp1149',	7,	2),
(1084,	'dp1155',	1,	2),
(1085,	'dp1155',	2,	2),
(1086,	'dp1155',	3,	2),
(1087,	'dp1155',	4,	2),
(1088,	'dp1155',	5,	2),
(1089,	'dp1155',	6,	2),
(1090,	'dp1155',	7,	2),
(1091,	'dp1156',	1,	2),
(1092,	'dp1156',	2,	2),
(1093,	'dp1156',	3,	2),
(1094,	'dp1156',	4,	2),
(1095,	'dp1156',	5,	2),
(1096,	'dp1156',	6,	2),
(1097,	'dp1156',	7,	2),
(1098,	'dp1157',	1,	2),
(1099,	'dp1157',	2,	2),
(1100,	'dp1157',	3,	2),
(1101,	'dp1157',	4,	2),
(1102,	'dp1157',	5,	2),
(1103,	'dp1157',	6,	2),
(1104,	'dp1157',	7,	2),
(330,	'dp116',	1,	2),
(331,	'dp116',	2,	2),
(332,	'dp116',	3,	2),
(333,	'dp116',	4,	2),
(334,	'dp116',	5,	2),
(335,	'dp116',	6,	2),
(336,	'dp116',	7,	2),
(1105,	'dp1167',	1,	2),
(1106,	'dp1167',	2,	2),
(1107,	'dp1167',	3,	2),
(1108,	'dp1167',	4,	2),
(1109,	'dp1167',	5,	2),
(1110,	'dp1167',	6,	2),
(1111,	'dp1167',	7,	2),
(1112,	'dp1169',	1,	2),
(1113,	'dp1169',	2,	2),
(1114,	'dp1169',	3,	2),
(1115,	'dp1169',	4,	2),
(1116,	'dp1169',	5,	2),
(1117,	'dp1169',	6,	2),
(1118,	'dp1169',	7,	2),
(1119,	'dp1170',	1,	2),
(1120,	'dp1170',	2,	2),
(1121,	'dp1170',	3,	2),
(1122,	'dp1170',	4,	2),
(1123,	'dp1170',	5,	2),
(1124,	'dp1170',	6,	2),
(1125,	'dp1170',	7,	2),
(1126,	'dp1176',	1,	2),
(1127,	'dp1176',	2,	2),
(1128,	'dp1176',	3,	2),
(1129,	'dp1176',	4,	2),
(1130,	'dp1176',	5,	2),
(1131,	'dp1176',	6,	2),
(1132,	'dp1176',	7,	2),
(1133,	'dp1177',	1,	2),
(1134,	'dp1177',	2,	2),
(1135,	'dp1177',	3,	2),
(1136,	'dp1177',	4,	2),
(1137,	'dp1177',	5,	2),
(1138,	'dp1177',	6,	2),
(1139,	'dp1177',	7,	2),
(1140,	'dp1179',	1,	2),
(1141,	'dp1179',	2,	2),
(1142,	'dp1179',	3,	2),
(1143,	'dp1179',	4,	2),
(1144,	'dp1179',	5,	2),
(1145,	'dp1179',	6,	2),
(1146,	'dp1179',	7,	2),
(337,	'dp118',	1,	2),
(338,	'dp118',	2,	2),
(339,	'dp118',	3,	2),
(340,	'dp118',	4,	2),
(341,	'dp118',	5,	2),
(342,	'dp118',	6,	2),
(343,	'dp118',	7,	2),
(1147,	'dp1188',	1,	2),
(1148,	'dp1188',	2,	2),
(1149,	'dp1188',	3,	2),
(1150,	'dp1188',	4,	2),
(1151,	'dp1188',	5,	2),
(1152,	'dp1188',	6,	2),
(1153,	'dp1188',	7,	2),
(344,	'dp119',	1,	2),
(345,	'dp119',	2,	2),
(346,	'dp119',	3,	2),
(347,	'dp119',	4,	2),
(348,	'dp119',	5,	2),
(349,	'dp119',	6,	2),
(350,	'dp119',	7,	2),
(1154,	'dp1195',	1,	2),
(1155,	'dp1195',	2,	2),
(1156,	'dp1195',	3,	2),
(1157,	'dp1195',	4,	2),
(1158,	'dp1195',	5,	2),
(1159,	'dp1195',	6,	2),
(1160,	'dp1195',	7,	2),
(1161,	'dp1197',	1,	2),
(1162,	'dp1197',	2,	2),
(1163,	'dp1197',	3,	2),
(1164,	'dp1197',	4,	2),
(1165,	'dp1197',	5,	2),
(1166,	'dp1197',	6,	2),
(1167,	'dp1197',	7,	2),
(1168,	'dp1198',	1,	2),
(1169,	'dp1198',	2,	2),
(1170,	'dp1198',	3,	2),
(1171,	'dp1198',	4,	2),
(1172,	'dp1198',	5,	2),
(1173,	'dp1198',	6,	2),
(1174,	'dp1198',	7,	2),
(1175,	'dp1206',	1,	2),
(1176,	'dp1206',	2,	2),
(1177,	'dp1206',	3,	2),
(1178,	'dp1206',	4,	2),
(1179,	'dp1206',	5,	2),
(1180,	'dp1206',	6,	2),
(1181,	'dp1206',	7,	2),
(1182,	'dp1207',	1,	2),
(1183,	'dp1207',	2,	2),
(1184,	'dp1207',	3,	2),
(1185,	'dp1207',	4,	2),
(1186,	'dp1207',	5,	2),
(1187,	'dp1207',	6,	2),
(1188,	'dp1207',	7,	2),
(1189,	'dp1208',	1,	2),
(1190,	'dp1208',	2,	2),
(1191,	'dp1208',	3,	2),
(1192,	'dp1208',	4,	2),
(1193,	'dp1208',	5,	2),
(1194,	'dp1208',	6,	2),
(1195,	'dp1208',	7,	2),
(1196,	'dp1209',	1,	2),
(1197,	'dp1209',	2,	2),
(1198,	'dp1209',	3,	2),
(1199,	'dp1209',	4,	2),
(1200,	'dp1209',	5,	2),
(1201,	'dp1209',	6,	2),
(1202,	'dp1209',	7,	2),
(1203,	'dp1210',	1,	2),
(1204,	'dp1210',	2,	2),
(1205,	'dp1210',	3,	2),
(1206,	'dp1210',	4,	2),
(1207,	'dp1210',	5,	2),
(1208,	'dp1210',	6,	2),
(1209,	'dp1210',	7,	2),
(1210,	'dp1216',	1,	2),
(1211,	'dp1216',	2,	2),
(1212,	'dp1216',	3,	2),
(1213,	'dp1216',	4,	2),
(1214,	'dp1216',	5,	2),
(1215,	'dp1216',	6,	2),
(1216,	'dp1216',	7,	2),
(1217,	'dp1217',	1,	2),
(1218,	'dp1217',	2,	2),
(1219,	'dp1217',	3,	2),
(1220,	'dp1217',	4,	2),
(1221,	'dp1217',	5,	2),
(1222,	'dp1217',	6,	2),
(1223,	'dp1217',	7,	2),
(1224,	'dp1218',	1,	2),
(1225,	'dp1218',	2,	2),
(1226,	'dp1218',	3,	2),
(1227,	'dp1218',	4,	2),
(1228,	'dp1218',	5,	2),
(1229,	'dp1218',	6,	2),
(1230,	'dp1218',	7,	2),
(1231,	'dp1219',	1,	2),
(1232,	'dp1219',	2,	2),
(1233,	'dp1219',	3,	2),
(1234,	'dp1219',	4,	2),
(1235,	'dp1219',	5,	2),
(1236,	'dp1219',	6,	2),
(1237,	'dp1219',	7,	2),
(1238,	'dp1229',	1,	2),
(1239,	'dp1229',	2,	2),
(1240,	'dp1229',	3,	2),
(1241,	'dp1229',	4,	2),
(1242,	'dp1229',	5,	2),
(1243,	'dp1229',	6,	2),
(1244,	'dp1229',	7,	2),
(1245,	'dp1230',	1,	2),
(1246,	'dp1230',	2,	2),
(1247,	'dp1230',	3,	2),
(1248,	'dp1230',	4,	2),
(1249,	'dp1230',	5,	2),
(1250,	'dp1230',	6,	2),
(1251,	'dp1230',	7,	2),
(351,	'dp125',	1,	2),
(352,	'dp125',	2,	2),
(353,	'dp125',	3,	2),
(354,	'dp125',	4,	2),
(355,	'dp125',	5,	2),
(356,	'dp125',	6,	2),
(357,	'dp125',	7,	2),
(358,	'dp127',	1,	2),
(359,	'dp127',	2,	2),
(360,	'dp127',	3,	2),
(361,	'dp127',	4,	2),
(362,	'dp127',	5,	2),
(363,	'dp127',	6,	2),
(364,	'dp127',	7,	2),
(365,	'dp128',	1,	2),
(366,	'dp128',	2,	2),
(367,	'dp128',	3,	2),
(368,	'dp128',	4,	2),
(369,	'dp128',	5,	2),
(370,	'dp128',	6,	2),
(371,	'dp128',	7,	2),
(372,	'dp129',	1,	2),
(373,	'dp129',	2,	2),
(374,	'dp129',	3,	2),
(375,	'dp129',	4,	2),
(376,	'dp129',	5,	2),
(377,	'dp129',	6,	2),
(378,	'dp129',	7,	2),
(1252,	'dp1291',	1,	2),
(1253,	'dp1291',	2,	2),
(1254,	'dp1291',	3,	2),
(1255,	'dp1291',	4,	2),
(1256,	'dp1291',	5,	2),
(1257,	'dp1291',	6,	2),
(1258,	'dp1291',	7,	2),
(1259,	'dp1292',	1,	2),
(1260,	'dp1292',	2,	2),
(1261,	'dp1292',	3,	2),
(1262,	'dp1292',	4,	2),
(1263,	'dp1292',	5,	2),
(1264,	'dp1292',	6,	2),
(1265,	'dp1292',	7,	2),
(1266,	'dp1293',	1,	2),
(1267,	'dp1293',	2,	2),
(1268,	'dp1293',	3,	2),
(1269,	'dp1293',	4,	2),
(1270,	'dp1293',	5,	2),
(1271,	'dp1293',	6,	2),
(1272,	'dp1293',	7,	2),
(1273,	'dp1295',	1,	2),
(1274,	'dp1295',	2,	2),
(1275,	'dp1295',	3,	2),
(1276,	'dp1295',	4,	2),
(1277,	'dp1295',	5,	2),
(1278,	'dp1295',	6,	2),
(1279,	'dp1295',	7,	2),
(1280,	'dp1296',	1,	2),
(1281,	'dp1296',	2,	2),
(1282,	'dp1296',	3,	2),
(1283,	'dp1296',	4,	2),
(1284,	'dp1296',	5,	2),
(1285,	'dp1296',	6,	2),
(1286,	'dp1296',	7,	2),
(1287,	'dp1297',	1,	2),
(1288,	'dp1297',	2,	2),
(1289,	'dp1297',	3,	2),
(1290,	'dp1297',	4,	2),
(1291,	'dp1297',	5,	2),
(1292,	'dp1297',	6,	2),
(1293,	'dp1297',	7,	2),
(1294,	'dp1298',	1,	2),
(1295,	'dp1298',	2,	2),
(1296,	'dp1298',	3,	2),
(1297,	'dp1298',	4,	2),
(1298,	'dp1298',	5,	2),
(1299,	'dp1298',	6,	2),
(1300,	'dp1298',	7,	2),
(8,	'dp1335',	1,	1),
(9,	'dp1335',	2,	1),
(10,	'dp1335',	3,	1),
(11,	'dp1335',	4,	1),
(12,	'dp1335',	5,	1),
(13,	'dp1335',	6,	1),
(14,	'dp1335',	7,	1),
(1301,	'dp1336',	1,	2),
(1302,	'dp1336',	2,	2),
(1303,	'dp1336',	3,	2),
(1304,	'dp1336',	4,	2),
(1305,	'dp1336',	5,	2),
(1306,	'dp1336',	6,	2),
(1307,	'dp1336',	7,	2),
(15,	'dp1337',	1,	1),
(16,	'dp1337',	2,	1),
(17,	'dp1337',	3,	1),
(18,	'dp1337',	4,	1),
(19,	'dp1337',	5,	1),
(20,	'dp1337',	6,	1),
(21,	'dp1337',	7,	1),
(1308,	'dp1343',	1,	2),
(1309,	'dp1343',	2,	2),
(1310,	'dp1343',	3,	2),
(1311,	'dp1343',	4,	2),
(1312,	'dp1343',	5,	2),
(1313,	'dp1343',	6,	2),
(1314,	'dp1343',	7,	2),
(1315,	'dp1344',	1,	2),
(1316,	'dp1344',	2,	2),
(1317,	'dp1344',	3,	2),
(1318,	'dp1344',	4,	2),
(1319,	'dp1344',	5,	2),
(1320,	'dp1344',	6,	2),
(1321,	'dp1344',	7,	2),
(1322,	'dp1345',	1,	2),
(1323,	'dp1345',	2,	2),
(1324,	'dp1345',	3,	2),
(1325,	'dp1345',	4,	2),
(1326,	'dp1345',	5,	2),
(1327,	'dp1345',	6,	2),
(1328,	'dp1345',	7,	2),
(1329,	'dp1346',	1,	2),
(1330,	'dp1346',	2,	2),
(1331,	'dp1346',	3,	2),
(1332,	'dp1346',	4,	2),
(1333,	'dp1346',	5,	2),
(1334,	'dp1346',	6,	2),
(1335,	'dp1346',	7,	2),
(1336,	'dp1347',	1,	2),
(1337,	'dp1347',	2,	2),
(1338,	'dp1347',	3,	2),
(1339,	'dp1347',	4,	2),
(1340,	'dp1347',	5,	2),
(1341,	'dp1347',	6,	2),
(1342,	'dp1347',	7,	2),
(1343,	'dp1348',	1,	2),
(1344,	'dp1348',	2,	2),
(1345,	'dp1348',	3,	2),
(1346,	'dp1348',	4,	2),
(1347,	'dp1348',	5,	2),
(1348,	'dp1348',	6,	2),
(1349,	'dp1348',	7,	2),
(1350,	'dp1354',	1,	2),
(1351,	'dp1354',	2,	2),
(1352,	'dp1354',	3,	2),
(1353,	'dp1354',	4,	2),
(1354,	'dp1354',	5,	2),
(1355,	'dp1354',	6,	2),
(1356,	'dp1354',	7,	2),
(1357,	'dp1355',	1,	2),
(1358,	'dp1355',	2,	2),
(1359,	'dp1355',	3,	2),
(1360,	'dp1355',	4,	2),
(1361,	'dp1355',	5,	2),
(1362,	'dp1355',	6,	2),
(1363,	'dp1355',	7,	2),
(1364,	'dp1356',	1,	2),
(1365,	'dp1356',	2,	2),
(1366,	'dp1356',	3,	2),
(1367,	'dp1356',	4,	2),
(1368,	'dp1356',	5,	2),
(1369,	'dp1356',	6,	2),
(1370,	'dp1356',	7,	2),
(1371,	'dp1357',	1,	2),
(1372,	'dp1357',	2,	2),
(1373,	'dp1357',	3,	2),
(1374,	'dp1357',	4,	2),
(1375,	'dp1357',	5,	2),
(1376,	'dp1357',	6,	2),
(1377,	'dp1357',	7,	2),
(1378,	'dp1358',	1,	2),
(1379,	'dp1358',	2,	2),
(1380,	'dp1358',	3,	2),
(1381,	'dp1358',	4,	2),
(1382,	'dp1358',	5,	2),
(1383,	'dp1358',	6,	2),
(1384,	'dp1358',	7,	2),
(1385,	'dp1359',	1,	2),
(1386,	'dp1359',	2,	2),
(1387,	'dp1359',	3,	2),
(1388,	'dp1359',	4,	2),
(1389,	'dp1359',	5,	2),
(1390,	'dp1359',	6,	2),
(1391,	'dp1359',	7,	2),
(1392,	'dp1366',	1,	2),
(1393,	'dp1366',	2,	2),
(1394,	'dp1366',	3,	2),
(1395,	'dp1366',	4,	2),
(1396,	'dp1366',	5,	2),
(1397,	'dp1366',	6,	2),
(1398,	'dp1366',	7,	2),
(1399,	'dp1367',	1,	2),
(1400,	'dp1367',	2,	2),
(1401,	'dp1367',	3,	2),
(1402,	'dp1367',	4,	2),
(1403,	'dp1367',	5,	2),
(1404,	'dp1367',	6,	2),
(1405,	'dp1367',	7,	2),
(1406,	'dp1369',	1,	2),
(1407,	'dp1369',	2,	2),
(1408,	'dp1369',	3,	2),
(1409,	'dp1369',	4,	2),
(1410,	'dp1369',	5,	2),
(1411,	'dp1369',	6,	2),
(1412,	'dp1369',	7,	2),
(379,	'dp138',	1,	2),
(380,	'dp138',	2,	2),
(381,	'dp138',	3,	2),
(382,	'dp138',	4,	2),
(383,	'dp138',	5,	2),
(384,	'dp138',	6,	2),
(385,	'dp138',	7,	2),
(386,	'dp139',	1,	2),
(387,	'dp139',	2,	2),
(388,	'dp139',	3,	2),
(389,	'dp139',	4,	2),
(390,	'dp139',	5,	2),
(391,	'dp139',	6,	2),
(392,	'dp139',	7,	2),
(1413,	'dp1404',	1,	2),
(1414,	'dp1404',	2,	2),
(1415,	'dp1404',	3,	2),
(1416,	'dp1404',	4,	2),
(1417,	'dp1404',	5,	2),
(1418,	'dp1404',	6,	2),
(1419,	'dp1404',	7,	2),
(1420,	'dp1407',	1,	2),
(1421,	'dp1407',	2,	2),
(1422,	'dp1407',	3,	2),
(1423,	'dp1407',	4,	2),
(1424,	'dp1407',	5,	2),
(1425,	'dp1407',	6,	2),
(1426,	'dp1407',	7,	2),
(1427,	'dp1408',	1,	2),
(1428,	'dp1408',	2,	2),
(1429,	'dp1408',	3,	2),
(1430,	'dp1408',	4,	2),
(1431,	'dp1408',	5,	2),
(1432,	'dp1408',	6,	2),
(1433,	'dp1408',	7,	2),
(1434,	'dp1409',	1,	2),
(1435,	'dp1409',	2,	2),
(1436,	'dp1409',	3,	2),
(1437,	'dp1409',	4,	2),
(1438,	'dp1409',	5,	2),
(1439,	'dp1409',	6,	2),
(1440,	'dp1409',	7,	2),
(1441,	'dp1410',	1,	2),
(1442,	'dp1410',	2,	2),
(1443,	'dp1410',	3,	2),
(1444,	'dp1410',	4,	2),
(1445,	'dp1410',	5,	2),
(1446,	'dp1410',	6,	2),
(1447,	'dp1410',	7,	2),
(1448,	'dp1434',	1,	2),
(1449,	'dp1434',	2,	2),
(1450,	'dp1434',	3,	2),
(1451,	'dp1434',	4,	2),
(1452,	'dp1434',	5,	2),
(1453,	'dp1434',	6,	2),
(1454,	'dp1434',	7,	2),
(1455,	'dp1445',	1,	2),
(1456,	'dp1445',	2,	2),
(1457,	'dp1445',	3,	2),
(1458,	'dp1445',	4,	2),
(1459,	'dp1445',	5,	2),
(1460,	'dp1445',	6,	2),
(1461,	'dp1445',	7,	2),
(1462,	'dp1453',	1,	2),
(1463,	'dp1453',	2,	2),
(1464,	'dp1453',	3,	2),
(1465,	'dp1453',	4,	2),
(1466,	'dp1453',	5,	2),
(1467,	'dp1453',	6,	2),
(1468,	'dp1453',	7,	2),
(1469,	'dp1464',	1,	2),
(1470,	'dp1464',	2,	2),
(1471,	'dp1464',	3,	2),
(1472,	'dp1464',	4,	2),
(1473,	'dp1464',	5,	2),
(1474,	'dp1464',	6,	2),
(1475,	'dp1464',	7,	2),
(64,	'dp15',	1,	2),
(65,	'dp15',	2,	2),
(66,	'dp15',	3,	2),
(67,	'dp15',	4,	2),
(68,	'dp15',	5,	2),
(69,	'dp15',	6,	2),
(70,	'dp15',	7,	2),
(393,	'dp150',	1,	2),
(394,	'dp150',	2,	2),
(395,	'dp150',	3,	2),
(396,	'dp150',	4,	2),
(397,	'dp150',	5,	2),
(398,	'dp150',	6,	2),
(399,	'dp150',	7,	2),
(1476,	'dp1504',	1,	2),
(1477,	'dp1504',	2,	2),
(1478,	'dp1504',	3,	2),
(1479,	'dp1504',	4,	2),
(1480,	'dp1504',	5,	2),
(1481,	'dp1504',	6,	2),
(1482,	'dp1504',	7,	2),
(400,	'dp159',	1,	2),
(401,	'dp159',	2,	2),
(402,	'dp159',	3,	2),
(403,	'dp159',	4,	2),
(404,	'dp159',	5,	2),
(405,	'dp159',	6,	2),
(406,	'dp159',	7,	2),
(1693,	'dp160',	1,	6),
(1694,	'dp160',	2,	6),
(1695,	'dp160',	3,	6),
(1696,	'dp160',	4,	6),
(1697,	'dp160',	5,	6),
(1698,	'dp160',	6,	6),
(1699,	'dp160',	7,	6),
(407,	'dp166',	1,	2),
(408,	'dp166',	2,	2),
(409,	'dp166',	3,	2),
(410,	'dp166',	4,	2),
(411,	'dp166',	5,	2),
(412,	'dp166',	6,	2),
(413,	'dp166',	7,	2),
(1483,	'dp1839',	1,	2),
(1484,	'dp1839',	2,	2),
(1485,	'dp1839',	3,	2),
(1486,	'dp1839',	4,	2),
(1487,	'dp1839',	5,	2),
(1488,	'dp1839',	6,	2),
(1489,	'dp1839',	7,	2),
(414,	'dp189',	1,	2),
(415,	'dp189',	2,	2),
(416,	'dp189',	3,	2),
(417,	'dp189',	4,	2),
(418,	'dp189',	5,	2),
(419,	'dp189',	6,	2),
(420,	'dp189',	7,	2),
(421,	'dp196',	1,	2),
(422,	'dp196',	2,	2),
(423,	'dp196',	3,	2),
(424,	'dp196',	4,	2),
(425,	'dp196',	5,	2),
(426,	'dp196',	6,	2),
(427,	'dp196',	7,	2),
(428,	'dp198',	1,	2),
(429,	'dp198',	2,	2),
(430,	'dp198',	3,	2),
(431,	'dp198',	4,	2),
(432,	'dp198',	5,	2),
(433,	'dp198',	6,	2),
(434,	'dp198',	7,	2),
(435,	'dp199',	1,	2),
(436,	'dp199',	2,	2),
(437,	'dp199',	3,	2),
(438,	'dp199',	4,	2),
(439,	'dp199',	5,	2),
(440,	'dp199',	6,	2),
(441,	'dp199',	7,	2),
(1490,	'dp2011',	1,	2),
(1491,	'dp2011',	2,	2),
(1492,	'dp2011',	3,	2),
(1493,	'dp2011',	4,	2),
(1494,	'dp2011',	5,	2),
(1495,	'dp2011',	6,	2),
(1496,	'dp2011',	7,	2),
(1497,	'dp2013',	1,	2),
(1498,	'dp2013',	2,	2),
(1499,	'dp2013',	3,	2),
(1500,	'dp2013',	4,	2),
(1501,	'dp2013',	5,	2),
(1502,	'dp2013',	6,	2),
(1503,	'dp2013',	7,	2),
(1504,	'dp2017',	1,	2),
(1505,	'dp2017',	2,	2),
(1506,	'dp2017',	3,	2),
(1507,	'dp2017',	4,	2),
(1508,	'dp2017',	5,	2),
(1509,	'dp2017',	6,	2),
(1510,	'dp2017',	7,	2),
(1511,	'dp2019',	1,	2),
(1512,	'dp2019',	2,	2),
(1513,	'dp2019',	3,	2),
(1514,	'dp2019',	4,	2),
(1515,	'dp2019',	5,	2),
(1516,	'dp2019',	6,	2),
(1517,	'dp2019',	7,	2),
(1518,	'dp2020',	1,	2),
(1519,	'dp2020',	2,	2),
(1520,	'dp2020',	3,	2),
(1521,	'dp2020',	4,	2),
(1522,	'dp2020',	5,	2),
(1523,	'dp2020',	6,	2),
(1524,	'dp2020',	7,	2),
(1840,	'dp2049',	1,	6),
(1841,	'dp2049',	2,	6),
(1842,	'dp2049',	3,	6),
(1843,	'dp2049',	4,	6),
(1844,	'dp2049',	5,	6),
(1845,	'dp2049',	6,	6),
(1846,	'dp2049',	7,	6),
(1602,	'dp2111',	1,	6),
(1603,	'dp2111',	2,	6),
(1604,	'dp2111',	3,	6),
(1605,	'dp2111',	4,	6),
(1606,	'dp2111',	5,	6),
(1607,	'dp2111',	6,	6),
(1608,	'dp2111',	7,	6),
(1609,	'dp2121',	1,	6),
(1610,	'dp2121',	2,	6),
(1611,	'dp2121',	3,	6),
(1612,	'dp2121',	4,	6),
(1613,	'dp2121',	5,	6),
(1614,	'dp2121',	6,	6),
(1615,	'dp2121',	7,	6),
(1616,	'dp2131',	1,	6),
(1617,	'dp2131',	2,	6),
(1618,	'dp2131',	3,	6),
(1619,	'dp2131',	4,	6),
(1620,	'dp2131',	5,	6),
(1621,	'dp2131',	6,	6),
(1622,	'dp2131',	7,	6),
(1623,	'dp2140',	1,	6),
(1624,	'dp2140',	2,	6),
(1625,	'dp2140',	3,	6),
(1626,	'dp2140',	4,	6),
(1627,	'dp2140',	5,	6),
(1628,	'dp2140',	6,	6),
(1629,	'dp2140',	7,	6),
(1651,	'dp2150',	1,	6),
(1652,	'dp2150',	2,	6),
(1653,	'dp2150',	3,	6),
(1654,	'dp2150',	4,	6),
(1655,	'dp2150',	5,	6),
(1656,	'dp2150',	6,	6),
(1657,	'dp2150',	7,	6),
(1630,	'dp2151',	1,	6),
(1631,	'dp2151',	2,	6),
(1632,	'dp2151',	3,	6),
(1633,	'dp2151',	4,	6),
(1634,	'dp2151',	5,	6),
(1635,	'dp2151',	6,	6),
(1636,	'dp2151',	7,	6),
(1637,	'dp2161',	1,	6),
(1638,	'dp2161',	2,	6),
(1639,	'dp2161',	3,	6),
(1640,	'dp2161',	4,	6),
(1641,	'dp2161',	5,	6),
(1642,	'dp2161',	6,	6),
(1643,	'dp2161',	7,	6),
(1644,	'dp2163',	1,	6),
(1645,	'dp2163',	2,	6),
(1646,	'dp2163',	3,	6),
(1647,	'dp2163',	4,	6),
(1648,	'dp2163',	5,	6),
(1649,	'dp2163',	6,	6),
(1650,	'dp2163',	7,	6),
(1658,	'dp2171',	1,	6),
(1659,	'dp2171',	2,	6),
(1660,	'dp2171',	3,	6),
(1661,	'dp2171',	4,	6),
(1662,	'dp2171',	5,	6),
(1663,	'dp2171',	6,	6),
(1664,	'dp2171',	7,	6),
(1665,	'dp2175',	1,	2),
(1666,	'dp2175',	2,	2),
(1667,	'dp2175',	3,	2),
(1668,	'dp2175',	4,	2),
(1669,	'dp2175',	5,	2),
(1670,	'dp2175',	6,	2),
(1671,	'dp2175',	7,	2),
(1546,	'dp2180',	1,	2),
(1547,	'dp2180',	2,	2),
(1548,	'dp2180',	3,	2),
(1549,	'dp2180',	4,	2),
(1550,	'dp2180',	5,	2),
(1551,	'dp2180',	6,	2),
(1552,	'dp2180',	7,	2),
(1672,	'dp2181',	1,	6),
(1673,	'dp2181',	2,	6),
(1674,	'dp2181',	3,	6),
(1675,	'dp2181',	4,	6),
(1676,	'dp2181',	5,	6),
(1677,	'dp2181',	6,	6),
(1678,	'dp2181',	7,	6),
(1679,	'dp2185',	1,	6),
(1680,	'dp2185',	2,	6),
(1681,	'dp2185',	3,	6),
(1682,	'dp2185',	4,	6),
(1683,	'dp2185',	5,	6),
(1684,	'dp2185',	6,	6),
(1685,	'dp2185',	7,	6),
(1686,	'dp2187',	1,	6),
(1687,	'dp2187',	2,	6),
(1688,	'dp2187',	3,	6),
(1689,	'dp2187',	4,	6),
(1690,	'dp2187',	5,	6),
(1691,	'dp2187',	6,	6),
(1692,	'dp2187',	7,	6),
(1700,	'dp2191',	1,	6),
(1701,	'dp2191',	2,	6),
(1702,	'dp2191',	3,	6),
(1703,	'dp2191',	4,	6),
(1704,	'dp2191',	5,	6),
(1705,	'dp2191',	6,	6),
(1706,	'dp2191',	7,	6),
(71,	'dp22',	1,	2),
(72,	'dp22',	2,	2),
(73,	'dp22',	3,	2),
(74,	'dp22',	4,	2),
(75,	'dp22',	5,	2),
(76,	'dp22',	6,	2),
(77,	'dp22',	7,	2),
(1707,	'dp2201',	1,	6),
(1708,	'dp2201',	2,	6),
(1709,	'dp2201',	3,	6),
(1710,	'dp2201',	4,	6),
(1711,	'dp2201',	5,	6),
(1712,	'dp2201',	6,	6),
(1713,	'dp2201',	7,	6),
(1714,	'dp2211',	1,	6),
(1715,	'dp2211',	2,	6),
(1716,	'dp2211',	3,	6),
(1717,	'dp2211',	4,	6),
(1718,	'dp2211',	5,	6),
(1719,	'dp2211',	6,	6),
(1720,	'dp2211',	7,	6),
(1721,	'dp2221',	1,	6),
(1722,	'dp2221',	2,	6),
(1723,	'dp2221',	3,	6),
(1724,	'dp2221',	4,	6),
(1725,	'dp2221',	5,	6),
(1726,	'dp2221',	6,	6),
(1727,	'dp2221',	7,	6),
(1728,	'dp2231',	1,	6),
(1729,	'dp2231',	2,	6),
(1730,	'dp2231',	3,	6),
(1731,	'dp2231',	4,	6),
(1732,	'dp2231',	5,	6),
(1733,	'dp2231',	6,	6),
(1734,	'dp2231',	7,	6),
(1735,	'dp2241',	1,	6),
(1736,	'dp2241',	2,	6),
(1737,	'dp2241',	3,	6),
(1738,	'dp2241',	4,	6),
(1739,	'dp2241',	5,	6),
(1740,	'dp2241',	6,	6),
(1741,	'dp2241',	7,	6),
(1742,	'dp2251',	1,	6),
(1743,	'dp2251',	2,	6),
(1744,	'dp2251',	3,	6),
(1745,	'dp2251',	4,	6),
(1746,	'dp2251',	5,	6),
(1747,	'dp2251',	6,	6),
(1748,	'dp2251',	7,	6),
(78,	'dp23',	1,	2),
(79,	'dp23',	2,	2),
(80,	'dp23',	3,	2),
(81,	'dp23',	4,	2),
(82,	'dp23',	5,	2),
(83,	'dp23',	6,	2),
(84,	'dp23',	7,	2),
(1525,	'dp2301',	1,	2),
(1526,	'dp2301',	2,	2),
(1527,	'dp2301',	3,	2),
(1528,	'dp2301',	4,	2),
(1529,	'dp2301',	5,	2),
(1530,	'dp2301',	6,	2),
(1531,	'dp2301',	7,	2),
(1532,	'dp2302',	1,	2),
(1533,	'dp2302',	2,	2),
(1534,	'dp2302',	3,	2),
(1535,	'dp2302',	4,	2),
(1536,	'dp2302',	5,	2),
(1537,	'dp2302',	6,	2),
(1538,	'dp2302',	7,	2),
(1539,	'dp2303',	1,	2),
(1540,	'dp2303',	2,	2),
(1541,	'dp2303',	3,	2),
(1542,	'dp2303',	4,	2),
(1543,	'dp2303',	5,	2),
(1544,	'dp2303',	6,	2),
(1545,	'dp2303',	7,	2),
(1749,	'dp2321',	1,	6),
(1750,	'dp2321',	2,	6),
(1751,	'dp2321',	3,	6),
(1752,	'dp2321',	4,	6),
(1753,	'dp2321',	5,	6),
(1754,	'dp2321',	6,	6),
(1755,	'dp2321',	7,	6),
(1763,	'dp2325',	1,	6),
(1764,	'dp2325',	2,	6),
(1765,	'dp2325',	3,	6),
(1766,	'dp2325',	4,	6),
(1767,	'dp2325',	5,	6),
(1768,	'dp2325',	6,	6),
(1769,	'dp2325',	7,	6),
(1756,	'dp2331',	1,	6),
(1757,	'dp2331',	2,	6),
(1758,	'dp2331',	3,	6),
(1759,	'dp2331',	4,	6),
(1760,	'dp2331',	5,	6),
(1761,	'dp2331',	6,	6),
(1762,	'dp2331',	7,	6),
(1770,	'dp2341',	1,	6),
(1771,	'dp2341',	2,	6),
(1772,	'dp2341',	3,	6),
(1773,	'dp2341',	4,	6),
(1774,	'dp2341',	5,	6),
(1775,	'dp2341',	6,	6),
(1776,	'dp2341',	7,	6),
(1777,	'dp2351',	1,	6),
(1778,	'dp2351',	2,	6),
(1779,	'dp2351',	3,	6),
(1780,	'dp2351',	4,	6),
(1781,	'dp2351',	5,	6),
(1782,	'dp2351',	6,	6),
(1783,	'dp2351',	7,	6),
(1784,	'dp2361',	1,	6),
(1785,	'dp2361',	2,	6),
(1786,	'dp2361',	3,	6),
(1787,	'dp2361',	4,	6),
(1788,	'dp2361',	5,	6),
(1789,	'dp2361',	6,	6),
(1790,	'dp2361',	7,	6),
(1791,	'dp2371',	1,	6),
(1792,	'dp2371',	2,	6),
(1793,	'dp2371',	3,	6),
(1794,	'dp2371',	4,	6),
(1795,	'dp2371',	5,	6),
(1796,	'dp2371',	6,	6),
(1797,	'dp2371',	7,	6),
(1798,	'dp2381',	1,	6),
(1799,	'dp2381',	2,	6),
(1800,	'dp2381',	3,	6),
(1801,	'dp2381',	4,	6),
(1802,	'dp2381',	5,	6),
(1803,	'dp2381',	6,	6),
(1804,	'dp2381',	7,	6),
(1805,	'dp2391',	1,	6),
(1806,	'dp2391',	2,	6),
(1807,	'dp2391',	3,	6),
(1808,	'dp2391',	4,	6),
(1809,	'dp2391',	5,	6),
(1810,	'dp2391',	6,	6),
(1811,	'dp2391',	7,	6),
(1812,	'dp2401',	1,	6),
(1813,	'dp2401',	2,	6),
(1814,	'dp2401',	3,	6),
(1815,	'dp2401',	4,	6),
(1816,	'dp2401',	5,	6),
(1817,	'dp2401',	6,	6),
(1818,	'dp2401',	7,	6),
(1819,	'dp2411',	1,	6),
(1820,	'dp2411',	2,	6),
(1821,	'dp2411',	3,	6),
(1822,	'dp2411',	4,	6),
(1823,	'dp2411',	5,	6),
(1824,	'dp2411',	6,	6),
(1825,	'dp2411',	7,	6),
(1826,	'dp2421',	1,	6),
(1827,	'dp2421',	2,	6),
(1828,	'dp2421',	3,	6),
(1829,	'dp2421',	4,	6),
(1830,	'dp2421',	5,	6),
(1831,	'dp2421',	6,	6),
(1832,	'dp2421',	7,	6),
(1833,	'dp2431',	1,	6),
(1834,	'dp2431',	2,	6),
(1835,	'dp2431',	3,	6),
(1836,	'dp2431',	4,	6),
(1837,	'dp2431',	5,	6),
(1838,	'dp2431',	6,	6),
(1839,	'dp2431',	7,	6),
(1854,	'dp2441',	1,	6),
(1855,	'dp2441',	2,	6),
(1856,	'dp2441',	3,	6),
(1857,	'dp2441',	4,	6),
(1858,	'dp2441',	5,	6),
(1859,	'dp2441',	6,	6),
(1860,	'dp2441',	7,	6),
(1847,	'dp2448',	1,	6),
(1848,	'dp2448',	2,	6),
(1849,	'dp2448',	3,	6),
(1850,	'dp2448',	4,	6),
(1851,	'dp2448',	5,	6),
(1852,	'dp2448',	6,	6),
(1853,	'dp2448',	7,	6),
(1861,	'dp2451',	1,	6),
(1862,	'dp2451',	2,	6),
(1863,	'dp2451',	3,	6),
(1864,	'dp2451',	4,	6),
(1865,	'dp2451',	5,	6),
(1866,	'dp2451',	6,	6),
(1867,	'dp2451',	7,	6),
(1868,	'dp2453',	1,	6),
(1869,	'dp2453',	2,	6),
(1870,	'dp2453',	3,	6),
(1871,	'dp2453',	4,	6),
(1872,	'dp2453',	5,	6),
(1873,	'dp2453',	6,	6),
(1874,	'dp2453',	7,	6),
(1875,	'dp2461',	1,	6),
(1876,	'dp2461',	2,	6),
(1877,	'dp2461',	3,	6),
(1878,	'dp2461',	4,	6),
(1879,	'dp2461',	5,	6),
(1880,	'dp2461',	6,	6),
(1881,	'dp2461',	7,	6),
(1889,	'dp2471',	1,	6),
(1890,	'dp2471',	2,	6),
(1891,	'dp2471',	3,	6),
(1892,	'dp2471',	4,	6),
(1893,	'dp2471',	5,	6),
(1894,	'dp2471',	6,	6),
(1895,	'dp2471',	7,	6),
(1896,	'dp2481',	1,	6),
(1897,	'dp2481',	2,	6),
(1898,	'dp2481',	3,	6),
(1899,	'dp2481',	4,	6),
(1900,	'dp2481',	5,	6),
(1901,	'dp2481',	6,	6),
(1902,	'dp2481',	7,	6),
(1903,	'dp2491',	1,	6),
(1904,	'dp2491',	2,	6),
(1905,	'dp2491',	3,	6),
(1906,	'dp2491',	4,	6),
(1907,	'dp2491',	5,	6),
(1908,	'dp2491',	6,	6),
(1909,	'dp2491',	7,	6),
(85,	'dp25',	1,	2),
(86,	'dp25',	2,	2),
(87,	'dp25',	3,	2),
(88,	'dp25',	4,	2),
(89,	'dp25',	5,	2),
(90,	'dp25',	6,	2),
(91,	'dp25',	7,	2),
(1910,	'dp2501',	1,	6),
(1911,	'dp2501',	2,	6),
(1912,	'dp2501',	3,	6),
(1913,	'dp2501',	4,	6),
(1914,	'dp2501',	5,	6),
(1915,	'dp2501',	6,	6),
(1916,	'dp2501',	7,	6),
(1917,	'dp2531',	1,	6),
(1918,	'dp2531',	2,	6),
(1919,	'dp2531',	3,	6),
(1920,	'dp2531',	4,	6),
(1921,	'dp2531',	5,	6),
(1922,	'dp2531',	6,	6),
(1923,	'dp2531',	7,	6),
(1924,	'dp2541',	1,	6),
(1925,	'dp2541',	2,	6),
(1926,	'dp2541',	3,	6),
(1927,	'dp2541',	4,	6),
(1928,	'dp2541',	5,	6),
(1929,	'dp2541',	6,	6),
(1930,	'dp2541',	7,	6),
(1931,	'dp2551',	1,	6),
(1932,	'dp2551',	2,	6),
(1933,	'dp2551',	3,	6),
(1934,	'dp2551',	4,	6),
(1935,	'dp2551',	5,	6),
(1936,	'dp2551',	6,	6),
(1937,	'dp2551',	7,	6),
(1938,	'dp2561',	1,	6),
(1939,	'dp2561',	2,	6),
(1940,	'dp2561',	3,	6),
(1941,	'dp2561',	4,	6),
(1942,	'dp2561',	5,	6),
(1943,	'dp2561',	6,	6),
(1944,	'dp2561',	7,	6),
(1945,	'dp2571',	1,	6),
(1946,	'dp2571',	2,	6),
(1947,	'dp2571',	3,	6),
(1948,	'dp2571',	4,	6),
(1949,	'dp2571',	5,	6),
(1950,	'dp2571',	6,	6),
(1951,	'dp2571',	7,	6),
(1952,	'dp2574',	1,	6),
(1953,	'dp2574',	2,	6),
(1954,	'dp2574',	3,	6),
(1955,	'dp2574',	4,	6),
(1956,	'dp2574',	5,	6),
(1957,	'dp2574',	6,	6),
(1958,	'dp2574',	7,	6),
(1959,	'dp2581',	1,	6),
(1960,	'dp2581',	2,	6),
(1961,	'dp2581',	3,	6),
(1962,	'dp2581',	4,	6),
(1963,	'dp2581',	5,	6),
(1964,	'dp2581',	6,	6),
(1965,	'dp2581',	7,	6),
(1966,	'dp2591',	1,	6),
(1967,	'dp2591',	2,	6),
(1968,	'dp2591',	3,	6),
(1969,	'dp2591',	4,	6),
(1970,	'dp2591',	5,	6),
(1971,	'dp2591',	6,	6),
(1972,	'dp2591',	7,	6),
(1973,	'dp2601',	1,	6),
(1974,	'dp2601',	2,	6),
(1975,	'dp2601',	3,	6),
(1976,	'dp2601',	4,	6),
(1977,	'dp2601',	5,	6),
(1978,	'dp2601',	6,	6),
(1979,	'dp2601',	7,	6),
(442,	'dp261',	1,	2),
(443,	'dp261',	2,	2),
(444,	'dp261',	3,	2),
(445,	'dp261',	4,	2),
(446,	'dp261',	5,	2),
(447,	'dp261',	6,	2),
(448,	'dp261',	7,	2),
(1980,	'dp2611',	1,	6),
(1981,	'dp2611',	2,	6),
(1982,	'dp2611',	3,	6),
(1983,	'dp2611',	4,	6),
(1984,	'dp2611',	5,	6),
(1985,	'dp2611',	6,	6),
(1986,	'dp2611',	7,	6),
(449,	'dp262',	1,	2),
(450,	'dp262',	2,	2),
(451,	'dp262',	3,	2),
(452,	'dp262',	4,	2),
(453,	'dp262',	5,	2),
(454,	'dp262',	6,	2),
(455,	'dp262',	7,	2),
(1987,	'dp2621',	1,	6),
(1988,	'dp2621',	2,	6),
(1989,	'dp2621',	3,	6),
(1990,	'dp2621',	4,	6),
(1991,	'dp2621',	5,	6),
(1992,	'dp2621',	6,	6),
(1993,	'dp2621',	7,	6),
(456,	'dp263',	1,	2),
(457,	'dp263',	2,	2),
(458,	'dp263',	3,	2),
(459,	'dp263',	4,	2),
(460,	'dp263',	5,	2),
(461,	'dp263',	6,	2),
(462,	'dp263',	7,	2),
(1994,	'dp2631',	1,	6),
(1995,	'dp2631',	2,	6),
(1996,	'dp2631',	3,	6),
(1997,	'dp2631',	4,	6),
(1998,	'dp2631',	5,	6),
(1999,	'dp2631',	6,	6),
(2000,	'dp2631',	7,	6),
(2001,	'dp2633',	1,	6),
(2002,	'dp2633',	2,	6),
(2003,	'dp2633',	3,	6),
(2004,	'dp2633',	4,	6),
(2005,	'dp2633',	5,	6),
(2006,	'dp2633',	6,	6),
(2007,	'dp2633',	7,	6),
(2008,	'dp2637',	1,	6),
(2009,	'dp2637',	2,	6),
(2010,	'dp2637',	3,	6),
(2011,	'dp2637',	4,	6),
(2012,	'dp2637',	5,	6),
(2013,	'dp2637',	6,	6),
(2014,	'dp2637',	7,	6),
(463,	'dp264',	1,	2),
(464,	'dp264',	2,	2),
(465,	'dp264',	3,	2),
(466,	'dp264',	4,	2),
(467,	'dp264',	5,	2),
(468,	'dp264',	6,	2),
(469,	'dp264',	7,	2),
(1588,	'dp2641',	1,	6),
(1589,	'dp2641',	2,	6),
(1590,	'dp2641',	3,	6),
(1591,	'dp2641',	4,	6),
(1592,	'dp2641',	5,	6),
(1593,	'dp2641',	6,	6),
(1594,	'dp2641',	7,	6),
(1595,	'dp2642',	1,	6),
(1596,	'dp2642',	2,	6),
(1597,	'dp2642',	3,	6),
(1598,	'dp2642',	4,	6),
(1599,	'dp2642',	5,	6),
(1600,	'dp2642',	6,	6),
(1601,	'dp2642',	7,	6),
(470,	'dp265',	1,	2),
(471,	'dp265',	2,	2),
(472,	'dp265',	3,	2),
(473,	'dp265',	4,	2),
(474,	'dp265',	5,	2),
(475,	'dp265',	6,	2),
(476,	'dp265',	7,	2),
(1581,	'dp2651',	1,	6),
(1582,	'dp2651',	2,	6),
(1583,	'dp2651',	3,	6),
(1584,	'dp2651',	4,	6),
(1585,	'dp2651',	5,	6),
(1586,	'dp2651',	6,	6),
(1587,	'dp2651',	7,	6),
(477,	'dp266',	1,	2),
(478,	'dp266',	2,	2),
(479,	'dp266',	3,	2),
(480,	'dp266',	4,	2),
(481,	'dp266',	5,	2),
(482,	'dp266',	6,	2),
(483,	'dp266',	7,	2),
(1567,	'dp2661',	1,	6),
(1568,	'dp2661',	2,	6),
(1569,	'dp2661',	3,	6),
(1570,	'dp2661',	4,	6),
(1571,	'dp2661',	5,	6),
(1572,	'dp2661',	6,	6),
(1573,	'dp2661',	7,	6),
(1574,	'dp2663',	1,	6),
(1575,	'dp2663',	2,	6),
(1576,	'dp2663',	3,	6),
(1577,	'dp2663',	4,	6),
(1578,	'dp2663',	5,	6),
(1579,	'dp2663',	6,	6),
(1580,	'dp2663',	7,	6),
(484,	'dp267',	1,	2),
(485,	'dp267',	2,	2),
(486,	'dp267',	3,	2),
(487,	'dp267',	4,	2),
(488,	'dp267',	5,	2),
(489,	'dp267',	6,	2),
(490,	'dp267',	7,	2),
(1560,	'dp2671',	1,	6),
(1561,	'dp2671',	2,	6),
(1562,	'dp2671',	3,	6),
(1563,	'dp2671',	4,	6),
(1564,	'dp2671',	5,	6),
(1565,	'dp2671',	6,	6),
(1566,	'dp2671',	7,	6),
(2218,	'dp2679',	1,	6),
(2219,	'dp2679',	2,	6),
(2220,	'dp2679',	3,	6),
(2221,	'dp2679',	4,	6),
(2222,	'dp2679',	5,	6),
(2223,	'dp2679',	6,	6),
(2224,	'dp2679',	7,	6),
(491,	'dp268',	1,	2),
(492,	'dp268',	2,	2),
(493,	'dp268',	3,	2),
(494,	'dp268',	4,	2),
(495,	'dp268',	5,	2),
(496,	'dp268',	6,	2),
(497,	'dp268',	7,	2),
(2225,	'dp2680',	1,	6),
(2226,	'dp2680',	2,	6),
(2227,	'dp2680',	3,	6),
(2228,	'dp2680',	4,	6),
(2229,	'dp2680',	5,	6),
(2230,	'dp2680',	6,	6),
(2231,	'dp2680',	7,	6),
(2232,	'dp2682',	1,	6),
(2233,	'dp2682',	2,	6),
(2234,	'dp2682',	3,	6),
(2235,	'dp2682',	4,	6),
(2236,	'dp2682',	5,	6),
(2237,	'dp2682',	6,	6),
(2238,	'dp2682',	7,	6),
(2239,	'dp2684',	1,	6),
(2240,	'dp2684',	2,	6),
(2241,	'dp2684',	3,	6),
(2242,	'dp2684',	4,	6),
(2243,	'dp2684',	5,	6),
(2244,	'dp2684',	6,	6),
(2245,	'dp2684',	7,	6),
(2246,	'dp2686',	1,	6),
(2247,	'dp2686',	2,	6),
(2248,	'dp2686',	3,	6),
(2249,	'dp2686',	4,	6),
(2250,	'dp2686',	5,	6),
(2251,	'dp2686',	6,	6),
(2252,	'dp2686',	7,	6),
(2253,	'dp2688',	1,	6),
(2254,	'dp2688',	2,	6),
(2255,	'dp2688',	3,	6),
(2256,	'dp2688',	4,	6),
(2257,	'dp2688',	5,	6),
(2258,	'dp2688',	6,	6),
(2259,	'dp2688',	7,	6),
(498,	'dp269',	1,	2),
(499,	'dp269',	2,	2),
(500,	'dp269',	3,	2),
(501,	'dp269',	4,	2),
(502,	'dp269',	5,	2),
(503,	'dp269',	6,	2),
(504,	'dp269',	7,	2),
(2260,	'dp2690',	1,	6),
(2261,	'dp2690',	2,	6),
(2262,	'dp2690',	3,	6),
(2263,	'dp2690',	4,	6),
(2264,	'dp2690',	5,	6),
(2265,	'dp2690',	6,	6),
(2266,	'dp2690',	7,	6),
(2267,	'dp2691',	1,	6),
(2268,	'dp2691',	2,	6),
(2269,	'dp2691',	3,	6),
(2270,	'dp2691',	4,	6),
(2271,	'dp2691',	5,	6),
(2272,	'dp2691',	6,	6),
(2273,	'dp2691',	7,	6),
(92,	'dp27',	1,	2),
(93,	'dp27',	2,	2),
(94,	'dp27',	3,	2),
(95,	'dp27',	4,	2),
(96,	'dp27',	5,	2),
(97,	'dp27',	6,	2),
(98,	'dp27',	7,	2),
(505,	'dp270',	1,	2),
(506,	'dp270',	2,	2),
(507,	'dp270',	3,	2),
(508,	'dp270',	4,	2),
(509,	'dp270',	5,	2),
(510,	'dp270',	6,	2),
(511,	'dp270',	7,	2),
(2274,	'dp2701',	1,	6),
(2275,	'dp2701',	2,	6),
(2276,	'dp2701',	3,	6),
(2277,	'dp2701',	4,	6),
(2278,	'dp2701',	5,	6),
(2279,	'dp2701',	6,	6),
(2280,	'dp2701',	7,	6),
(2015,	'dp2712',	1,	6),
(2016,	'dp2712',	2,	6),
(2017,	'dp2712',	3,	6),
(2018,	'dp2712',	4,	6),
(2019,	'dp2712',	5,	6),
(2020,	'dp2712',	6,	6),
(2021,	'dp2712',	7,	6),
(512,	'dp272',	1,	2),
(513,	'dp272',	2,	2),
(514,	'dp272',	3,	2),
(515,	'dp272',	4,	2),
(516,	'dp272',	5,	2),
(517,	'dp272',	6,	2),
(518,	'dp272',	7,	2),
(2022,	'dp2721',	1,	6),
(2023,	'dp2721',	2,	6),
(2024,	'dp2721',	3,	6),
(2025,	'dp2721',	4,	6),
(2026,	'dp2721',	5,	6),
(2027,	'dp2721',	6,	6),
(2028,	'dp2721',	7,	6),
(519,	'dp273',	1,	2),
(520,	'dp273',	2,	2),
(521,	'dp273',	3,	2),
(522,	'dp273',	4,	2),
(523,	'dp273',	5,	2),
(524,	'dp273',	6,	2),
(525,	'dp273',	7,	2),
(2029,	'dp2731',	1,	6),
(2030,	'dp2731',	2,	6),
(2031,	'dp2731',	3,	6),
(2032,	'dp2731',	4,	6),
(2033,	'dp2731',	5,	6),
(2034,	'dp2731',	6,	6),
(2035,	'dp2731',	7,	6),
(2036,	'dp2733',	1,	2),
(2037,	'dp2733',	2,	2),
(2038,	'dp2733',	3,	2),
(2039,	'dp2733',	4,	2),
(2040,	'dp2733',	5,	2),
(2041,	'dp2733',	6,	2),
(2042,	'dp2733',	7,	2),
(2043,	'dp2741',	1,	6),
(2044,	'dp2741',	2,	6),
(2045,	'dp2741',	3,	6),
(2046,	'dp2741',	4,	6),
(2047,	'dp2741',	5,	6),
(2048,	'dp2741',	6,	6),
(2049,	'dp2741',	7,	6),
(526,	'dp275',	1,	2),
(527,	'dp275',	2,	2),
(528,	'dp275',	3,	2),
(529,	'dp275',	4,	2),
(530,	'dp275',	5,	2),
(531,	'dp275',	6,	2),
(532,	'dp275',	7,	2),
(2050,	'dp2751',	1,	6),
(2051,	'dp2751',	2,	6),
(2052,	'dp2751',	3,	6),
(2053,	'dp2751',	4,	6),
(2054,	'dp2751',	5,	6),
(2055,	'dp2751',	6,	6),
(2056,	'dp2751',	7,	6),
(2057,	'dp2761',	1,	6),
(2058,	'dp2761',	2,	6),
(2059,	'dp2761',	3,	6),
(2060,	'dp2761',	4,	6),
(2061,	'dp2761',	5,	6),
(2062,	'dp2761',	6,	6),
(2063,	'dp2761',	7,	6),
(2071,	'dp2781',	1,	6),
(2072,	'dp2781',	2,	6),
(2073,	'dp2781',	3,	6),
(2074,	'dp2781',	4,	6),
(2075,	'dp2781',	5,	6),
(2076,	'dp2781',	6,	6),
(2077,	'dp2781',	7,	6),
(2078,	'dp2791',	1,	6),
(2079,	'dp2791',	2,	6),
(2080,	'dp2791',	3,	6),
(2081,	'dp2791',	4,	6),
(2082,	'dp2791',	5,	6),
(2083,	'dp2791',	6,	6),
(2084,	'dp2791',	7,	6),
(99,	'dp28',	1,	2),
(100,	'dp28',	2,	2),
(101,	'dp28',	3,	2),
(102,	'dp28',	4,	2),
(103,	'dp28',	5,	2),
(104,	'dp28',	6,	2),
(105,	'dp28',	7,	2),
(2085,	'dp2801',	1,	6),
(2086,	'dp2801',	2,	6),
(2087,	'dp2801',	3,	6),
(2088,	'dp2801',	4,	6),
(2089,	'dp2801',	5,	6),
(2090,	'dp2801',	6,	6),
(2091,	'dp2801',	7,	6),
(2134,	'dp2805',	1,	2),
(2135,	'dp2805',	2,	2),
(2136,	'dp2805',	3,	2),
(2137,	'dp2805',	4,	2),
(2138,	'dp2805',	5,	2),
(2139,	'dp2805',	6,	2),
(2140,	'dp2805',	7,	2),
(2127,	'dp2807',	1,	2),
(2128,	'dp2807',	2,	2),
(2129,	'dp2807',	3,	2),
(2130,	'dp2807',	4,	2),
(2131,	'dp2807',	5,	2),
(2132,	'dp2807',	6,	2),
(2133,	'dp2807',	7,	2),
(2092,	'dp2811',	1,	6),
(2093,	'dp2811',	2,	6),
(2094,	'dp2811',	3,	6),
(2095,	'dp2811',	4,	6),
(2096,	'dp2811',	5,	6),
(2097,	'dp2811',	6,	6),
(2098,	'dp2811',	7,	6),
(2099,	'dp2813',	1,	6),
(2100,	'dp2813',	2,	6),
(2101,	'dp2813',	3,	6),
(2102,	'dp2813',	4,	6),
(2103,	'dp2813',	5,	6),
(2104,	'dp2813',	6,	6),
(2105,	'dp2813',	7,	6),
(2106,	'dp2821',	1,	6),
(2107,	'dp2821',	2,	6),
(2108,	'dp2821',	3,	6),
(2109,	'dp2821',	4,	6),
(2110,	'dp2821',	5,	6),
(2111,	'dp2821',	6,	6),
(2112,	'dp2821',	7,	6),
(2113,	'dp2825',	1,	6),
(2114,	'dp2825',	2,	6),
(2115,	'dp2825',	3,	6),
(2116,	'dp2825',	4,	6),
(2117,	'dp2825',	5,	6),
(2118,	'dp2825',	6,	6),
(2119,	'dp2825',	7,	6),
(2141,	'dp2831',	1,	2),
(2142,	'dp2831',	2,	2),
(2143,	'dp2831',	3,	2),
(2144,	'dp2831',	4,	2),
(2145,	'dp2831',	5,	2),
(2146,	'dp2831',	6,	2),
(2147,	'dp2831',	7,	2),
(2120,	'dp2833',	1,	2),
(2121,	'dp2833',	2,	2),
(2122,	'dp2833',	3,	2),
(2123,	'dp2833',	4,	2),
(2124,	'dp2833',	5,	2),
(2125,	'dp2833',	6,	2),
(2126,	'dp2833',	7,	2),
(2064,	'dp2841',	1,	6),
(2065,	'dp2841',	2,	6),
(2066,	'dp2841',	3,	6),
(2067,	'dp2841',	4,	6),
(2068,	'dp2841',	5,	6),
(2069,	'dp2841',	6,	6),
(2070,	'dp2841',	7,	6),
(2148,	'dp2846',	1,	6),
(2149,	'dp2846',	2,	6),
(2150,	'dp2846',	3,	6),
(2151,	'dp2846',	4,	6),
(2152,	'dp2846',	5,	6),
(2153,	'dp2846',	6,	6),
(2154,	'dp2846',	7,	6),
(2155,	'dp2848',	1,	6),
(2156,	'dp2848',	2,	6),
(2157,	'dp2848',	3,	6),
(2158,	'dp2848',	4,	6),
(2159,	'dp2848',	5,	6),
(2160,	'dp2848',	6,	6),
(2161,	'dp2848',	7,	6),
(2169,	'dp2851',	1,	6),
(2170,	'dp2851',	2,	6),
(2171,	'dp2851',	3,	6),
(2172,	'dp2851',	4,	6),
(2173,	'dp2851',	5,	6),
(2174,	'dp2851',	6,	6),
(2175,	'dp2851',	7,	6),
(2162,	'dp2859',	1,	6),
(2163,	'dp2859',	2,	6),
(2164,	'dp2859',	3,	6),
(2165,	'dp2859',	4,	6),
(2166,	'dp2859',	5,	6),
(2167,	'dp2859',	6,	6),
(2168,	'dp2859',	7,	6),
(2176,	'dp2861',	1,	6),
(2177,	'dp2861',	2,	6),
(2178,	'dp2861',	3,	6),
(2179,	'dp2861',	4,	6),
(2180,	'dp2861',	5,	6),
(2181,	'dp2861',	6,	6),
(2182,	'dp2861',	7,	6),
(2183,	'dp2871',	1,	6),
(2184,	'dp2871',	2,	6),
(2185,	'dp2871',	3,	6),
(2186,	'dp2871',	4,	6),
(2187,	'dp2871',	5,	6),
(2188,	'dp2871',	6,	6),
(2189,	'dp2871',	7,	6),
(2190,	'dp2881',	1,	6),
(2191,	'dp2881',	2,	6),
(2192,	'dp2881',	3,	6),
(2193,	'dp2881',	4,	6),
(2194,	'dp2881',	5,	6),
(2195,	'dp2881',	6,	6),
(2196,	'dp2881',	7,	6),
(2197,	'dp2884',	1,	6),
(2198,	'dp2884',	2,	6),
(2199,	'dp2884',	3,	6),
(2200,	'dp2884',	4,	6),
(2201,	'dp2884',	5,	6),
(2202,	'dp2884',	6,	6),
(2203,	'dp2884',	7,	6),
(2204,	'dp2887',	1,	6),
(2205,	'dp2887',	2,	6),
(2206,	'dp2887',	3,	6),
(2207,	'dp2887',	4,	6),
(2208,	'dp2887',	5,	6),
(2209,	'dp2887',	6,	6),
(2210,	'dp2887',	7,	6),
(2211,	'dp2891',	1,	6),
(2212,	'dp2891',	2,	6),
(2213,	'dp2891',	3,	6),
(2214,	'dp2891',	4,	6),
(2215,	'dp2891',	5,	6),
(2216,	'dp2891',	6,	6),
(2217,	'dp2891',	7,	6),
(106,	'dp29',	1,	2),
(107,	'dp29',	2,	2),
(108,	'dp29',	3,	2),
(109,	'dp29',	4,	2),
(110,	'dp29',	5,	2),
(111,	'dp29',	6,	2),
(112,	'dp29',	7,	2),
(1553,	'dp2900',	1,	2),
(1554,	'dp2900',	2,	2),
(1555,	'dp2900',	3,	2),
(1556,	'dp2900',	4,	2),
(1557,	'dp2900',	5,	2),
(1558,	'dp2900',	6,	2),
(1559,	'dp2900',	7,	2),
(29,	'dp3',	1,	3),
(30,	'dp3',	2,	3),
(31,	'dp3',	3,	3),
(32,	'dp3',	4,	3),
(33,	'dp3',	5,	3),
(34,	'dp3',	6,	3),
(35,	'dp3',	7,	3),
(113,	'dp30',	1,	2),
(114,	'dp30',	2,	2),
(115,	'dp30',	3,	2),
(116,	'dp30',	4,	2),
(117,	'dp30',	5,	2),
(118,	'dp30',	6,	2),
(119,	'dp30',	7,	2),
(533,	'dp325',	1,	6),
(534,	'dp325',	2,	6),
(535,	'dp325',	3,	6),
(536,	'dp325',	4,	6),
(537,	'dp325',	5,	6),
(538,	'dp325',	6,	6),
(539,	'dp325',	7,	6),
(540,	'dp334',	1,	2),
(541,	'dp334',	2,	2),
(542,	'dp334',	3,	2),
(543,	'dp334',	4,	2),
(544,	'dp334',	5,	2),
(545,	'dp334',	6,	2),
(546,	'dp334',	7,	2),
(547,	'dp368',	1,	2),
(548,	'dp368',	2,	2),
(549,	'dp368',	3,	2),
(550,	'dp368',	4,	2),
(551,	'dp368',	5,	2),
(552,	'dp368',	6,	2),
(553,	'dp368',	7,	2),
(554,	'dp379',	1,	2),
(555,	'dp379',	2,	2),
(556,	'dp379',	3,	2),
(557,	'dp379',	4,	2),
(558,	'dp379',	5,	2),
(559,	'dp379',	6,	2),
(560,	'dp379',	7,	2),
(120,	'dp38',	1,	2),
(121,	'dp38',	2,	2),
(122,	'dp38',	3,	2),
(123,	'dp38',	4,	2),
(124,	'dp38',	5,	2),
(125,	'dp38',	6,	2),
(126,	'dp38',	7,	2),
(561,	'dp399',	1,	2),
(562,	'dp399',	2,	2),
(563,	'dp399',	3,	2),
(564,	'dp399',	4,	2),
(565,	'dp399',	5,	2),
(566,	'dp399',	6,	2),
(567,	'dp399',	7,	2),
(127,	'dp40',	1,	2),
(128,	'dp40',	2,	2),
(129,	'dp40',	3,	2),
(130,	'dp40',	4,	2),
(131,	'dp40',	5,	2),
(132,	'dp40',	6,	2),
(133,	'dp40',	7,	2),
(568,	'dp400',	1,	2),
(569,	'dp400',	2,	2),
(570,	'dp400',	3,	2),
(571,	'dp400',	4,	2),
(572,	'dp400',	5,	2),
(573,	'dp400',	6,	2),
(574,	'dp400',	7,	2),
(575,	'dp403',	1,	2),
(576,	'dp403',	2,	2),
(577,	'dp403',	3,	2),
(578,	'dp403',	4,	2),
(579,	'dp403',	5,	2),
(580,	'dp403',	6,	2),
(581,	'dp403',	7,	2),
(582,	'dp406',	1,	2),
(583,	'dp406',	2,	2),
(584,	'dp406',	3,	2),
(585,	'dp406',	4,	2),
(586,	'dp406',	5,	2),
(587,	'dp406',	6,	2),
(588,	'dp406',	7,	2),
(134,	'dp42',	1,	2),
(135,	'dp42',	2,	2),
(136,	'dp42',	3,	2),
(137,	'dp42',	4,	2),
(138,	'dp42',	5,	2),
(139,	'dp42',	6,	2),
(140,	'dp42',	7,	2),
(589,	'dp437',	1,	2),
(590,	'dp437',	2,	2),
(591,	'dp437',	3,	2),
(592,	'dp437',	4,	2),
(593,	'dp437',	5,	2),
(594,	'dp437',	6,	2),
(595,	'dp437',	7,	2),
(596,	'dp448',	1,	2),
(597,	'dp448',	2,	2),
(598,	'dp448',	3,	2),
(599,	'dp448',	4,	2),
(600,	'dp448',	5,	2),
(601,	'dp448',	6,	2),
(602,	'dp448',	7,	2),
(603,	'dp449',	1,	2),
(604,	'dp449',	2,	2),
(605,	'dp449',	3,	2),
(606,	'dp449',	4,	2),
(607,	'dp449',	5,	2),
(608,	'dp449',	6,	2),
(609,	'dp449',	7,	2),
(610,	'dp471',	1,	7),
(611,	'dp471',	2,	7),
(612,	'dp471',	3,	7),
(613,	'dp471',	4,	7),
(614,	'dp471',	5,	7),
(615,	'dp471',	6,	7),
(616,	'dp471',	7,	7),
(617,	'dp472',	1,	5),
(618,	'dp472',	2,	5),
(619,	'dp472',	3,	5),
(620,	'dp472',	4,	5),
(621,	'dp472',	5,	5),
(622,	'dp472',	6,	5),
(623,	'dp472',	7,	5),
(1882,	'dp474',	1,	2),
(1883,	'dp474',	2,	2),
(1884,	'dp474',	3,	2),
(1885,	'dp474',	4,	2),
(1886,	'dp474',	5,	2),
(1887,	'dp474',	6,	2),
(1888,	'dp474',	7,	2),
(141,	'dp50',	1,	2),
(142,	'dp50',	2,	2),
(143,	'dp50',	3,	2),
(144,	'dp50',	4,	2),
(145,	'dp50',	5,	2),
(146,	'dp50',	6,	2),
(147,	'dp50',	7,	2),
(148,	'dp51',	1,	2),
(149,	'dp51',	2,	2),
(150,	'dp51',	3,	2),
(151,	'dp51',	4,	2),
(152,	'dp51',	5,	2),
(153,	'dp51',	6,	2),
(154,	'dp51',	7,	2),
(155,	'dp53',	1,	5),
(156,	'dp53',	2,	5),
(157,	'dp53',	3,	5),
(158,	'dp53',	4,	5),
(159,	'dp53',	5,	5),
(160,	'dp53',	6,	5),
(161,	'dp53',	7,	5),
(162,	'dp54',	1,	5),
(163,	'dp54',	2,	5),
(164,	'dp54',	3,	5),
(165,	'dp54',	4,	5),
(166,	'dp54',	5,	5),
(167,	'dp54',	6,	5),
(168,	'dp54',	7,	5),
(169,	'dp55',	1,	2),
(170,	'dp55',	2,	2),
(171,	'dp55',	3,	2),
(172,	'dp55',	4,	2),
(173,	'dp55',	5,	2),
(174,	'dp55',	6,	2),
(175,	'dp55',	7,	2),
(176,	'dp58',	1,	2),
(177,	'dp58',	2,	2),
(178,	'dp58',	3,	2),
(179,	'dp58',	4,	2),
(180,	'dp58',	5,	2),
(181,	'dp58',	6,	2),
(182,	'dp58',	7,	2),
(183,	'dp59',	1,	2),
(184,	'dp59',	2,	2),
(185,	'dp59',	3,	2),
(186,	'dp59',	4,	2),
(187,	'dp59',	5,	2),
(188,	'dp59',	6,	2),
(189,	'dp59',	7,	2),
(36,	'dp6',	1,	4),
(37,	'dp6',	2,	4),
(38,	'dp6',	3,	4),
(39,	'dp6',	4,	4),
(40,	'dp6',	5,	4),
(41,	'dp6',	6,	4),
(42,	'dp6',	7,	4),
(624,	'dp641',	1,	5),
(625,	'dp641',	2,	5),
(626,	'dp641',	3,	5),
(627,	'dp641',	4,	5),
(628,	'dp641',	5,	5),
(629,	'dp641',	6,	5),
(630,	'dp641',	7,	5),
(631,	'dp642',	1,	2),
(632,	'dp642',	2,	2),
(633,	'dp642',	3,	2),
(634,	'dp642',	4,	2),
(635,	'dp642',	5,	2),
(636,	'dp642',	6,	2),
(637,	'dp642',	7,	2),
(638,	'dp644',	1,	2),
(639,	'dp644',	2,	2),
(640,	'dp644',	3,	2),
(641,	'dp644',	4,	2),
(642,	'dp644',	5,	2),
(643,	'dp644',	6,	2),
(644,	'dp644',	7,	2),
(645,	'dp645',	1,	2),
(646,	'dp645',	2,	2),
(647,	'dp645',	3,	2),
(648,	'dp645',	4,	2),
(649,	'dp645',	5,	2),
(650,	'dp645',	6,	2),
(651,	'dp645',	7,	2),
(652,	'dp651',	1,	2),
(653,	'dp651',	2,	2),
(654,	'dp651',	3,	2),
(655,	'dp651',	4,	2),
(656,	'dp651',	5,	2),
(657,	'dp651',	6,	2),
(658,	'dp651',	7,	2),
(659,	'dp652',	1,	2),
(660,	'dp652',	2,	2),
(661,	'dp652',	3,	2),
(662,	'dp652',	4,	2),
(663,	'dp652',	5,	2),
(664,	'dp652',	6,	2),
(665,	'dp652',	7,	2),
(666,	'dp653',	1,	2),
(667,	'dp653',	2,	2),
(668,	'dp653',	3,	2),
(669,	'dp653',	4,	2),
(670,	'dp653',	5,	2),
(671,	'dp653',	6,	2),
(672,	'dp653',	7,	2),
(673,	'dp654',	1,	2),
(674,	'dp654',	2,	2),
(675,	'dp654',	3,	2),
(676,	'dp654',	4,	2),
(677,	'dp654',	5,	2),
(678,	'dp654',	6,	2),
(679,	'dp654',	7,	2),
(190,	'dp66',	1,	2),
(191,	'dp66',	2,	2),
(192,	'dp66',	3,	2),
(193,	'dp66',	4,	2),
(194,	'dp66',	5,	2),
(195,	'dp66',	6,	2),
(196,	'dp66',	7,	2),
(680,	'dp661',	1,	2),
(681,	'dp661',	2,	2),
(682,	'dp661',	3,	2),
(683,	'dp661',	4,	2),
(684,	'dp661',	5,	2),
(685,	'dp661',	6,	2),
(686,	'dp661',	7,	2),
(687,	'dp662',	1,	2),
(688,	'dp662',	2,	2),
(689,	'dp662',	3,	2),
(690,	'dp662',	4,	2),
(691,	'dp662',	5,	2),
(692,	'dp662',	6,	2),
(693,	'dp662',	7,	2),
(694,	'dp663',	1,	4),
(695,	'dp663',	2,	4),
(696,	'dp663',	3,	4),
(697,	'dp663',	4,	4),
(698,	'dp663',	5,	4),
(699,	'dp663',	6,	4),
(700,	'dp663',	7,	4),
(701,	'dp664',	1,	2),
(702,	'dp664',	2,	2),
(703,	'dp664',	3,	2),
(704,	'dp664',	4,	2),
(705,	'dp664',	5,	2),
(706,	'dp664',	6,	2),
(707,	'dp664',	7,	2),
(197,	'dp67',	1,	2),
(198,	'dp67',	2,	2),
(199,	'dp67',	3,	2),
(200,	'dp67',	4,	2),
(201,	'dp67',	5,	2),
(202,	'dp67',	6,	2),
(203,	'dp67',	7,	2),
(708,	'dp671',	1,	8),
(709,	'dp671',	2,	8),
(710,	'dp671',	3,	8),
(711,	'dp671',	4,	8),
(712,	'dp671',	5,	8),
(713,	'dp672',	1,	2),
(714,	'dp672',	2,	2),
(715,	'dp672',	3,	2),
(716,	'dp672',	4,	2),
(717,	'dp672',	5,	2),
(718,	'dp672',	6,	2),
(719,	'dp672',	7,	2),
(720,	'dp673',	1,	6),
(721,	'dp673',	2,	6),
(722,	'dp673',	3,	6),
(723,	'dp673',	4,	6),
(724,	'dp673',	5,	6),
(725,	'dp673',	6,	6),
(726,	'dp673',	7,	6),
(727,	'dp674',	1,	2),
(728,	'dp674',	2,	2),
(729,	'dp674',	3,	2),
(730,	'dp674',	4,	2),
(731,	'dp674',	5,	2),
(732,	'dp674',	6,	2),
(733,	'dp674',	7,	2),
(734,	'dp675',	1,	2),
(735,	'dp675',	2,	2),
(736,	'dp675',	3,	2),
(737,	'dp675',	4,	2),
(738,	'dp675',	5,	2),
(739,	'dp675',	6,	2),
(740,	'dp675',	7,	2),
(741,	'dp676',	1,	5),
(742,	'dp676',	2,	5),
(743,	'dp676',	3,	5),
(744,	'dp676',	4,	5),
(745,	'dp676',	5,	5),
(746,	'dp676',	6,	5),
(747,	'dp676',	7,	5),
(43,	'dp7',	1,	2),
(44,	'dp7',	2,	2),
(45,	'dp7',	3,	2),
(46,	'dp7',	4,	2),
(47,	'dp7',	5,	2),
(48,	'dp7',	6,	2),
(49,	'dp7',	7,	2),
(204,	'dp71',	1,	2),
(205,	'dp71',	2,	2),
(206,	'dp71',	3,	2),
(207,	'dp71',	4,	2),
(208,	'dp71',	5,	2),
(209,	'dp71',	6,	2),
(210,	'dp71',	7,	2),
(211,	'dp72',	1,	2),
(212,	'dp72',	2,	2),
(213,	'dp72',	3,	2),
(214,	'dp72',	4,	2),
(215,	'dp72',	5,	2),
(216,	'dp72',	6,	2),
(217,	'dp72',	7,	2),
(218,	'dp76',	1,	2),
(219,	'dp76',	2,	2),
(220,	'dp76',	3,	2),
(221,	'dp76',	4,	2),
(222,	'dp76',	5,	2),
(223,	'dp76',	6,	2),
(224,	'dp76',	7,	2),
(225,	'dp84',	1,	2),
(226,	'dp84',	2,	2),
(227,	'dp84',	3,	2),
(228,	'dp84',	4,	2),
(229,	'dp84',	5,	2),
(230,	'dp84',	6,	2),
(231,	'dp84',	7,	2),
(232,	'dp86',	1,	2),
(233,	'dp86',	2,	2),
(234,	'dp86',	3,	2),
(235,	'dp86',	4,	2),
(236,	'dp86',	5,	2),
(237,	'dp86',	6,	2),
(238,	'dp86',	7,	2),
(239,	'dp88',	1,	2),
(240,	'dp88',	2,	2),
(241,	'dp88',	3,	2),
(242,	'dp88',	4,	2),
(243,	'dp88',	5,	2),
(244,	'dp88',	6,	2),
(245,	'dp88',	7,	2),
(748,	'dp885',	1,	2),
(749,	'dp885',	2,	2),
(750,	'dp885',	3,	2),
(751,	'dp885',	4,	2),
(752,	'dp885',	5,	2),
(753,	'dp885',	6,	2),
(754,	'dp885',	7,	2),
(50,	'dp9',	1,	2),
(51,	'dp9',	2,	2),
(52,	'dp9',	3,	2),
(53,	'dp9',	4,	2),
(54,	'dp9',	5,	2),
(55,	'dp9',	6,	2),
(56,	'dp9',	7,	2),
(246,	'dp90',	1,	2),
(247,	'dp90',	2,	2),
(248,	'dp90',	3,	2),
(249,	'dp90',	4,	2),
(250,	'dp90',	5,	2),
(251,	'dp90',	6,	2),
(252,	'dp90',	7,	2),
(253,	'dp91',	1,	2),
(254,	'dp91',	2,	2),
(255,	'dp91',	3,	2),
(256,	'dp91',	4,	2),
(257,	'dp91',	5,	2),
(258,	'dp91',	6,	2),
(259,	'dp91',	7,	2),
(260,	'dp93',	1,	2),
(261,	'dp93',	2,	2),
(262,	'dp93',	3,	2),
(263,	'dp93',	4,	2),
(264,	'dp93',	5,	2),
(265,	'dp93',	6,	2),
(266,	'dp93',	7,	2),
(2281,	'dp930',	1,	6),
(2282,	'dp930',	2,	6),
(2283,	'dp930',	3,	6),
(2284,	'dp930',	4,	6),
(2285,	'dp930',	5,	6),
(2286,	'dp930',	6,	6),
(2287,	'dp930',	7,	6),
(2288,	'dp938',	1,	6),
(2289,	'dp938',	2,	6),
(2290,	'dp938',	3,	6),
(2291,	'dp938',	4,	6),
(2292,	'dp938',	5,	6),
(2293,	'dp938',	6,	6),
(2294,	'dp938',	7,	6),
(267,	'dp94',	1,	2),
(268,	'dp94',	2,	2),
(269,	'dp94',	3,	2),
(270,	'dp94',	4,	2),
(271,	'dp94',	5,	2),
(272,	'dp94',	6,	2),
(273,	'dp94',	7,	2),
(274,	'dp95',	1,	2),
(275,	'dp95',	2,	2),
(276,	'dp95',	3,	2),
(277,	'dp95',	4,	2),
(278,	'dp95',	5,	2),
(279,	'dp95',	6,	2),
(280,	'dp95',	7,	2),
(755,	'dp951',	1,	2),
(756,	'dp951',	2,	2),
(757,	'dp951',	3,	2),
(758,	'dp951',	4,	2),
(759,	'dp951',	5,	2),
(760,	'dp951',	6,	2),
(761,	'dp951',	7,	2),
(762,	'dp952',	1,	2),
(763,	'dp952',	2,	2),
(764,	'dp952',	3,	2),
(765,	'dp952',	4,	2),
(766,	'dp952',	5,	2),
(767,	'dp952',	6,	2),
(768,	'dp952',	7,	2),
(769,	'dp953',	1,	2),
(770,	'dp953',	2,	2),
(771,	'dp953',	3,	2),
(772,	'dp953',	4,	2),
(773,	'dp953',	5,	2),
(774,	'dp953',	6,	2),
(775,	'dp953',	7,	2),
(776,	'dp954',	1,	2),
(777,	'dp954',	2,	2),
(778,	'dp954',	3,	2),
(779,	'dp954',	4,	2),
(780,	'dp954',	5,	2),
(781,	'dp954',	6,	2),
(782,	'dp954',	7,	2),
(783,	'dp955',	1,	2),
(784,	'dp955',	2,	2),
(785,	'dp955',	3,	2),
(786,	'dp955',	4,	2),
(787,	'dp955',	5,	2),
(788,	'dp955',	6,	2),
(789,	'dp955',	7,	2),
(790,	'dp956',	1,	2),
(791,	'dp956',	2,	2),
(792,	'dp956',	3,	2),
(793,	'dp956',	4,	2),
(794,	'dp956',	5,	2),
(795,	'dp956',	6,	2),
(796,	'dp956',	7,	2),
(797,	'dp957',	1,	2),
(798,	'dp957',	2,	2),
(799,	'dp957',	3,	2),
(800,	'dp957',	4,	2),
(801,	'dp957',	5,	2),
(802,	'dp957',	6,	2),
(803,	'dp957',	7,	2),
(804,	'dp958',	1,	2),
(805,	'dp958',	2,	2),
(806,	'dp958',	3,	2),
(807,	'dp958',	4,	2),
(808,	'dp958',	5,	2),
(809,	'dp958',	6,	2),
(810,	'dp958',	7,	2),
(811,	'dp959',	1,	2),
(812,	'dp959',	2,	2),
(813,	'dp959',	3,	2),
(814,	'dp959',	4,	2),
(815,	'dp959',	5,	2),
(816,	'dp959',	6,	2),
(817,	'dp959',	7,	2),
(818,	'dp960',	1,	2),
(819,	'dp960',	2,	2),
(820,	'dp960',	3,	2),
(821,	'dp960',	4,	2),
(822,	'dp960',	5,	2),
(823,	'dp960',	6,	2),
(824,	'dp960',	7,	2),
(825,	'dp961',	1,	2),
(826,	'dp961',	2,	2),
(827,	'dp961',	3,	2),
(828,	'dp961',	4,	2),
(829,	'dp961',	5,	2),
(830,	'dp961',	6,	2),
(831,	'dp961',	7,	2),
(832,	'dp962',	1,	2),
(833,	'dp962',	2,	2),
(834,	'dp962',	3,	2),
(835,	'dp962',	4,	2),
(836,	'dp962',	5,	2),
(837,	'dp962',	6,	2),
(838,	'dp962',	7,	2),
(281,	'dp98',	1,	2),
(282,	'dp98',	2,	2),
(283,	'dp98',	3,	2),
(284,	'dp98',	4,	2),
(285,	'dp98',	5,	2),
(286,	'dp98',	6,	2),
(287,	'dp98',	7,	2),
(288,	'dp99',	1,	2),
(289,	'dp99',	2,	2),
(290,	'dp99',	3,	2),
(291,	'dp99',	4,	2),
(292,	'dp99',	5,	2),
(293,	'dp99',	6,	2),
(294,	'dp99',	7,	2),
(3229,	'ro1',	1,	291),
(3230,	'ro1',	2,	291),
(3231,	'ro1',	3,	291),
(3232,	'ro1',	4,	291),
(3233,	'ro1',	5,	291),
(3234,	'ro1',	6,	291),
(3235,	'ro1',	7,	291),
(3335,	'ro101',	1,	306),
(3336,	'ro101',	1,	307),
(3337,	'ro101',	2,	306),
(3338,	'ro101',	2,	307),
(3339,	'ro101',	3,	306),
(3340,	'ro101',	3,	307),
(3341,	'ro101',	4,	306),
(3342,	'ro101',	4,	307),
(3343,	'ro101',	5,	306),
(3344,	'ro101',	5,	307),
(3345,	'ro102',	1,	306),
(3346,	'ro102',	1,	307),
(3347,	'ro102',	2,	306),
(3348,	'ro102',	2,	307),
(3349,	'ro102',	3,	306),
(3350,	'ro102',	3,	307),
(3351,	'ro102',	4,	306),
(3352,	'ro102',	4,	307),
(3353,	'ro102',	5,	306),
(3354,	'ro102',	5,	307),
(3355,	'ro103',	1,	306),
(3356,	'ro103',	1,	307),
(3357,	'ro103',	2,	306),
(3358,	'ro103',	2,	307),
(3359,	'ro103',	3,	306),
(3360,	'ro103',	3,	307),
(3361,	'ro103',	4,	306),
(3362,	'ro103',	4,	307),
(3363,	'ro103',	5,	306),
(3364,	'ro103',	5,	307),
(3365,	'ro104',	1,	306),
(3366,	'ro104',	1,	307),
(3367,	'ro104',	2,	306),
(3368,	'ro104',	2,	307),
(3369,	'ro104',	3,	306),
(3370,	'ro104',	3,	307),
(3371,	'ro104',	4,	306),
(3372,	'ro104',	4,	307),
(3373,	'ro104',	5,	306),
(3374,	'ro104',	5,	307),
(3375,	'ro105',	1,	306),
(3376,	'ro105',	1,	307),
(3377,	'ro105',	2,	306),
(3378,	'ro105',	2,	307),
(3379,	'ro105',	3,	306),
(3380,	'ro105',	3,	307),
(3381,	'ro105',	4,	306),
(3382,	'ro105',	4,	307),
(3383,	'ro105',	5,	306),
(3384,	'ro105',	5,	307),
(3385,	'ro106',	1,	306),
(3386,	'ro106',	1,	307),
(3387,	'ro106',	2,	306),
(3388,	'ro106',	2,	307),
(3389,	'ro106',	3,	306),
(3390,	'ro106',	3,	307),
(3391,	'ro106',	4,	306),
(3392,	'ro106',	4,	307),
(3393,	'ro106',	5,	306),
(3394,	'ro106',	5,	307),
(3395,	'ro107',	1,	306),
(3396,	'ro107',	1,	307),
(3397,	'ro107',	2,	306),
(3398,	'ro107',	2,	307),
(3399,	'ro107',	3,	306),
(3400,	'ro107',	3,	307),
(3401,	'ro107',	4,	306),
(3402,	'ro107',	4,	307),
(3403,	'ro107',	5,	306),
(3404,	'ro107',	5,	307),
(3405,	'ro108',	1,	306),
(3406,	'ro108',	1,	307),
(3407,	'ro108',	2,	306),
(3408,	'ro108',	2,	307),
(3409,	'ro108',	3,	306),
(3410,	'ro108',	3,	307),
(3411,	'ro108',	4,	306),
(3412,	'ro108',	4,	307),
(3413,	'ro108',	5,	306),
(3414,	'ro108',	5,	307),
(3415,	'ro110',	1,	306),
(3416,	'ro110',	1,	307),
(3417,	'ro110',	2,	306),
(3418,	'ro110',	2,	307),
(3419,	'ro110',	3,	306),
(3420,	'ro110',	3,	307),
(3421,	'ro110',	4,	306),
(3422,	'ro110',	4,	307),
(3423,	'ro110',	5,	306),
(3424,	'ro110',	5,	307),
(3425,	'ro111',	1,	306),
(3426,	'ro111',	1,	307),
(3427,	'ro111',	2,	306),
(3428,	'ro111',	2,	307),
(3429,	'ro111',	3,	306),
(3430,	'ro111',	3,	307),
(3431,	'ro111',	4,	306),
(3432,	'ro111',	4,	307),
(3433,	'ro111',	5,	306),
(3434,	'ro111',	5,	307),
(3435,	'ro112',	1,	306),
(3436,	'ro112',	1,	307),
(3437,	'ro112',	2,	306),
(3438,	'ro112',	2,	307),
(3439,	'ro112',	3,	306),
(3440,	'ro112',	3,	307),
(3441,	'ro112',	4,	306),
(3442,	'ro112',	4,	307),
(3443,	'ro112',	5,	306),
(3444,	'ro112',	5,	307),
(3445,	'ro113',	1,	306),
(3446,	'ro113',	1,	307),
(3447,	'ro113',	2,	306),
(3448,	'ro113',	2,	307),
(3449,	'ro113',	3,	306),
(3450,	'ro113',	3,	307),
(3451,	'ro113',	4,	306),
(3452,	'ro113',	4,	307),
(3453,	'ro113',	5,	306),
(3454,	'ro113',	5,	307),
(3455,	'ro113',	6,	308),
(3456,	'ro115',	1,	306),
(3457,	'ro115',	1,	307),
(3458,	'ro115',	2,	306),
(3459,	'ro115',	2,	307),
(3460,	'ro115',	3,	306),
(3461,	'ro115',	3,	307),
(3462,	'ro115',	4,	306),
(3463,	'ro115',	4,	307),
(3464,	'ro115',	5,	306),
(3465,	'ro115',	5,	307),
(3466,	'ro116',	1,	306),
(3467,	'ro116',	1,	307),
(3468,	'ro116',	2,	306),
(3469,	'ro116',	2,	307),
(3470,	'ro116',	3,	306),
(3471,	'ro116',	3,	307),
(3472,	'ro116',	4,	306),
(3473,	'ro116',	4,	307),
(3474,	'ro116',	5,	306),
(3475,	'ro116',	5,	307),
(3476,	'ro118',	1,	306),
(3477,	'ro118',	1,	307),
(3478,	'ro118',	2,	306),
(3479,	'ro118',	2,	307),
(3480,	'ro118',	3,	306),
(3481,	'ro118',	3,	307),
(3482,	'ro118',	4,	306),
(3483,	'ro118',	4,	307),
(3484,	'ro118',	5,	306),
(3485,	'ro118',	5,	307),
(3486,	'ro119',	1,	306),
(3487,	'ro119',	1,	307),
(3488,	'ro119',	2,	306),
(3489,	'ro119',	2,	307),
(3490,	'ro119',	3,	306),
(3491,	'ro119',	3,	307),
(3492,	'ro119',	4,	306),
(3493,	'ro119',	4,	307),
(3494,	'ro119',	5,	306),
(3495,	'ro119',	5,	307),
(3496,	'ro121',	1,	306),
(3497,	'ro121',	1,	307),
(3498,	'ro121',	2,	306),
(3499,	'ro121',	2,	307),
(3500,	'ro121',	3,	306),
(3501,	'ro121',	3,	307),
(3502,	'ro121',	4,	306),
(3503,	'ro121',	4,	307),
(3504,	'ro121',	5,	306),
(3505,	'ro121',	5,	307),
(3506,	'ro121',	6,	308),
(3507,	'ro122',	1,	306),
(3508,	'ro122',	1,	307),
(3509,	'ro122',	2,	306),
(3510,	'ro122',	2,	307),
(3511,	'ro122',	3,	306),
(3512,	'ro122',	3,	307),
(3513,	'ro122',	4,	306),
(3514,	'ro122',	4,	307),
(3515,	'ro122',	5,	306),
(3516,	'ro122',	5,	307),
(3517,	'ro128',	1,	306),
(3518,	'ro128',	1,	307),
(3519,	'ro128',	2,	306),
(3520,	'ro128',	2,	307),
(3521,	'ro128',	3,	306),
(3522,	'ro128',	3,	307),
(3523,	'ro128',	4,	306),
(3524,	'ro128',	4,	307),
(3525,	'ro128',	5,	306),
(3526,	'ro128',	5,	307),
(3527,	'ro130',	1,	306),
(3528,	'ro130',	1,	307),
(3529,	'ro130',	2,	306),
(3530,	'ro130',	2,	307),
(3531,	'ro130',	3,	306),
(3532,	'ro130',	3,	307),
(3533,	'ro130',	4,	306),
(3534,	'ro130',	4,	307),
(3535,	'ro130',	5,	306),
(3536,	'ro130',	5,	307),
(3537,	'ro140',	1,	306),
(3538,	'ro140',	1,	307),
(3539,	'ro140',	2,	306),
(3540,	'ro140',	2,	307),
(3541,	'ro140',	3,	306),
(3542,	'ro140',	3,	307),
(3543,	'ro140',	4,	306),
(3544,	'ro140',	4,	307),
(3545,	'ro140',	5,	306),
(3546,	'ro140',	5,	307),
(3547,	'ro151',	1,	306),
(3548,	'ro151',	1,	307),
(3549,	'ro151',	2,	306),
(3550,	'ro151',	2,	307),
(3551,	'ro151',	3,	306),
(3552,	'ro151',	3,	307),
(3553,	'ro151',	4,	306),
(3554,	'ro151',	4,	307),
(3555,	'ro151',	5,	306),
(3556,	'ro151',	5,	307),
(3557,	'ro152',	1,	306),
(3558,	'ro152',	1,	307),
(3559,	'ro152',	2,	306),
(3560,	'ro152',	2,	307),
(3561,	'ro152',	3,	306),
(3562,	'ro152',	3,	307),
(3563,	'ro152',	4,	306),
(3564,	'ro152',	4,	307),
(3565,	'ro152',	5,	306),
(3566,	'ro152',	5,	307),
(3567,	'ro152',	6,	308),
(3568,	'ro153',	1,	306),
(3569,	'ro153',	1,	307),
(3570,	'ro153',	2,	306),
(3571,	'ro153',	2,	307),
(3572,	'ro153',	3,	306),
(3573,	'ro153',	3,	307),
(3574,	'ro153',	4,	306),
(3575,	'ro153',	4,	307),
(3576,	'ro153',	5,	306),
(3577,	'ro153',	5,	307),
(3578,	'ro154',	1,	306),
(3579,	'ro154',	1,	307),
(3580,	'ro154',	2,	306),
(3581,	'ro154',	2,	307),
(3582,	'ro154',	3,	306),
(3583,	'ro154',	3,	307),
(3584,	'ro154',	4,	306),
(3585,	'ro154',	4,	307),
(3586,	'ro154',	5,	306),
(3587,	'ro154',	5,	307),
(3588,	'ro154',	6,	308),
(3589,	'ro155',	1,	306),
(3590,	'ro155',	1,	307),
(3591,	'ro155',	2,	306),
(3592,	'ro155',	2,	307),
(3593,	'ro155',	3,	306),
(3594,	'ro155',	3,	307),
(3595,	'ro155',	4,	306),
(3596,	'ro155',	4,	307),
(3597,	'ro155',	5,	306),
(3598,	'ro155',	5,	307),
(3599,	'ro155',	6,	308),
(3600,	'ro156',	1,	306),
(3601,	'ro156',	1,	307),
(3602,	'ro156',	2,	306),
(3603,	'ro156',	2,	307),
(3604,	'ro156',	3,	306),
(3605,	'ro156',	3,	307),
(3606,	'ro156',	4,	306),
(3607,	'ro156',	4,	307),
(3608,	'ro156',	5,	306),
(3609,	'ro156',	5,	307),
(3610,	'ro156',	6,	308),
(3611,	'ro157',	1,	306),
(3612,	'ro157',	1,	307),
(3613,	'ro157',	2,	306),
(3614,	'ro157',	2,	307),
(3615,	'ro157',	3,	306),
(3616,	'ro157',	3,	307),
(3617,	'ro157',	4,	306),
(3618,	'ro157',	4,	307),
(3619,	'ro157',	5,	306),
(3620,	'ro157',	5,	307),
(3621,	'ro157',	6,	308),
(3236,	'ro2',	1,	292),
(3237,	'ro2',	2,	292),
(3238,	'ro2',	3,	292),
(3239,	'ro2',	4,	292),
(3240,	'ro2',	5,	292),
(3241,	'ro2',	6,	291),
(3242,	'ro2',	7,	291),
(3622,	'ro200',	1,	309),
(3623,	'ro200',	1,	310),
(3624,	'ro200',	2,	309),
(3625,	'ro200',	2,	310),
(3626,	'ro200',	3,	309),
(3627,	'ro200',	3,	310),
(3628,	'ro200',	4,	309),
(3629,	'ro200',	4,	310),
(3630,	'ro200',	5,	309),
(3631,	'ro200',	5,	310),
(3632,	'ro203',	1,	311),
(3633,	'ro203',	2,	311),
(3634,	'ro203',	3,	311),
(3635,	'ro203',	4,	311),
(3636,	'ro203',	5,	311),
(3637,	'ro203',	6,	32),
(3638,	'ro204',	1,	312),
(3639,	'ro204',	2,	312),
(3640,	'ro204',	3,	312),
(3641,	'ro204',	4,	312),
(3642,	'ro204',	5,	312),
(3643,	'ro204',	6,	32),
(3644,	'ro205',	1,	312),
(3645,	'ro205',	2,	312),
(3646,	'ro205',	3,	312),
(3647,	'ro205',	4,	312),
(3648,	'ro205',	5,	312),
(3649,	'ro205',	6,	32),
(3650,	'ro206',	1,	258),
(3651,	'ro206',	1,	313),
(3652,	'ro206',	2,	258),
(3653,	'ro206',	3,	258),
(3654,	'ro206',	3,	314),
(3655,	'ro206',	4,	258),
(3656,	'ro207',	1,	305),
(3657,	'ro207',	2,	8),
(3658,	'ro207',	3,	305),
(3659,	'ro207',	4,	8),
(3660,	'ro207',	5,	305),
(3661,	'ro207',	6,	315),
(3662,	'ro209',	1,	316),
(3663,	'ro209',	2,	317),
(3664,	'ro209',	3,	317),
(3665,	'ro209',	4,	317),
(3666,	'ro209',	5,	317),
(3667,	'ro209',	6,	258),
(3668,	'ro211',	1,	318),
(3669,	'ro211',	2,	318),
(3670,	'ro211',	3,	318),
(3671,	'ro211',	4,	318),
(3672,	'ro211',	5,	318),
(3673,	'ro213',	1,	32),
(3674,	'ro213',	1,	319),
(3675,	'ro213',	2,	32),
(3676,	'ro213',	2,	320),
(3677,	'ro213',	3,	32),
(3678,	'ro213',	3,	298),
(3679,	'ro213',	4,	32),
(3680,	'ro213',	4,	319),
(3681,	'ro213',	5,	32),
(3682,	'ro213',	5,	321),
(3243,	'ro3',	1,	292),
(3244,	'ro3',	2,	292),
(3245,	'ro3',	3,	292),
(3246,	'ro3',	4,	292),
(3247,	'ro3',	5,	292),
(3248,	'ro3',	6,	291),
(3249,	'ro3',	7,	291),
(3250,	'ro4',	1,	293),
(3251,	'ro4',	2,	293),
(3252,	'ro4',	3,	293),
(3253,	'ro4',	4,	293),
(3254,	'ro4',	5,	293),
(3255,	'ro4',	6,	294),
(3256,	'ro5',	1,	291),
(3257,	'ro5',	2,	291),
(3258,	'ro5',	3,	291),
(3259,	'ro5',	4,	291),
(3260,	'ro5',	5,	291),
(3261,	'ro5',	6,	291),
(3262,	'ro5',	7,	291),
(3288,	'ro51',	1,	296),
(3289,	'ro51',	1,	297),
(3290,	'ro51',	2,	296),
(3291,	'ro51',	2,	297),
(3292,	'ro51',	3,	296),
(3293,	'ro51',	3,	297),
(3294,	'ro51',	4,	296),
(3295,	'ro51',	4,	297),
(3296,	'ro51',	5,	296),
(3297,	'ro51',	5,	297),
(3298,	'ro51',	6,	296),
(3299,	'ro52',	1,	32),
(3300,	'ro52',	1,	298),
(3301,	'ro52',	2,	32),
(3302,	'ro52',	2,	298),
(3303,	'ro52',	3,	32),
(3304,	'ro52',	3,	298),
(3305,	'ro52',	4,	32),
(3306,	'ro52',	4,	298),
(3307,	'ro52',	5,	32),
(3308,	'ro52',	5,	298),
(3263,	'ro6',	1,	291),
(3264,	'ro6',	2,	291),
(3265,	'ro6',	3,	291),
(3266,	'ro6',	4,	291),
(3267,	'ro6',	5,	291),
(3268,	'ro6',	6,	291),
(3269,	'ro6',	7,	291),
(3309,	'ro61',	1,	299),
(3310,	'ro61',	1,	300),
(3311,	'ro61',	2,	299),
(3312,	'ro61',	2,	300),
(3313,	'ro61',	3,	299),
(3314,	'ro61',	3,	300),
(3315,	'ro61',	4,	299),
(3316,	'ro61',	4,	300),
(3317,	'ro61',	5,	299),
(3318,	'ro61',	5,	300),
(3319,	'ro61',	6,	32),
(3320,	'ro61',	6,	301),
(3322,	'ro62',	1,	298),
(3321,	'ro62',	1,	302),
(3323,	'ro62',	2,	302),
(3324,	'ro62',	2,	303),
(3326,	'ro62',	3,	298),
(3325,	'ro62',	3,	302),
(3327,	'ro62',	4,	302),
(3328,	'ro62',	4,	303),
(3329,	'ro62',	5,	304),
(3270,	'ro7',	1,	295),
(3271,	'ro7',	2,	295),
(3272,	'ro7',	3,	295),
(3273,	'ro7',	4,	295),
(3274,	'ro7',	5,	8),
(3275,	'ro8',	1,	291),
(3276,	'ro8',	2,	291),
(3277,	'ro8',	3,	291),
(3278,	'ro8',	4,	291),
(3279,	'ro8',	5,	291),
(3280,	'ro8',	6,	291),
(3281,	'ro8',	7,	291),
(3282,	'ro9',	1,	293),
(3283,	'ro9',	2,	293),
(3284,	'ro9',	3,	293),
(3285,	'ro9',	4,	293),
(3286,	'ro9',	5,	293),
(3287,	'ro9',	6,	294),
(3330,	'ro99',	1,	305),
(3331,	'ro99',	2,	8),
(3332,	'ro99',	3,	305),
(3333,	'ro99',	4,	8),
(3334,	'ro99',	5,	8);

DROP TABLE IF EXISTS `pid_pay_methods`;
CREATE TABLE `pid_pay_methods` (
  `id` int(11) NOT NULL,
  `name` varchar(255) COLLATE utf8mb4_unicode_ci DEFAULT NULL,
  UNIQUE KEY `pid_pay_methods_id_unique` (`id`),
  KEY `pid_pay_methods_id_index` (`id`)
) ENGINE=InnoDB DEFAULT CHARSET=utf8mb4 COLLATE=utf8mb4_unicode_ci;

INSERT INTO `pid_pay_methods` (`id`, `name`) VALUES
(1,	NULL),
(3,	NULL),
(5,	NULL),
(13,	NULL),
(15,	NULL);

DROP TABLE IF EXISTS `pid_sales`;
CREATE TABLE `pid_sales` (
  `id` varchar(255) COLLATE utf8mb4_unicode_ci NOT NULL,
  `pid_type_id` bigint(20) unsigned NOT NULL,
  `name` varchar(255) COLLATE utf8mb4_unicode_ci NOT NULL,
  `link` varchar(255) COLLATE utf8mb4_unicode_ci DEFAULT NULL,
  `remarks` varchar(255) COLLATE utf8mb4_unicode_ci DEFAULT NULL,
  `address` varchar(255) COLLATE utf8mb4_unicode_ci NOT NULL,
  `lat` double(10,6) NOT NULL,
  `lon` double(10,6) NOT NULL,
  `pid_service_id` bigint(20) NOT NULL,
  `pid_pay_method_id` int(11) NOT NULL,
  PRIMARY KEY (`id`),
  UNIQUE KEY `id` (`id`),
  KEY `type_id` (`pid_type_id`),
  KEY `pay_method_id` (`pid_pay_method_id`),
  KEY `pid_service_id` (`pid_service_id`),
  KEY `name` (`name`),
  CONSTRAINT `pid_sales_ibfk_1` FOREIGN KEY (`pid_type_id`) REFERENCES `pid_types` (`id`) ON DELETE CASCADE ON UPDATE CASCADE,
  CONSTRAINT `pid_sales_ibfk_2` FOREIGN KEY (`pid_pay_method_id`) REFERENCES `pid_pay_methods` (`id`) ON DELETE NO ACTION ON UPDATE NO ACTION,
  CONSTRAINT `pid_sales_ibfk_3` FOREIGN KEY (`pid_service_id`) REFERENCES `pid_services` (`id`) ON DELETE NO ACTION ON UPDATE NO ACTION
) ENGINE=InnoDB DEFAULT CHARSET=utf8mb4 COLLATE=utf8mb4_unicode_ci;

INSERT INTO `pid_sales` (`id`, `pid_type_id`, `name`, `link`, `remarks`, `address`, `lat`, `lon`, `pid_service_id`, `pid_pay_method_id`) VALUES
('cd530147',	2,	'Vetaty',	'https://www.cd.cz/stanice/5453014',	NULL,	'',	50.282425,	14.584542,	3,	15),
('cd530188',	2,	'Mlnk',	'https://www.cd.cz/stanice/5453018',	NULL,	'',	50.352978,	14.492428,	3,	15),
('cd530469',	2,	'valy',	'https://www.cd.cz/stanice/5453046',	NULL,	'',	50.074710,	14.722916,	3,	15),
('cd530568',	2,	'Praha-Klnovice',	'https://www.cd.cz/stanice/5453056',	NULL,	'',	50.087128,	14.663818,	3,	15),
('cd530667',	2,	'esk Brod',	'https://www.cd.cz/stanice/5453066',	NULL,	'',	50.076668,	14.866304,	3,	15),
('cd530964',	2,	'Poany',	'https://www.cd.cz/stanice/5453096',	NULL,	'',	50.111153,	14.922384,	3,	15),
('cd531145',	2,	'Lys nad Labem',	'https://www.cd.cz/stanice/5453114',	NULL,	'',	50.195600,	14.842233,	3,	15),
('cd531160',	2,	'Peky',	'https://www.cd.cz/stanice/5453116',	NULL,	'',	50.089800,	15.027101,	3,	15),
('cd531343',	2,	'Kostomlaty nad Labem',	'https://www.cd.cz/stanice/5453134',	NULL,	'',	50.185970,	14.961676,	3,	15),
('cd531566',	2,	'Velim',	'https://www.cd.cz/stanice/5453156',	NULL,	'',	50.067610,	15.124669,	3,	15),
('cd531863',	2,	'Karltejn',	'https://www.cd.cz/stanice/5453186',	NULL,	'',	49.931950,	14.175332,	3,	15),
('cd532069',	2,	'Zadn Teba',	'https://www.cd.cz/stanice/5453206',	NULL,	'',	49.918804,	14.203210,	3,	15),
('cd532143',	2,	'Nymburk hlavn ndra',	'https://www.cd.cz/stanice/5453214',	NULL,	'',	50.193500,	15.045537,	2,	15),
('cd532168',	2,	'evnice',	'https://www.cd.cz/stanice/5453216',	NULL,	'',	49.916460,	14.238839,	3,	15),
('cd532267',	2,	'Dobichovice',	'https://www.cd.cz/stanice/5453226',	NULL,	'',	49.927450,	14.287925,	3,	15),
('cd532341',	2,	'Podbrady',	'https://www.cd.cz/stanice/5453234',	NULL,	'',	50.149303,	15.124256,	3,	15),
('cd532465',	2,	'ernoice-Mokropsy',	'https://www.cd.cz/stanice/5453246',	NULL,	'',	49.946200,	14.330513,	3,	15),
('cd532564',	2,	'Praha-Radotn',	'https://www.cd.cz/stanice/5453256',	NULL,	'',	49.985950,	14.364242,	3,	15),
('cd532663',	2,	'ernoice',	'https://www.cd.cz/stanice/5453266',	NULL,	'',	49.959810,	14.323516,	3,	15),
('cd533141',	2,	'Velk Osek',	'https://www.cd.cz/stanice/5453314',	NULL,	'',	50.101910,	15.193458,	3,	15),
('cd534149',	2,	'Koln',	'https://www.cd.cz/stanice/5453414',	NULL,	'',	50.025240,	15.214383,	2,	15),
('cd534248',	2,	'Koln zastvka',	'https://www.cd.cz/stanice/5453424',	NULL,	'',	50.030556,	15.195548,	3,	15),
('cd534743',	2,	'Tnec nad Labem',	'https://www.cd.cz/stanice/5453474',	NULL,	'',	50.037840,	15.359918,	3,	15),
('cd535161',	2,	'Kladno',	'https://www.cd.cz/stanice/5453516',	NULL,	'',	50.127827,	14.113872,	3,	15),
('cd535567',	2,	'Kladno msto',	'https://www.cd.cz/stanice/5453556',	NULL,	'',	50.142017,	14.083683,	3,	15),
('cd536565',	2,	'Hostivice',	'https://www.cd.cz/stanice/5453656',	NULL,	'',	50.084133,	14.258448,	3,	15),
('cd538066',	2,	'Slan',	'https://www.cd.cz/stanice/5453806',	NULL,	'',	50.228550,	14.075700,	3,	15),
('cd540146',	2,	'Kutn Hora hlavn ndra',	'https://www.cd.cz/stanice/5454014',	NULL,	'',	49.961720,	15.301146,	3,	15),
('cd540443',	2,	'slav',	'https://www.cd.cz/stanice/5454044',	NULL,	'',	49.915585,	15.394312,	2,	15),
('cd543512',	2,	'Mnichovo Hradit',	'https://www.cd.cz/stanice/5454351',	NULL,	'',	50.518337,	14.978161,	3,	15),
('cd543967',	2,	'Kralupy nad Vltavou',	'https://www.cd.cz/stanice/5454396',	NULL,	'',	50.238200,	14.313855,	3,	15),
('cd544148',	2,	'Milovice',	'https://www.cd.cz/stanice/5454414',	NULL,	'',	50.229202,	14.881689,	3,	15),
('cd544361',	2,	'Libice nad Vltavou',	'https://www.cd.cz/stanice/5454436',	NULL,	'',	50.199960,	14.364194,	3,	15),
('cd544510',	2,	'Mlad Boleslav hlavn ndra',	'https://www.cd.cz/stanice/5454451',	NULL,	'',	50.407340,	14.887203,	3,	15),
('cd544668',	2,	'Roztoky u Prahy',	'https://www.cd.cz/stanice/5454466',	NULL,	'',	50.159492,	14.398397,	3,	15),
('cd545145',	2,	'Sadsk',	'https://www.cd.cz/stanice/5454514',	NULL,	'',	50.131320,	14.986686,	3,	15),
('cd545665',	2,	'Velvary',	'https://www.cd.cz/stanice/5454566',	NULL,	'',	50.282220,	14.243290,	3,	15),
('cd546465',	2,	'Brands nad Labem',	'https://www.cd.cz/stanice/5454646',	NULL,	'',	50.183918,	14.653597,	3,	15),
('cd546861',	2,	'Neratovice',	'https://www.cd.cz/stanice/5454686',	NULL,	'',	50.262703,	14.517573,	3,	15),
('cd547760',	2,	'elkovice',	'https://www.cd.cz/stanice/5454776',	NULL,	'',	50.157850,	14.754366,	3,	15),
('cd548263',	2,	'Praha-Horn Poernice',	'https://www.cd.cz/stanice/5454826',	NULL,	'',	50.116303,	14.610770,	3,	15),
('cd549568',	2,	'Praha-Uhnves',	'https://www.cd.cz/stanice/5454956',	NULL,	'',	50.033787,	14.591290,	3,	15),
('cd549865',	2,	'any',	'https://www.cd.cz/stanice/5454986',	NULL,	'',	49.997180,	14.664269,	3,	3),
('cd550061',	2,	'Stranice',	'https://www.cd.cz/stanice/5455006',	NULL,	'',	49.949482,	14.677736,	3,	15),
('cd550160',	2,	'Mnichovice',	'https://www.cd.cz/stanice/5455016',	NULL,	'',	49.932583,	14.707152,	3,	15),
('cd550269',	2,	'Senohraby',	'https://www.cd.cz/stanice/5455026',	NULL,	'',	49.897050,	14.727526,	3,	15),
('cd550467',	2,	'erany',	'https://www.cd.cz/stanice/5455046',	NULL,	'',	49.851430,	14.701940,	3,	15),
('cd551069',	2,	'Beneov u Prahy',	'https://www.cd.cz/stanice/5455106',	NULL,	'',	49.781357,	14.681828,	2,	15),
('cd551366',	2,	'Olbramovice',	'https://www.cd.cz/stanice/5455136',	NULL,	'',	49.666748,	14.624047,	3,	15),
('cd551762',	2,	'Sedlany',	'https://www.cd.cz/stanice/5455176',	NULL,	'',	49.655870,	14.434334,	3,	15),
('cd553560',	2,	'Vlaim',	'https://www.cd.cz/stanice/5455356',	NULL,	'',	49.700474,	14.897585,	2,	15),
('cd555466',	2,	'Vran nad Vltavou',	'https://www.cd.cz/stanice/5455546',	NULL,	'',	49.938557,	14.381121,	3,	15),
('cd557868',	2,	'Tnec nad Szavou',	'https://www.cd.cz/stanice/5455786',	NULL,	'',	49.834103,	14.592860,	3,	15),
('cd559666',	2,	'Szava',	'https://www.cd.cz/stanice/5455966',	NULL,	'',	49.875180,	14.906240,	3,	15),
('cd559914',	2,	'Mlad Boleslav msto',	'https://www.cd.cz/stanice/5455991',	NULL,	'',	50.419290,	14.915691,	3,	15),
('cd561365',	2,	'Zru nad Szavou',	'https://www.cd.cz/stanice/5456136',	NULL,	'',	49.738457,	15.103987,	3,	15),
('cd563460',	2,	'Kutn Hora msto',	'https://www.cd.cz/stanice/5456346',	NULL,	'',	49.949883,	15.277333,	3,	15),
('cd570168',	2,	'Praha-Brank',	'https://www.cd.cz/stanice/5457016',	NULL,	'',	50.027874,	14.406891,	3,	15),
('cd570663',	2,	'Praha-Dejvice',	'https://www.cd.cz/stanice/5457066',	NULL,	'',	50.096874,	14.399503,	3,	15),
('cd570762',	2,	'Praha hlavn ndra',	'https://www.cd.cz/stanice/5457076',	NULL,	'',	50.082638,	14.435471,	3,	15),
('cd570960',	2,	'Praha-Hostiva',	'https://www.cd.cz/stanice/5457096',	NULL,	'',	50.055110,	14.535816,	3,	15),
('cd571760',	2,	'Praha-Libe',	'https://www.cd.cz/stanice/5457176',	NULL,	'',	50.100807,	14.501391,	3,	15),
('cd572263',	2,	'Praha-Smchov',	'https://www.cd.cz/stanice/5457226',	NULL,	'',	50.061110,	14.408044,	3,	15),
('cd572362',	2,	'Praha Masarykovo ndra',	'https://www.cd.cz/stanice/5457236',	NULL,	'',	50.087650,	14.434708,	3,	15),
('cd572560',	2,	'Praha-Holeovice',	'https://www.cd.cz/stanice/5457256',	NULL,	'',	50.110638,	14.439707,	3,	15),
('cd572669',	2,	'Praha-Veleslavn',	'https://www.cd.cz/stanice/5457266',	NULL,	'',	50.095078,	14.346415,	3,	15),
('cd572768',	2,	'Praha-Vrovice',	'https://www.cd.cz/stanice/5457276',	NULL,	'',	50.065018,	14.446503,	3,	15),
('cd572792',	2,	'Praha-Zahradn Msto',	'https://www.cd.cz/stanice/5457279',	NULL,	'',	50.062298,	14.503407,	3,	15),
('cd573162',	2,	'Praha-Vysoany',	'https://www.cd.cz/stanice/5457316',	NULL,	'',	50.112324,	14.497362,	3,	15),
('cd592063',	2,	'Praha Letit',	'https://www.cd.cz/stanice/5459206',	NULL,	'',	50.075996,	14.405083,	3,	15),
('cd730747',	2,	'Beroun',	'https://www.cd.cz/stanice/5473074',	NULL,	'',	49.956978,	14.075825,	2,	15),
('cd731042',	2,	'Zdice',	'https://www.cd.cz/stanice/5473104',	NULL,	'',	49.907837,	13.979734,	3,	15),
('cd731349',	2,	'Hoovice',	'https://www.cd.cz/stanice/5473134',	NULL,	'',	49.843388,	13.899317,	3,	15),
('cd760942',	2,	'Rakovnk',	'https://www.cd.cz/stanice/5476094',	NULL,	'',	50.099007,	13.736037,	2,	15),
('cd761643',	2,	'Jesenice',	'https://www.cd.cz/stanice/5476164',	NULL,	'',	50.093117,	13.471790,	3,	15),
('cd768846',	2,	'Jince',	'https://www.cd.cz/stanice/5476884',	NULL,	'',	49.782230,	13.987282,	3,	15),
('cd769042',	2,	'Pbram',	'https://www.cd.cz/stanice/5476904',	NULL,	'',	49.688930,	14.003267,	3,	15),
('cd769349',	2,	'Beznice',	'https://www.cd.cz/stanice/5476934',	NULL,	'',	49.558350,	13.964039,	3,	15),
('dp1',	1,	'Petn',	NULL,	NULL,	'Lanovka na Petn, Praha 1',	50.082027,	14.396535,	1,	5),
('dp100',	1,	'Bakovsk',	NULL,	NULL,	'Bakovsk, Kbely, Praha 9',	50.134808,	14.549102,	1,	1),
('dp1001',	1,	'Podolsk vodrna',	NULL,	NULL,	'Podolsk nbe 16, Podol, Praha 4',	50.059044,	14.419694,	1,	5),
('dp1003',	1,	'Libe D',	NULL,	NULL,	'eskomoravsk 24, Libe ndra, Praha 9',	50.101310,	14.501909,	1,	5),
('dp1004',	1,	'I. P. Pavlova',	NULL,	NULL,	'Blehradsk 87, Vinohrady, Praha 2',	50.075737,	14.432008,	1,	5),
('dp1005',	1,	'Bl Hora',	NULL,	NULL,	'Karlovarsk, Ruzyn, Praha 6',	50.075573,	14.322725,	1,	5),
('dp1006',	1,	'Ndra Podbaba',	NULL,	NULL,	'Jugoslvskch partyzn, Dejvice, Praha 6',	50.111187,	14.394013,	1,	5),
('dp1007',	1,	'Albertov',	NULL,	NULL,	'Na Slupi, Nov Msto, Praha 2',	50.067127,	14.421616,	1,	5),
('dp101',	1,	'Uhnves',	NULL,	NULL,	'Nov nmst 1257/8, Uhnves, Praha 22',	50.031452,	14.599881,	1,	1),
('dp102',	1,	'Kbely',	NULL,	NULL,	'Mladoboleslavsk 565, Kbely, Praha 9',	50.131016,	14.551804,	1,	1),
('dp1021',	1,	'Ndra Hostiva',	NULL,	NULL,	'Plukovnka Mrze, Hostiva, Praha 10',	50.053894,	14.536899,	1,	5),
('dp1033',	1,	'Pohoelec',	NULL,	NULL,	'Keplerova, Hradany, Praha 1',	50.087627,	14.388312,	1,	5),
('dp1034',	1,	'Drun',	NULL,	NULL,	'eskoslovenskho exilu, Modany, Praha 4',	50.012230,	14.417258,	1,	5),
('dp104',	1,	'Kostelec nad ernmi lesy, nm.',	NULL,	NULL,	'Nmst Smiickch, Kostelec nad ernmi lesy',	49.994194,	14.860265,	1,	1),
('dp1046',	1,	'Sdlit Petiny',	NULL,	NULL,	'Na Petinch 91, Petiny, Praha 6',	50.086903,	14.340444,	1,	5),
('dp1048',	1,	'epy Slnsk',	NULL,	NULL,	'Makovskho, epy, Praha 6',	50.064720,	14.308230,	1,	5),
('dp1049',	1,	'Malostransk nmst',	NULL,	NULL,	'Malostransk nmst, Mal Strana, Praha 1',	50.088077,	14.404284,	1,	5),
('dp1056',	1,	'Divok rka',	NULL,	NULL,	'Evropsk, Liboc, Praha 6',	50.091946,	14.499528,	1,	5),
('dp1057',	1,	'Spojovac',	NULL,	NULL,	'Spojovac, ikov, Praha 3',	50.091835,	14.498612,	1,	5),
('dp1064',	1,	'Ndra Brank',	NULL,	NULL,	'Pikovick, Brank, Praha 4',	50.028778,	14.406518,	1,	5),
('dp1065',	1,	'Dvorce',	NULL,	NULL,	'Podolsk nbe, Podol, Praha 4',	50.046970,	14.414103,	1,	5),
('dp1078',	1,	'Letensk nmst',	NULL,	NULL,	'Letensk nmst, Holeovice, Praha 7',	50.100048,	14.423267,	1,	5),
('dp1087',	1,	'Blatiny',	NULL,	NULL,	'Makovskho, epy, Praha 6',	50.065613,	14.303537,	1,	5),
('dp1089',	1,	'Strossmayerovo nmst',	NULL,	NULL,	'Milady Horkov 7, Holeovice, Praha 7',	50.098953,	14.432263,	1,	5),
('dp1090',	1,	'Slivenec',	NULL,	NULL,	'Ke Smchovu 22, Slivenec, Praha 5',	50.019200,	14.354398,	1,	5),
('dp1092',	1,	'Zemdlsk univerzita I (BUS)',	NULL,	NULL,	'Kamck, Suchdol, Praha 6',	50.132523,	14.377835,	1,	5),
('dp11',	1,	'Mnek pod Brdy',	NULL,	NULL,	'Nmst F.X.Svobody, Mnek pod Brdy',	49.866470,	14.261243,	1,	1),
('dp110',	1,	'Mlnk, autobusov stanovit',	NULL,	NULL,	'Autobusov ndra, Mlnk',	50.075645,	14.515497,	1,	1),
('dp1105',	1,	'Zoologick zahrada',	NULL,	NULL,	'U Trojskho zmku, Troja, Praha 7',	50.116417,	14.411441,	1,	5),
('dp1107',	1,	'Nebozzek',	NULL,	NULL,	'Lanovka na Petn, Praha 1',	50.082253,	14.399166,	1,	5),
('dp1108',	1,	'Obchodn centrum Srsk (Globus Zlin)',	NULL,	NULL,	'Srsk, Tebonice, Praha 5',	50.052776,	14.295853,	1,	5),
('dp1109',	1,	'Prask hrad',	NULL,	NULL,	'Jelen, Hradany, Praha 1',	50.093308,	14.397930,	1,	5),
('dp1115',	1,	'Vozovna Kobylisy',	NULL,	NULL,	'Klapkova, Kobylisy, Praha 8',	50.132790,	14.453628,	1,	5),
('dp1117',	1,	'Sdlit Prosek',	NULL,	NULL,	'Vysoansk, Prosek, Praha 9',	50.122093,	14.493994,	1,	5),
('dp1120',	1,	'Ortenovo nmst',	NULL,	NULL,	'Ortenovo nmst, Holeovice, Praha 7',	50.107887,	14.447213,	1,	5),
('dp1126',	1,	'Na Padestm',	NULL,	NULL,	'Prbn, Stranice, Praha 10',	50.064754,	14.504071,	1,	5),
('dp1130',	1,	'Vozovna Steovice',	NULL,	NULL,	'Patokova, Steovice, Praha 6',	50.093994,	14.390230,	1,	5),
('dp1137',	1,	'Zahradn Msto',	NULL,	NULL,	'vehlova, Zahradn Msto, Praha 10',	50.060818,	14.505777,	1,	5),
('dp1145',	1,	'Obchodn centrum Hostiva',	NULL,	NULL,	'vehlova, Zahradn Msto, Praha 10',	50.053460,	14.519462,	1,	5),
('dp1146',	1,	'Vto',	NULL,	NULL,	'Ranovo nbe, Nov Msto, Praha 2',	50.068016,	14.415095,	1,	5),
('dp1147',	1,	'Zbraslavsk nmst',	NULL,	NULL,	'Zbraslavsk nmst, Zbraslav, Praha 5',	49.976288,	14.393869,	1,	5),
('dp1148',	1,	'Klnovice D',	NULL,	NULL,	'Klnovice ndra, Praha 9',	50.087273,	14.663780,	1,	5),
('dp1149',	1,	'Horn Poernice D',	NULL,	NULL,	'Horn Poernice ndra, Praha 9',	50.116570,	14.612858,	1,	5),
('dp1155',	1,	'999 skl Klobounick',	NULL,	NULL,	'Klobounick, Nusle, Praha 4',	50.060276,	14.449857,	1,	5),
('dp1156',	1,	'Marjnka',	NULL,	NULL,	'Blohorsk 33, Bevnov, Praha 6',	50.084373,	14.375481,	1,	5),
('dp1157',	1,	'Kotlka',	NULL,	NULL,	'Plzesk, Koe, Praha 5',	50.069706,	14.362112,	1,	5),
('dp116',	1,	'Roztoky D',	NULL,	NULL,	'ndra, Roztoky u Prahy',	50.159656,	14.398047,	1,	1),
('dp1167',	1,	'Michelsk doas. MP',	NULL,	NULL,	'U Plynrny 11, Michle, Praha 4',	50.055140,	14.453792,	1,	5),
('dp1169',	1,	'Balabenka',	NULL,	NULL,	'Nmst Na Balabence, Libe, Praha 9',	50.105020,	14.483280,	1,	5),
('dp1170',	1,	'Myslkova',	NULL,	NULL,	'Myslkova 27, Nov Msto, Praha 1',	50.078106,	14.418434,	1,	5),
('dp1176',	1,	'Ohrada',	NULL,	NULL,	'Konvova 114, ikov, Praha 3',	50.090218,	14.468319,	1,	5),
('dp1177',	1,	'Kavalrka',	NULL,	NULL,	'Plzesk 189, Koe, Praha 5',	50.069900,	14.370263,	1,	5),
('dp1179',	1,	'akovice',	NULL,	NULL,	'Vojkova, akovice, Praha 9',	50.151310,	14.531022,	1,	5),
('dp118',	1,	'Hostivice D',	NULL,	NULL,	'ndra, Hostivice - Praha zpad',	50.083820,	14.258309,	1,	1),
('dp1188',	1,	'Kajetnka',	NULL,	NULL,	'Patokova 51, Bevnov, Praha 6',	50.086456,	14.372154,	1,	5),
('dp119',	1,	'999 skl Hotel Don Giovanni',	NULL,	NULL,	'elivskho, Praha 3',	50.078500,	14.476048,	1,	1),
('dp1195',	1,	'Olansk nmst',	NULL,	NULL,	'Tboritsk 24, ikov, Praha 3',	50.082270,	14.457689,	1,	5),
('dp1197',	1,	'Klamovka',	NULL,	NULL,	'Plzesk 129b, Koe, Praha 5',	50.070465,	14.379044,	1,	5),
('dp1198',	1,	'U Matje',	NULL,	NULL,	'reck, Dejvice, Praha 6',	50.112213,	14.379811,	1,	5),
('dp1206',	1,	'Sdlit Lhotka',	NULL,	NULL,	'Lhoteck, Kamk, Praha 4',	50.016980,	14.432980,	1,	5),
('dp1207',	1,	'evnice D',	NULL,	NULL,	'ndra, evnice',	49.916490,	14.238824,	1,	5),
('dp1208',	1,	'Jlovsk',	NULL,	NULL,	'Novodvorsk, Lhotka, Praha 4',	50.026634,	14.429847,	1,	5),
('dp1209',	1,	'Nmst Brat Synk',	NULL,	NULL,	'Nmst Brat Synk, Nusle, Praha 4',	50.064500,	14.440793,	1,	5),
('dp1210',	1,	'999 skl doas.Pavelkova',	NULL,	NULL,	'eskoslovenskho exilu, Modany, Praha 4',	50.000046,	14.426854,	1,	5),
('dp1216',	1,	'Bulovka',	NULL,	NULL,	'Budnova 2, Libe, Praha 8',	50.115658,	14.464706,	1,	5),
('dp1217',	1,	'vandovo divadlo',	NULL,	NULL,	'tefnikova, Smchov, Praha 5',	50.078445,	14.404368,	1,	5),
('dp1218',	1,	'doas.MP U Zvonu',	NULL,	NULL,	'Plzesk, Koe, Praha 5',	50.071520,	14.386809,	1,	5),
('dp1219',	1,	'Nemocnice Kr',	NULL,	NULL,	'Vdesk, Kr, Praha 4',	50.030804,	14.455188,	1,	5),
('dp1229',	1,	'Divadlo Gong',	NULL,	NULL,	'Sokolovsk, Libe, Praha 9',	50.106853,	14.488714,	1,	5),
('dp1230',	1,	'Poliklinika Vysoany',	NULL,	NULL,	'Sokolovsk, Vysoany, Praha 9',	50.109070,	14.495082,	1,	5),
('dp125',	1,	'Chodovsk',	NULL,	NULL,	'U Plynrny, Michle, Praha 10',	50.056942,	14.468603,	1,	1),
('dp127',	1,	'ernoice D',	NULL,	NULL,	'Radotnsk, ernoice - Praha zpad',	49.959034,	14.323244,	1,	1),
('dp128',	1,	'valy D',	NULL,	NULL,	'ndra, valy - Praha vchod',	50.074710,	14.722751,	1,	1),
('dp129',	1,	'Gercenova',	NULL,	NULL,	'Plukovnka Mrze, Hostiva, Praha 10',	50.050346,	14.543693,	1,	5),
('dp1291',	1,	'Habrov',	NULL,	NULL,	'Habrov, ikov, Praha 3',	50.087826,	14.490652,	1,	5),
('dp1292',	1,	'Lipansk',	NULL,	NULL,	'Seifertova 46, ikov, Praha 3',	50.084080,	14.452665,	1,	5),
('dp1293',	1,	'Viktoria ikov (Husineck)',	NULL,	NULL,	'Seifertova 47, ikov, Praha 3',	50.085075,	14.445112,	1,	5),
('dp1295',	1,	'Malvazinky',	NULL,	NULL,	'Peroutkova, Smchov, Praha 5',	50.064976,	14.388609,	1,	5),
('dp1296',	1,	'Plaansk',	NULL,	NULL,	'Poernick, Maleice, Praha 10',	50.081760,	14.498951,	1,	5),
('dp1297',	1,	'Bohemians',	NULL,	NULL,	'Vrovick 44, Vrovice, Praha 10',	50.066338,	14.456233,	1,	5),
('dp1298',	1,	'Lehovec',	NULL,	NULL,	'Podbradsk, Hloubtn, Praha 9',	50.106850,	14.547154,	1,	5),
('dp1335',	1,	'jezd',	NULL,	NULL,	'na sloupu, Lanovka na Petn, Praha 1',	50.082714,	14.403904,	1,	5),
('dp1336',	1,	'Ratiboick',	NULL,	NULL,	'Jvansk, Horn Poernice, Praha 9',	50.111576,	14.614498,	1,	5),
('dp1337',	1,	'jezd',	NULL,	NULL,	'na zdi, Lanovka na Petn, Praha 1',	50.082714,	14.403904,	1,	5),
('dp1343',	1,	'Sdlit Bohnice',	NULL,	NULL,	'Zhoeleck, Bohnice, Praha 8',	50.131466,	14.411648,	1,	5),
('dp1344',	1,	'Odra',	NULL,	NULL,	'Lodsk, Bohnice, Praha 8',	50.130726,	14.423743,	1,	5),
('dp1345',	1,	'Koleje Strahov',	NULL,	NULL,	'Vankova, Bevnov, Praha 6',	50.080770,	14.390160,	1,	5),
('dp1346',	1,	'Vojensk nemocnice',	NULL,	NULL,	'Na Petinch, Bevnov, Praha 6',	50.091656,	14.360214,	1,	5),
('dp1347',	1,	'erven Vrch',	NULL,	NULL,	'Evropsk 109, Vokovice, Praha 6',	50.096540,	14.351730,	1,	5),
('dp1348',	1,	'Sdlit erven Vrch',	NULL,	NULL,	'Evropsk, Vokovice, Praha 6',	50.097870,	14.359405,	1,	5),
('dp1354',	1,	'Krakov',	NULL,	NULL,	'Lodsk, Bohnice, Praha 8',	50.127956,	14.417324,	1,	5),
('dp1355',	1,	'Poliklinika Mazursk',	NULL,	NULL,	'Mazursk, Bohnice, Praha 8',	50.127148,	14.413983,	1,	5),
('dp1356',	1,	'imice',	NULL,	NULL,	'imick, imice, Praha 8',	50.140965,	14.430447,	1,	5),
('dp1357',	1,	'Sdlit imice',	NULL,	NULL,	'imick, imice, Praha 8',	50.144180,	14.432088,	1,	5),
('dp1358',	1,	'epnsk',	NULL,	NULL,	'imick, imice, Praha 8',	50.133550,	14.430251,	1,	5),
('dp1359',	1,	'Podhajsk pole',	NULL,	NULL,	'imick, Bohnice, Praha 8',	50.129574,	14.430736,	1,	5),
('dp1366',	1,	'Mstsk archiv',	NULL,	NULL,	'Blaimsk, Chodov, Praha 4',	50.041153,	14.495585,	1,	5),
('dp1367',	1,	'Vozovna ikov',	NULL,	NULL,	'Konvova, ikov, Praha 3',	50.091724,	14.475766,	1,	5),
('dp1369',	1,	'Sdlit blice',	NULL,	NULL,	'blick, blice, Praha 8',	50.132652,	14.478910,	1,	5),
('dp138',	1,	'esk Brod D',	NULL,	NULL,	'ndra, esk Brod',	50.076428,	14.865757,	1,	1),
('dp139',	1,	'Hostivice',	NULL,	NULL,	'eskoslov.armdy 17, Hostivice - Praha zpad',	50.081245,	14.255687,	1,	1),
('dp1404',	1,	'Hluikova',	NULL,	NULL,	'Plzesk 265, epy, Praha 5',	50.063732,	14.316146,	1,	5),
('dp1407',	1,	'Sdlit Maleice',	NULL,	NULL,	'Poernick, Maleice, Praha 10',	50.083180,	14.508321,	1,	5),
('dp1408',	1,	'Hlavn',	NULL,	NULL,	'Hlavn, Spoilov, Praha 4',	50.047130,	14.486563,	1,	5),
('dp1409',	1,	'Obchodn nmst',	NULL,	NULL,	'Obchodn nmst, Modany, Praha 4',	50.005024,	14.404642,	1,	5),
('dp1410',	1,	'Otakarova',	NULL,	NULL,	'Otakarova, Nusle, Praha 4',	50.065594,	14.439973,	1,	5),
('dp1434',	1,	'Strnice D',	NULL,	NULL,	'ndra, Strnice',	49.949547,	14.677678,	1,	5),
('dp1445',	1,	'Halenkovsk',	NULL,	NULL,	'Hrozenkovsk, Zlin, Praha 5',	50.063244,	14.286786,	1,	5),
('dp1453',	1,	'Palackho nmst',	NULL,	NULL,	'Palackho nmst, Nov Msto, Praha 2',	50.073353,	14.414856,	1,	5),
('dp1464',	1,	'Mor',	NULL,	NULL,	'Karlovo nmst, Nov Msto, Praha 2',	50.074160,	14.418722,	1,	5),
('dp15',	1,	'Tehoviky',	NULL,	NULL,	'Mrov, Kolovraty, Praha 10',	50.012375,	14.624144,	1,	1),
('dp150',	1,	'Orionka',	NULL,	NULL,	'Korunn 110, Vinohrady, Praha 10',	50.075466,	14.459974,	1,	5),
('dp1504',	1,	'Masarykovo ndra',	NULL,	NULL,	'Havlkova, Nov Msto, Praha 1',	50.087814,	14.432476,	1,	5),
('dp159',	1,	'elkovice D',	NULL,	NULL,	'ndra, elkovice',	50.157980,	14.753953,	1,	5),
('dp160',	1,	'Muzeum',	NULL,	NULL,	'nstupit vtah A, Stanice metra, Praha 1',	50.079544,	14.430067,	1,	5),
('dp166',	1,	'Strnice D II',	NULL,	NULL,	'ndra, Strnice',	49.949547,	14.677678,	1,	1),
('dp1839',	1,	'Hlavn ndra',	NULL,	NULL,	'Bolzanova, Nov Msto, Praha 1',	50.085865,	14.435593,	1,	5),
('dp189',	1,	'Hotel Fortuna West',	NULL,	NULL,	'Mrkvikova 2, epy, Praha 6',	50.065630,	14.318829,	1,	1),
('dp196',	1,	'Na Vart',	NULL,	NULL,	'Milnsk 311, Horn Mcholupy, Praha 10',	50.045570,	14.557843,	1,	1),
('dp198',	1,	'Kladno autobusov ndra',	NULL,	NULL,	'Dukelskch hrdin, Kladno',	50.146446,	14.105651,	1,	1),
('dp199',	1,	'Kladno D',	NULL,	NULL,	'ndra, Kladno',	50.128113,	14.113526,	1,	1),
('dp2011',	1,	'Letit VH Praha, Terminl 2',	NULL,	NULL,	'Hala, Ruzyn, Praha 6',	50.105297,	14.267378,	1,	13),
('dp2013',	1,	'Letit VH Praha, Terminl 2',	NULL,	NULL,	'Zastvka austobus do centra, Ruzyn, Praha 6',	50.105280,	14.267472,	1,	13),
('dp2017',	1,	'Letit VH Praha, Terminl 1',	NULL,	NULL,	'Zastvka austobus do centra, Ruzyn, Praha 6',	50.107400,	14.268247,	1,	13),
('dp2019',	1,	'Letit VH Praha, Terminl 1',	NULL,	NULL,	'Zastvka austobus do centra, Ruzyn, Praha 6',	50.107742,	14.268603,	1,	13),
('dp2020',	1,	'Quinn Hotels Praha (Hilton)',	NULL,	NULL,	'Poben 311/1, Karln, Praha 8',	50.093006,	14.439573,	1,	13),
('dp2049',	1,	'Andl tramvaj',	NULL,	NULL,	'Ndran, Smchov, Praha 5',	50.071495,	14.404213,	1,	13),
('dp2111',	1,	'Dejvick',	NULL,	NULL,	'vestibul Evropsk, Stanice metra, Praha 6',	50.100292,	14.391874,	1,	13),
('dp2121',	1,	'Dejvick',	NULL,	NULL,	'vestibul Vtzn nmst, Stanice metra, Praha 6',	50.100480,	14.393745,	1,	13),
('dp2131',	1,	'Hradansk',	NULL,	NULL,	'Stanice metra, Praha 6',	50.097233,	14.404811,	1,	13),
('dp2140',	1,	'Malostransk',	NULL,	NULL,	'Stanice metra, Praha 1',	50.091057,	14.409407,	1,	13),
('dp2150',	1,	'Mstek',	NULL,	NULL,	'vtah, Stanice metra, Praha 1',	50.083706,	14.423944,	1,	13),
('dp2151',	1,	'Staromstsk',	NULL,	NULL,	'Stanice metra, Praha 1',	50.088530,	14.416075,	1,	13),
('dp2161',	1,	'Mstek A (historick)',	NULL,	NULL,	'vestibul Mstek, Stanice metra, Praha 1',	50.084160,	14.423452,	1,	13),
('dp2163',	1,	'Mstek',	NULL,	NULL,	'vestibul Mstek, Stanice metra, Praha 1',	50.084160,	14.423452,	1,	13),
('dp2171',	1,	'Mstek',	NULL,	NULL,	'vestibul Vclavsk nmst, Stanice metra, Praha 1',	50.082080,	14.426462,	1,	13),
('dp2175',	1,	'Vclavsk nmst',	NULL,	NULL,	'Vodikova 41, Nov Msto, Praha 1',	50.082190,	14.425870,	1,	13),
('dp2180',	1,	'Prbn',	NULL,	NULL,	'V Olinch, Stranice, Praha 10',	50.071470,	14.486315,	1,	13),
('dp2181',	1,	'Muzeum',	NULL,	NULL,	'vstup C, Stanice metra, Praha 1',	50.079544,	14.430067,	1,	13),
('dp2185',	1,	'Muzeum',	NULL,	NULL,	'vstup A, Stanice metra, Praha 1',	50.079544,	14.430067,	1,	13),
('dp2187',	1,	'Muzeum',	NULL,	NULL,	'nstupit vtah C, Stanice metra, Praha 1',	50.079544,	14.430067,	1,	13),
('dp2191',	1,	'Nmst Mru',	NULL,	NULL,	'Stanice metra, Praha 2',	50.075108,	14.437388,	1,	13),
('dp22',	1,	'Satalice',	NULL,	NULL,	'K Radonicm, Satalice, Praha 9',	50.125680,	14.572067,	1,	1),
('dp2201',	1,	'999 skl Jiho z Podbrad',	NULL,	NULL,	'Stanice metra, Praha 3',	50.077430,	14.449168,	1,	13),
('dp2211',	1,	'Flora',	NULL,	NULL,	'Stanice metra, Praha 3',	50.078022,	14.461228,	1,	13),
('dp2221',	1,	'elivskho',	NULL,	NULL,	'Stanice metra, Praha 3',	50.078594,	14.473755,	1,	13),
('dp2231',	1,	'Stranick',	NULL,	NULL,	'Stanice metra, Praha 10',	50.072680,	14.491187,	1,	13),
('dp2241',	1,	'Skalka',	NULL,	NULL,	'Stanice metra, Praha 10',	50.068027,	14.508118,	1,	13),
('dp2251',	1,	'Depo Hostiva',	NULL,	NULL,	'Stanice metra, Praha 10',	50.075645,	14.515497,	1,	13),
('dp23',	1,	'Hotel Kvtnice',	NULL,	NULL,	'Na Kvtnici, Nusle (recepce hotelu), Praha 4',	50.060192,	14.439298,	1,	1),
('dp2301',	1,	'Letit VH Praha, Terminl 3',	NULL,	NULL,	'Hala, Ruzyn, Praha 6',	50.107742,	14.267625,	1,	13),
('dp2302',	1,	'Letit VH Praha, Terminl 1',	NULL,	NULL,	'Vchod D, Ruzyn, Praha 6',	50.107826,	14.268222,	1,	13),
('dp2303',	1,	'Letit VH Praha, Terminl 1',	NULL,	NULL,	'Vchod E, Ruzyn, Praha 6',	50.107647,	14.268034,	1,	13),
('dp2321',	1,	'Zlin',	NULL,	NULL,	'Stanice metra, Praha 5',	50.053783,	14.290592,	1,	13),
('dp2325',	1,	'Stodlky zpad',	NULL,	NULL,	'Stanice metra, Praha 5',	50.046810,	14.307987,	1,	13),
('dp2331',	1,	'Stodlky vchod',	NULL,	NULL,	'Stanice metra, Praha 5',	50.046810,	14.307987,	1,	13),
('dp2341',	1,	'Luka',	NULL,	NULL,	'Stanice metra, Praha 5',	50.045303,	14.322294,	1,	13),
('dp2351',	1,	'Luiny',	NULL,	NULL,	'Stanice metra, Praha 5',	50.044594,	14.331399,	1,	13),
('dp2361',	1,	'Hrka',	NULL,	NULL,	'Stanice metra, Praha 5',	50.049980,	14.341865,	1,	13),
('dp2371',	1,	'Nov Butovice',	NULL,	NULL,	'zpadn vestibul, Stanice metra, Praha 5',	50.050850,	14.353205,	1,	13),
('dp2381',	1,	'Nov Butovice',	NULL,	NULL,	'vchodn vestibul, Stanice metra, Praha 5',	50.050850,	14.353205,	1,	13),
('dp2391',	1,	'Jinonice',	NULL,	NULL,	'Stanice metra, Praha 5',	50.054577,	14.370914,	1,	13),
('dp2401',	1,	'Radlick',	NULL,	NULL,	'Stanice metra, Praha 5',	50.058094,	14.389086,	1,	13),
('dp2411',	1,	'Smchovsk ndra',	NULL,	NULL,	'Stanice metra, Praha 5',	50.060635,	14.408761,	1,	13),
('dp2421',	1,	'Smchovsk ndra',	NULL,	NULL,	'Stanice metra, Praha 5',	50.061176,	14.408729,	1,	13),
('dp2431',	1,	'Andl Na Knec',	NULL,	NULL,	'vestibul Na Knec, Stanice metra, Praha 5',	50.071490,	14.403987,	1,	13),
('dp2441',	1,	'Andl',	NULL,	NULL,	'vestibul U Andla, Stanice metra, Praha 5',	50.071490,	14.403987,	1,	13),
('dp2448',	1,	'Andl',	NULL,	NULL,	'vtah, Stanice metra, Praha 5',	50.070293,	14.403622,	1,	13),
('dp2451',	1,	'Karlovo nmst',	NULL,	NULL,	'vestibul Palackho nmst, Stanice metra, Praha 2',	50.073440,	14.415206,	1,	13),
('dp2453',	1,	'Karlovo nmst vtah',	NULL,	NULL,	'vtah, Stanice metra, Praha 2',	50.073440,	14.415206,	1,	13),
('dp2461',	1,	'Karlovo nmst',	NULL,	NULL,	'vestibul Karlovo nmst, Stanice metra, Praha 2',	50.075560,	14.418587,	1,	13),
('dp2471',	1,	'Nrodn tda',	NULL,	NULL,	'stanice metra, Praha 1',	50.081220,	14.419974,	1,	13),
('dp2481',	1,	'Mstek',	NULL,	NULL,	'Stanice metra, Praha 1',	50.083076,	14.422160,	1,	13),
('dp2491',	1,	'Nmst Republiky',	NULL,	NULL,	'Kotva, Stanice metra, Praha 1',	50.088585,	14.428513,	1,	13),
('dp25',	1,	'Zentiva',	NULL,	NULL,	'U Kabelovny, Doln Mcholupy (objekt Zentivy), Praha 10',	50.060978,	14.545368,	1,	1),
('dp2501',	1,	'Nmst Republiky Sted',	NULL,	NULL,	'Sted, Stanice metra, Praha 1',	50.088585,	14.428513,	1,	13),
('dp2531',	1,	'Kikova',	NULL,	NULL,	'Stanice metra, Praha 8',	50.093690,	14.451597,	1,	13),
('dp2541',	1,	'Invalidovna',	NULL,	NULL,	'Stanice metra, Praha 8',	50.097317,	14.464357,	1,	13),
('dp2551',	1,	'Palmovka',	NULL,	NULL,	'vestibul Palmovka, Stanice metra, Praha 8',	50.103780,	14.473456,	1,	13),
('dp2561',	1,	'Palmovka',	NULL,	NULL,	'vestibul Na ertvch, Stanice metra, Praha 8',	50.103780,	14.473456,	1,	13),
('dp2571',	1,	'eskomoravsk',	NULL,	NULL,	'vestibul Arna, Stanice metra, Praha 9',	50.106514,	14.492875,	1,	13),
('dp2574',	1,	'eskomoravsk',	NULL,	NULL,	'vestibul Drahobejlova, Stanice metra, Praha 9',	50.106514,	14.492875,	1,	13),
('dp2581',	1,	'Vysoansk',	NULL,	NULL,	'vestibul Ndra Vysoany, Stanice metra, Praha 9',	50.109947,	14.499252,	1,	13),
('dp2591',	1,	'Vysoansk',	NULL,	NULL,	'vestibul Vysoansk, Stanice metra, Praha 9',	50.110390,	14.501819,	1,	13),
('dp2601',	1,	'Kolbenova',	NULL,	NULL,	'Stanice metra, Praha 9',	50.110466,	14.515191,	1,	13),
('dp261',	1,	'Peky D',	NULL,	NULL,	'ndra, Peky',	50.089893,	15.027592,	1,	1),
('dp2611',	1,	'Hloubtn',	NULL,	NULL,	'Stanice metra, Praha 9',	50.106426,	14.537627,	1,	13),
('dp262',	1,	'Libice D',	NULL,	NULL,	'ndra, Libice',	50.199910,	14.363845,	1,	1),
('dp2621',	1,	'Rajsk zahrada',	NULL,	NULL,	'Stanice metra, Praha 9',	50.106747,	14.559772,	1,	13),
('dp263',	1,	'Kralupy nad Vltavou D',	NULL,	NULL,	'ndra, Kralupy nad Vltavou',	50.238920,	14.313562,	1,	1),
('dp2631',	1,	'ern Most',	NULL,	NULL,	'Stanice metra, Praha 9',	50.109140,	14.577057,	1,	13),
('dp2633',	1,	'ern Most',	NULL,	NULL,	'Stanice metra, Praha 9',	50.109170,	14.577499,	1,	13),
('dp2637',	1,	'ern Most BUS',	NULL,	NULL,	'Stanice metra, Praha 9',	50.108776,	14.576956,	1,	13),
('dp264',	1,	'Dobichovice D',	NULL,	NULL,	'ndra, Dobichovice',	49.927296,	14.287902,	1,	1),
('dp2641',	1,	'Boislavka',	NULL,	NULL,	'Stanice metra, Praha 6',	50.098595,	14.364633,	1,	13),
('dp2642',	1,	'Boislavka',	NULL,	NULL,	'Stanice metra, Praha 6',	50.098335,	14.362152,	1,	13),
('dp265',	1,	'evnice D',	NULL,	NULL,	'ndra, evnice',	49.916270,	14.238855,	1,	1),
('dp2651',	1,	'Ndra Veleslavn',	NULL,	NULL,	'Stanice metra, Praha 6',	50.095580,	14.346780,	1,	13),
('dp266',	1,	'Zadn Teb D',	NULL,	NULL,	'ndra, Zadn Teb',	49.918568,	14.203163,	1,	1),
('dp2661',	1,	'Petiny',	NULL,	NULL,	'Stanice metra, Praha 6',	50.086704,	14.345168,	1,	13),
('dp2663',	1,	'Petiny',	NULL,	NULL,	'Stanice metra, Praha 6',	50.087917,	14.344503,	1,	13),
('dp267',	1,	'Karltejn D',	NULL,	NULL,	'ndra, Karltejn',	49.932170,	14.175877,	1,	1),
('dp2671',	1,	'Nemocnice Motol',	NULL,	NULL,	'Stanice metra, Praha 5',	50.075176,	14.340795,	1,	13),
('dp2679',	1,	'Stkov',	NULL,	NULL,	'Stanice metra, Praha 9',	50.125996,	14.489450,	1,	13),
('dp268',	1,	'Beroun D',	NULL,	NULL,	'ndra, Beroun',	49.957684,	14.076148,	1,	1),
('dp2680',	1,	'Stkov',	NULL,	NULL,	'Stanice metra, Praha 9',	50.126205,	14.489489,	1,	13),
('dp2682',	1,	'Stkov',	NULL,	NULL,	'Stanice metra, Praha 9',	50.126415,	14.489140,	1,	13),
('dp2684',	1,	'Stkov',	NULL,	NULL,	'Stanice metra, Praha 9',	50.125866,	14.489837,	1,	13),
('dp2686',	1,	'Stkov',	NULL,	NULL,	'Stanice metra, Praha 9',	50.126587,	14.489086,	1,	13),
('dp2688',	1,	'Stkov',	NULL,	NULL,	'Stanice metra, Praha 9',	50.126038,	14.489859,	1,	13),
('dp269',	1,	'Vran nad Vltavou D',	NULL,	NULL,	'ndra, Vran nad Vltavou',	49.938720,	14.381221,	1,	1),
('dp2690',	1,	'Stkov',	NULL,	NULL,	'Stanice metra, Praha 9',	50.126347,	14.489483,	1,	13),
('dp2691',	1,	'Prosek',	NULL,	NULL,	'Stanice metra, Praha 9',	50.118866,	14.499367,	1,	13),
('dp27',	1,	'U Stediska',	NULL,	NULL,	'Dolnomcholupsk 168/37, Doln Mcholupy, Praha 10',	50.058594,	14.557319,	1,	1),
('dp270',	1,	'any D',	NULL,	NULL,	'ndra, any',	49.997450,	14.663869,	1,	1),
('dp2701',	1,	'Letany',	NULL,	NULL,	'Stanice metra, Praha 9',	50.124943,	14.516136,	1,	13),
('dp2712',	1,	'Hje',	NULL,	NULL,	'vchodn vestibul, Stanice metra, Praha 4',	50.031082,	14.528559,	1,	13),
('dp272',	1,	'Mnichovice D',	NULL,	NULL,	'ndra, Mnichovice',	49.932570,	14.707382,	1,	1),
('dp2721',	1,	'Hje',	NULL,	NULL,	'zpadn vestibul, Stanice metra, Praha 4',	50.030495,	14.526145,	1,	13),
('dp273',	1,	'Senohraby D',	NULL,	NULL,	'ndra, Senohraby',	49.897106,	14.727815,	1,	1),
('dp2731',	1,	'Opatov',	NULL,	NULL,	'Stanice metra, Praha 4',	50.027706,	14.508370,	1,	13),
('dp2733',	1,	'Opatov',	NULL,	NULL,	'Chilsk, Opatov, Praha 4',	50.027515,	14.507704,	1,	13),
('dp2741',	1,	'Chodov',	NULL,	NULL,	'Stanice metra, Praha 4',	50.031193,	14.491668,	1,	13),
('dp275',	1,	'Miroovice D',	NULL,	NULL,	'ndra, Miroovice',	49.910473,	14.719887,	1,	1),
('dp2751',	1,	'Roztyly',	NULL,	NULL,	'Stanice metra, Praha 4',	50.037396,	14.477815,	1,	13),
('dp2761',	1,	'Kaerov',	NULL,	NULL,	'Stanice metra, Praha 4',	50.041820,	14.460297,	1,	13),
('dp2781',	1,	'Budjovick',	NULL,	NULL,	'vestibul Olbrachtova, Stanice metra, Praha 4',	50.044770,	14.448393,	1,	13),
('dp2791',	1,	'Pankrc',	NULL,	NULL,	'Stanice metra, Praha 4',	50.051094,	14.439684,	1,	13),
('dp28',	1,	'Doln Beany, nmst',	NULL,	NULL,	'Prask, Doln Beany, Doln Beany - Praha zpad',	49.963640,	14.458822,	1,	1),
('dp2801',	1,	'Praskho povstn',	NULL,	NULL,	'Stanice metra, Praha 4',	50.056530,	14.433841,	1,	13),
('dp2805',	1,	'Hlavn ndra',	NULL,	NULL,	'Stanice metra, Praha 1',	50.083767,	14.434495,	1,	13),
('dp2807',	1,	'Hlavn ndra',	NULL,	NULL,	'Stanice metra, Praha 1',	50.083256,	14.433838,	1,	13),
('dp2811',	1,	'Vyehrad',	NULL,	NULL,	'z centra, Stanice metra, Praha 4',	50.063034,	14.430505,	1,	13),
('dp2813',	1,	'Vyehrad',	NULL,	NULL,	'do centra, Stanice metra, Praha 4',	50.063034,	14.430505,	1,	13),
('dp2821',	1,	'I.P. Pavlova',	NULL,	NULL,	'Stanice metra, Praha 2',	50.075558,	14.430478,	1,	13),
('dp2825',	1,	'I.P. Pavlova',	NULL,	NULL,	'vtah, Legerova, Stanice metra, Praha 2',	50.075558,	14.430478,	1,	13),
('dp2831',	1,	'Hlavn ndra',	NULL,	NULL,	'Stanice metra, Praha 1',	50.083840,	14.434257,	1,	13),
('dp2833',	1,	'Hlavn ndra',	NULL,	NULL,	'Stanice metra, Praha 1',	50.083202,	14.434098,	1,	13),
('dp2841',	1,	'Budjovick',	NULL,	NULL,	'vestibul Antala Staka, Stanice metra, Praha 4',	50.043568,	14.450642,	1,	13),
('dp2846',	1,	'Florenc',	NULL,	NULL,	'vestibul Sokolovsk C, Stanice metra, Praha 8',	50.091072,	14.439676,	1,	13),
('dp2848',	1,	'Florenc',	NULL,	NULL,	'vestibul Sokolovsk B, Stanice metra, Praha 8',	50.091072,	14.439676,	1,	13),
('dp2851',	1,	'Vltavsk',	NULL,	NULL,	'Stanice metra, Praha 7',	50.099007,	14.438660,	1,	13),
('dp2859',	1,	'Florenc vtah',	NULL,	NULL,	'vtah, Florenc B, Stanice metra, Praha 8',	50.089664,	14.438600,	1,	13),
('dp2861',	1,	'Ndra Holeovice',	NULL,	NULL,	'jin vestibul bus, Stanice metra, Praha 7',	50.108307,	14.440779,	1,	13),
('dp2871',	1,	'Ndra Holeovice',	NULL,	NULL,	'severn vestibul ndra, Stanice metra, Praha 7',	50.109650,	14.439732,	1,	13),
('dp2881',	1,	'Kobylisy',	NULL,	NULL,	'Kobylisk nmst, Stanice metra, Praha 8',	50.124603,	14.456061,	1,	13),
('dp2884',	1,	'Kobylisy',	NULL,	NULL,	'Katastrln ad, Stanice metra, Praha 8',	50.124603,	14.456061,	1,	13),
('dp2887',	1,	'Kobylisy',	NULL,	NULL,	'vtah, Stanice metra (vtah), Praha 8',	50.124477,	14.455388,	1,	13),
('dp2891',	1,	'Ldv',	NULL,	NULL,	'Stanice metra, Praha 8',	50.126675,	14.470155,	1,	13),
('dp29',	1,	'Koh-i-noor',	NULL,	NULL,	'Vrovick 51, Vrovice, Praha 10',	50.067540,	14.460622,	1,	1),
('dp2900',	1,	'Beneov, autobusov ndra',	NULL,	NULL,	'Ndran, Beneov, Beneov',	49.779545,	14.683940,	1,	13),
('dp3',	1,	'Pas Sofie',	NULL,	NULL,	'Sofijsk nmst 3400, Modany, Praha 4',	50.005620,	14.418283,	1,	1),
('dp30',	1,	'U Pamtnku',	NULL,	NULL,	'Husitsk, ikov, Praha 3',	50.086815,	14.445598,	1,	1),
('dp325',	1,	'Hotel Don Giovani',	NULL,	NULL,	'Stanice metra, Praha 5',	50.046810,	14.307987,	1,	1),
('dp334',	1,	'Mlnk, U Hit',	NULL,	NULL,	'Prask, Mlnk',	50.344370,	14.486442,	1,	1),
('dp368',	1,	'Poany D',	NULL,	NULL,	'ndra, Poany',	50.110798,	14.922194,	1,	1),
('dp379',	1,	'ernoice - Mokropsy D',	NULL,	NULL,	'Ndran, ndra, ernoice',	49.946010,	14.330871,	1,	1),
('dp38',	1,	'Knovzsk',	NULL,	NULL,	'Blaimsk, Chodov, Praha 4',	50.041660,	14.499624,	1,	1),
('dp399',	1,	'kola Radlice',	NULL,	NULL,	'Radlick 140, Radlice, Praha 5',	50.059437,	14.393170,	1,	1),
('dp40',	1,	'estlice, Albert hypermarket',	NULL,	NULL,	'Obchodn, estlice - Praha vchod',	50.004550,	14.574920,	1,	1),
('dp400',	1,	'Laurov',	NULL,	NULL,	'Radlick 65, Radlice, Praha 5',	50.061104,	14.397840,	1,	1),
('dp403',	1,	'Radlick',	NULL,	NULL,	'Radlice (konen tramvaj), Praha 5',	50.058870,	14.389388,	1,	1),
('dp406',	1,	'Sdlit Radotn',	NULL,	NULL,	'Sdlit 19, Sdlit Radotn, Praha 5',	49.980324,	14.353491,	1,	1),
('dp42',	1,	'Lipence',	NULL,	NULL,	'K Obci 47, Lipence (mstsk ad), Praha 5',	49.959877,	14.354290,	1,	1),
('dp437',	1,	'Obchodn centrum trboholy',	NULL,	NULL,	'Nkupn, trboholy, Praha 10',	50.072147,	14.542512,	1,	1),
('dp448',	1,	'Tupolevova',	NULL,	NULL,	'Tupolevova, Letany (parkovit), Praha 9',	50.134510,	14.506210,	1,	5),
('dp449',	1,	'Kunratice',	NULL,	NULL,	'Nm. Prezidenta Masaryka 109, Kunratice, Praha 4',	50.013325,	14.485029,	1,	5),
('dp471',	1,	'Libe Libe Oza',	NULL,	NULL,	'Libe 47, Libe (camp Oza), Doln Beany - Praha zpad',	49.951405,	14.475037,	1,	5),
('dp472',	1,	'Mosteck',	NULL,	NULL,	'Mosteck 53/4, Mal Strana, Praha 1',	50.087364,	14.406681,	1,	5),
('dp474',	1,	'U Nemocnice',	NULL,	NULL,	'U Nemocnice, Nov Msto (recepce VFN), Praha 2',	50.073467,	14.421175,	1,	5),
('dp50',	1,	'Obchodn centrum Zlin',	NULL,	NULL,	'Skandinvsk 141, Zlin, Praha 5',	50.050320,	14.297784,	1,	1),
('dp51',	1,	'Sdlit epy',	NULL,	NULL,	'Makovskho, epy, Praha 6',	50.065070,	14.298503,	1,	1),
('dp53',	1,	'Ruzyn Modr ubytovna',	NULL,	NULL,	'K Letiti 916, Ruzyn, Praha 6',	50.097683,	14.291305,	1,	1),
('dp54',	1,	'Ruzyn vojensk ubytovna',	NULL,	NULL,	'U Prioru 938/6, Ruzyn, Praha 6',	50.087840,	14.315627,	1,	1),
('dp55',	1,	'blice',	NULL,	NULL,	'blick 339/14, blice, Praha 8',	50.144890,	14.485246,	1,	1),
('dp58',	1,	'Lys nad Labem D',	NULL,	NULL,	'ndra, Lys nad Labem - Praha vchod',	50.195860,	14.842934,	1,	1),
('dp59',	1,	'jezd nad Lesy',	NULL,	NULL,	'Starokolnsk, jezd nad Lesy, Praha 9',	50.076390,	14.658972,	1,	1),
('dp6',	1,	'Hotel Uno',	NULL,	NULL,	'tchovick, Stranice, Praha 10',	50.071766,	14.499949,	1,	1),
('dp641',	1,	'Fakulta TVS',	NULL,	NULL,	'Jos Martho 31, Veleslavn (recepce), Praha 6',	50.098400,	14.364446,	1,	5),
('dp642',	1,	'ernokosteleck',	NULL,	NULL,	'ernokosteleck, Stranice, Praha 10',	50.077950,	14.509228,	1,	5),
('dp644',	1,	'Vysoany D',	NULL,	NULL,	'Vysoany (ndra), Praha 9',	50.112244,	14.497561,	1,	5),
('dp645',	1,	'Vozovna Stranice',	NULL,	NULL,	'Starostranick, Stranice, Praha 10',	50.075860,	14.489398,	1,	5),
('dp651',	1,	'Andl Knec',	NULL,	NULL,	'Ostrovskho, Smchov, Praha 5',	50.068966,	14.404304,	1,	5),
('dp652',	1,	'Milovice D',	NULL,	NULL,	'Ndran, ndra, Milovice - Praha vchod',	50.229190,	14.881715,	1,	5),
('dp653',	1,	'Zelen',	NULL,	NULL,	'Jugoslvskch partyzn, Dejvice, Praha 6',	50.107370,	14.394471,	1,	5),
('dp654',	1,	'bude Radotn old evnice D',	NULL,	NULL,	'ndra',	49.986120,	14.363673,	1,	5),
('dp66',	1,	'Ndra Radotn',	NULL,	NULL,	'Vrsk, Radotn, Praha 5',	49.984234,	14.362597,	1,	1),
('dp661',	1,	'Mama Shelter Prague (Parkhotel)',	NULL,	NULL,	'Veletrn 20, Holeovice (recepce hotelu), Praha 7',	50.102272,	14.431692,	1,	5),
('dp662',	1,	'Nemocnice Na Homolce',	NULL,	NULL,	'Roentgenova, Motol (recepce nemocnice), Praha 5',	50.075504,	14.354149,	1,	5),
('dp663',	1,	'Koleje Volha',	NULL,	NULL,	'K Vernerku 950, Kunratice, Praha 4',	50.020760,	14.490534,	1,	5),
('dp664',	1,	'Kudrnova',	NULL,	NULL,	'V valu, Motol (vrtnice FNM), Praha 5',	50.072340,	14.343635,	1,	5),
('dp67',	1,	'Vrovice D',	NULL,	NULL,	'Vrovice (ndra), Praha 10',	50.064854,	14.447775,	1,	1),
('dp671',	1,	'Malostransk nm.- Parlament R',	NULL,	NULL,	'Malostransk nmst, Mal Strana, Praha 1',	50.088570,	14.404397,	1,	5),
('dp672',	1,	'Hotel Krystal',	NULL,	NULL,	'Jos Martho 2/407, Veleslavn, Praha 6',	50.093834,	14.341359,	1,	5),
('dp673',	1,	'A&O Prag Rhea',	NULL,	NULL,	'V labin 3068/19, Stranice, Praha 10',	50.079770,	14.499546,	1,	5),
('dp674',	1,	'Hotel Golf',	NULL,	NULL,	'Plzesk 103/215A, Motol, Praha 5',	50.067520,	14.344616,	1,	5),
('dp675',	1,	'any D',	NULL,	NULL,	'ndra, any u Prahy',	49.997240,	14.664272,	1,	5),
('dp676',	1,	'Hotel Step',	NULL,	NULL,	'Malletova 1141, Vysoany, Praha 9',	50.101536,	14.484431,	1,	5),
('dp7',	1,	'Psychiatrick nemocnice Bohnice',	NULL,	NULL,	'stavn, Bohnice, Praha 8',	50.133633,	14.424002,	1,	1),
('dp71',	1,	'Centrum Zahradn Msto',	NULL,	NULL,	'Topolov, Zahradn Msto, Praha 10',	50.056824,	14.507140,	1,	1),
('dp72',	1,	'Mstsk ad Neratovice',	NULL,	NULL,	'Kojetick 1028, Neratovice, Neratovice',	50.255592,	14.520419,	1,	1),
('dp76',	1,	'Rudn, U kina',	NULL,	NULL,	'Masarykova, Rudn, Rudn - Praha zpad',	50.034016,	14.232104,	1,	1),
('dp84',	1,	'Clkova',	NULL,	NULL,	'Zdislavick 583, Modany (Jasn), Praha 4',	50.016950,	14.443229,	1,	1),
('dp86',	1,	'Milovice D',	NULL,	NULL,	'Ndran, ndra, Milovice - Praha vchod',	50.229153,	14.881939,	1,	1),
('dp88',	1,	'Smrovsk',	NULL,	NULL,	'Slavtnsk, Klnovice, Praha 9',	50.094913,	14.668779,	1,	1),
('dp885',	1,	'Komoany',	NULL,	NULL,	'Kyslkov, Komoany, Praha 4',	49.991480,	14.410926,	1,	1),
('dp9',	1,	'Okosk',	NULL,	NULL,	'K Ldv 344/4, imice, Praha 8',	50.135850,	14.431166,	1,	1),
('dp90',	1,	'Sdlit Novodvorsk',	NULL,	NULL,	'Novodvorsk 126, Lhotka, Praha 4',	50.025290,	14.434460,	1,	1),
('dp91',	1,	'tpnin',	NULL,	NULL,	'Stelnin 1347/47, blice (prodejna), Praha 8',	50.128660,	14.476222,	1,	1),
('dp93',	1,	'Vinosk hbitov',	NULL,	NULL,	'Mladoboleslavsk 162, Vino, Praha 9',	50.144134,	14.579441,	1,	1),
('dp930',	1,	'Ldv P+R',	NULL,	NULL,	'Parkovit P+R, Praha 8',	50.126083,	14.472325,	1,	1),
('dp938',	1,	'Letany P+R',	NULL,	NULL,	'Parkovit P+R, Praha 9',	50.125190,	14.514933,	1,	1),
('dp94',	1,	'ernnova',	NULL,	NULL,	'Konvova 738/55, ikov, Praha 3',	50.088840,	14.460534,	1,	1),
('dp95',	1,	'any, nmst',	NULL,	NULL,	'Masarykovo nmst, any - Praha vchod',	49.991580,	14.655727,	1,	1),
('dp951',	1,	'Sdlit Barrandov',	NULL,	NULL,	'Werichova, Barrandov (konen), Praha 5',	50.031500,	14.368241,	1,	1),
('dp952',	1,	'Poliklinika Barrandov',	NULL,	NULL,	'Trglova, Barrandov (z centra), Praha 5',	50.033860,	14.374161,	1,	1),
('dp953',	1,	'Poliklinika Barrandov',	NULL,	NULL,	'Trglova, Barrandov (do centra), Praha 5',	50.033860,	14.374161,	1,	1),
('dp954',	1,	'Chaplinovo nmst',	NULL,	NULL,	'Chaplinovo nmst, Barrandov (z centra), Praha 5',	50.035084,	14.377748,	1,	1),
('dp955',	1,	'Chaplinovo nmst',	NULL,	NULL,	'Chaplinovo nmst, Barrandov (do centra), Praha 5',	50.034935,	14.377890,	1,	1),
('dp956',	1,	'K Barrandovu',	NULL,	NULL,	'K Barrandovu, Barrandov (z centra), Praha 5',	50.035330,	14.383244,	1,	1),
('dp957',	1,	'K Barrandovu',	NULL,	NULL,	'K Barrandovu, Barrandov (do centra), Praha 5',	50.035330,	14.383244,	1,	1),
('dp958',	1,	'Geologick',	NULL,	NULL,	'K Barrandovu, Barrandov (z centra), Praha 5',	50.036446,	14.388637,	1,	1),
('dp959',	1,	'Geologick',	NULL,	NULL,	'K Barrandovu, Barrandov (do centra), Praha 5',	50.036446,	14.388637,	1,	1),
('dp960',	1,	'Hluboepy',	NULL,	NULL,	'Hluboepsk, Barrandov (z centra), Praha 5',	50.041847,	14.404287,	1,	1),
('dp961',	1,	'Hluboepy',	NULL,	NULL,	'Hluboepsk, Barrandov (do centra), Praha 5',	50.042126,	14.404611,	1,	1),
('dp962',	1,	'tpask',	NULL,	NULL,	'tpask, Barrandov, Praha 5',	50.032100,	14.373460,	1,	1),
('dp98',	1,	'Zemdlsk univerzita II (nmst)',	NULL,	NULL,	'Brandejsovo nmst 496/8, Suchdol, Praha 6',	50.133556,	14.376529,	1,	1),
('dp99',	1,	'Kubnsk nmst',	NULL,	NULL,	'Kubnsk nmst 92, Vrovice, Praha 10',	50.070576,	14.476982,	1,	1),
('ro1',	3,	'Andl',	NULL,	NULL,	'Vestibul stanice metra ve smru ul. Plzesk (severn vestibul)',	50.070904,	14.403979,	4,	15),
('ro101',	4,	'Nemocnice Motol',	NULL,	NULL,	'Vestibul stanice metra',	50.074720,	14.340680,	5,	15),
('ro102',	4,	'Boislavka',	NULL,	NULL,	'Vestibul stanice metra',	50.098590,	14.364760,	5,	15),
('ro103',	4,	'Dejvick',	NULL,	NULL,	'Vestibul stanice metra (spojovac chodba nad nstupitm)',	50.100483,	14.392639,	6,	15),
('ro104',	4,	'Mstek - A',	NULL,	NULL,	'Vestibul stanice metra linky A ve smru ul. 28. jna (severn vestibul)',	50.084335,	14.423343,	5,	15),
('ro105',	4,	'Nmst Mru',	NULL,	NULL,	'Vestibul stanice metra',	50.075170,	14.437743,	5,	15),
('ro106',	4,	'elivskho',	NULL,	NULL,	'Vestibul stanice metra',	50.078590,	14.474000,	5,	15),
('ro107',	4,	'Stranick',	NULL,	NULL,	'Ulin rove ve smru ul. Mrtkova (severn strana)',	50.072777,	14.491287,	5,	15),
('ro108',	4,	'Skalka',	NULL,	NULL,	'Ulin rove u bus zastvek smr Zahradn msto (zpadn strana ulice Na Padestm)',	50.068040,	14.507395,	6,	15),
('ro110',	4,	'Zlin',	NULL,	NULL,	'Ulin rove u autobusovho ndra (severn strana)',	50.053818,	14.290942,	6,	15),
('ro111',	4,	'Luka',	NULL,	NULL,	'Vestibul stanice metra',	50.045322,	14.322180,	5,	15),
('ro112',	4,	'Hrka',	NULL,	NULL,	'Vestibul stanice metra',	50.049890,	14.341779,	5,	15),
('ro113',	4,	'Smchovsk ndra',	NULL,	NULL,	'Vestibul stanice metra ve smru autobusov ndra (jin vestibul)',	50.060400,	14.409336,	6,	15),
('ro115',	4,	'Karlovo nmst',	NULL,	NULL,	'Vestibul stanice metra ve smru Karlovo nmst',	50.075660,	14.418781,	5,	15),
('ro116',	4,	'Mstek - B',	NULL,	NULL,	'Vestibul stanice metra linky B',	50.083046,	14.421733,	10,	15),
('ro118',	4,	'Palmovka',	NULL,	NULL,	'Vestibul stanice mtra ve smru autobusov ndra (vchodn vestibul)',	50.104970,	14.475739,	5,	15),
('ro119',	4,	'Vysoansk',	NULL,	NULL,	'Vestibul stanice metra ve smru ul. Freyova (vchodn vestibul)',	50.110550,	14.502197,	6,	15),
('ro120',	4,	'Rajsk zahrada',	NULL,	'Doasn zaveno (cca do 12/2023)',	'Nstupit ve smru centrum (horn nstupit, zpadn vchod)',	50.106678,	14.559852,	5,	15),
('ro121',	4,	'ern Most',	NULL,	NULL,	'Ulin rove u nstupit metra smr centrum (severn nstupit)',	50.109104,	14.577402,	6,	15),
('ro122',	4,	'Hje',	NULL,	NULL,	'Vestibul stanice mtra ve smru ul. Opatovsk (vchodn vestibul)',	50.031056,	14.528609,	5,	15),
('ro128',	4,	'Ndra Holeovice',	NULL,	NULL,	'Vestibul stanice metra ve smru ul. Plynrn (jin vestibul)',	50.108418,	14.440424,	5,	15),
('ro130',	4,	'Ldv',	NULL,	NULL,	'Vestibul stanice mtra ve smru ul. Oplkova (zpadn vstup)',	50.126576,	14.469034,	6,	15),
('ro140',	4,	'Centrln dispeink DPP',	NULL,	NULL,	'Na Bojiti 5, Praha 2',	50.074226,	14.428377,	4,	15),
('ro151',	4,	'Kobylisy',	NULL,	NULL,	'Vestibul stanice metra ve smru Kobylisk nmst (zpadn vestibul)',	50.123493,	14.452294,	11,	15),
('ro152',	4,	'Kaerov',	NULL,	NULL,	'Vestibul stanice metra',	50.041863,	14.460291,	5,	15),
('ro153',	4,	'Andl (Na Knec)',	NULL,	NULL,	'Vestibul stanice metra',	50.068493,	14.403954,	10,	15),
('ro154',	4,	'Florenc',	NULL,	NULL,	'Ulin rove u vchodu do stanice metro linky B (zpadn strana)',	50.090840,	14.439150,	5,	15),
('ro155',	4,	'I. P. Pavlova',	NULL,	NULL,	'Vestibul stanice metra',	50.075190,	14.430123,	5,	15),
('ro156',	4,	'Letany',	NULL,	NULL,	'Vestibul stanice metra ve smru autobusov ndra (vchodn vestibul)',	50.125110,	14.516526,	4,	15),
('ro157',	4,	'Roztyly',	NULL,	NULL,	'Ulin rove u autobusovho ndra (severn strana)',	50.037510,	14.477636,	4,	15),
('ro2',	3,	'Hlavn ndra 1',	NULL,	NULL,	'Odbavovac hala ndra u vstupu do metra (severn vstup)',	50.083700,	14.434441,	5,	15),
('ro200',	5,	'Brands nad Labem-Star Boleslav',	NULL,	NULL,	'Informan kancel dopravce SAD Stedn echy',	50.197815,	14.678617,	12,	3),
('ro203',	5,	'Mlnk',	NULL,	NULL,	'Informan kancel dopravce SAD Stedn echy',	50.350180,	14.488026,	12,	3),
('ro204',	5,	'Kladno - autobusov ndra',	NULL,	NULL,	'Informan kancel SAD Kladno na autobusovm ndra',	50.146416,	14.105616,	13,	3),
('ro205',	5,	'Kladno - nmst Svobody',	NULL,	NULL,	'Informan kancel SAD Kladno na nmst Svobody',	50.144802,	14.093821,	13,	3),
('ro206',	5,	'Nymburk',	NULL,	NULL,	'Informan kancel OAD Koln',	50.176600,	15.044359,	13,	3),
('ro207',	5,	'Koln',	NULL,	NULL,	'Informan kancel OAD Koln',	50.024150,	15.213900,	13,	3),
('ro209',	5,	'Pbram',	NULL,	NULL,	'Informan kancel Arriva Stedn echy na autobusovm ndra',	49.690517,	14.003050,	14,	15),
('ro211',	5,	'Rakovnk',	NULL,	NULL,	'Informan kancel Transdev Stedn echy na autobusovm stanoviti',	50.100930,	13.733650,	13,	3),
('ro213',	5,	'Hoovice',	NULL,	NULL,	'Informan kancel Arriva Stedn echy na autobusovm ndra (nmst Boeny Nmcov)',	49.833096,	13.903043,	15,	15),
('ro3',	3,	'Hlavn ndra 2',	NULL,	NULL,	'Odbavovac hala ndra u vstupu do metra jin vstup)',	50.083115,	14.433981,	5,	15),
('ro4',	3,	'Hradansk',	NULL,	NULL,	'Vestibul stanice metra',	50.097355,	14.404508,	4,	15),
('ro5',	3,	'Letit Vclava Havla Praha, Terminl 1',	NULL,	NULL,	'Pletov hala Terminlu 1 na letiti Vclava Havla Praha',	50.107360,	14.267513,	5,	15),
('ro51',	3,	'ern Most (PID)',	NULL,	'T prodej jzdenek AMS (dlkov doprava)',	'V rovni vstupnch kolej metra (jin nstupit), ve vchodn sti stanice',	50.109000,	14.577900,	7,	15),
('ro52',	3,	'Zlin (PID)',	NULL,	'T prodej jzdenek AMS (dlkov doprava)',	'Ulin rove u autobusovho ndra v obchodn vybavenosti',	50.054030,	14.291230,	7,	15),
('ro6',	3,	'Letit Vclava Havla Praha, Terminl 2',	NULL,	NULL,	'Pletov hala Terminlu 2 na letiti Vclava Havla Praha',	50.105713,	14.266374,	5,	15),
('ro61',	3,	'Mlad Boleslav (PID)',	NULL,	NULL,	'v ekrn terminlu Autobusovho stanovit (spolu s DP Mlad Boleslav)',	50.419770,	14.916240,	8,	15),
('ro62',	3,	'Kutn Hora (PID)',	NULL,	NULL,	'v ekrn terminlu Autobusovho stanovit',	49.954210,	15.271500,	8,	15),
('ro7',	3,	'Magistrt hl. m. Prahy (DPP)',	NULL,	'Infocentrum je umstno v pasi kodova palce.',	'Jungmannova 29, Praha 1, pzem budovy Magistrtu (kodv palc)',	50.082130,	14.421916,	6,	15),
('ro8',	3,	'Mstek',	NULL,	NULL,	'Vestibul stanice metra linky A ve smru ul. 28. jna (severn vestibul)',	50.083950,	14.423036,	4,	15),
('ro9',	3,	'Ndra Veleslavn',	NULL,	NULL,	'Vestibul stanice metra',	50.095440,	14.347000,	4,	15),
('ro99',	3,	'Magistrt hl. m. Prahy (OICT)',	NULL,	'Pepky jsou umstny na rohu Charvtovy a Jungmannovy ulice.',	'Jungmannova 35/29, Praha 1, pzem budovy Magistrtu (kodv palc)',	50.081770,	14.422260,	9,	15);

DROP TABLE IF EXISTS `pid_services`;
CREATE TABLE `pid_services` (
  `id` bigint(20) NOT NULL AUTO_INCREMENT,
  `pid_id` int(11) NOT NULL,
  `name` varchar(255) COLLATE utf8mb4_unicode_ci DEFAULT NULL,
  PRIMARY KEY (`id`),
  KEY `pid_services_id_index` (`id`)
) ENGINE=InnoDB DEFAULT CHARSET=utf8mb4 COLLATE=utf8mb4_unicode_ci;

INSERT INTO `pid_services` (`id`, `pid_id`, `name`) VALUES
(1,	196608,	NULL),
(2,	1253696,	NULL),
(3,	1253376,	NULL),
(4,	1257842,	NULL),
(5,	209154,	NULL),
(6,	1257730,	NULL),
(7,	196864,	NULL),
(8,	352,	NULL),
(9,	368,	NULL),
(10,	209202,	NULL),
(11,	1257778,	NULL),
(12,	1257474,	NULL),
(13,	1060866,	NULL),
(14,	1061186,	NULL),
(15,	256,	NULL);

DROP TABLE IF EXISTS `pid_time_slots`;
CREATE TABLE `pid_time_slots` (
  `id` bigint(20) unsigned NOT NULL AUTO_INCREMENT,
  `start_time` time NOT NULL,
  `end_time` time NOT NULL,
  PRIMARY KEY (`id`),
  UNIQUE KEY `start_time_end_time` (`start_time`,`end_time`)
) ENGINE=InnoDB DEFAULT CHARSET=utf8mb4 COLLATE=utf8mb4_unicode_ci;

INSERT INTO `pid_time_slots` (`id`, `start_time`, `end_time`) VALUES
(64,	'00:00:00',	'00:20:00'),
(71,	'00:00:00',	'00:35:00'),
(68,	'00:00:00',	'01:05:00'),
(80,	'00:00:00',	'01:15:00'),
(123,	'00:00:00',	'01:30:00'),
(2,	'00:00:00',	'24:00:00'),
(147,	'02:00:00',	'02:30:00'),
(69,	'03:15:00',	'24:00:00'),
(146,	'03:20:00',	'00:30:00'),
(65,	'03:20:00',	'24:00:00'),
(81,	'03:25:00',	'24:00:00'),
(148,	'03:30:00',	'23:40:00'),
(72,	'03:30:00',	'24:00:00'),
(124,	'03:35:00',	'24:00:00'),
(70,	'03:40:00',	'24:00:00'),
(175,	'04:00:00',	'01:00:00'),
(11,	'04:00:00',	'22:30:00'),
(82,	'04:20:00',	'24:00:00'),
(105,	'04:25:00',	'16:15:00'),
(51,	'04:25:00',	'20:10:00'),
(19,	'04:35:00',	'17:10:00'),
(268,	'04:40:00',	'09:30:00'),
(83,	'04:45:00',	'09:10:00'),
(140,	'04:45:00',	'21:25:00'),
(125,	'04:50:00',	'09:40:00'),
(99,	'04:55:00',	'10:15:00'),
(195,	'04:55:00',	'19:30:00'),
(249,	'05:00:00',	'08:30:00'),
(256,	'05:00:00',	'09:10:00'),
(131,	'05:00:00',	'10:00:00'),
(89,	'05:00:00',	'10:50:00'),
(191,	'05:00:00',	'11:05:00'),
(219,	'05:00:00',	'16:45:00'),
(311,	'05:00:00',	'19:00:00'),
(201,	'05:00:00',	'20:00:00'),
(52,	'05:00:00',	'20:10:00'),
(9,	'05:00:00',	'21:00:00'),
(228,	'05:00:00',	'21:05:00'),
(6,	'05:00:00',	'24:00:00'),
(235,	'05:05:00',	'09:15:00'),
(222,	'05:05:00',	'09:45:00'),
(73,	'05:05:00',	'10:30:00'),
(25,	'05:05:00',	'10:45:00'),
(113,	'05:05:00',	'16:30:00'),
(86,	'05:10:00',	'09:10:00'),
(108,	'05:10:00',	'20:40:00'),
(96,	'05:10:00',	'21:25:00'),
(198,	'05:14:00',	'21:06:00'),
(38,	'05:15:00',	'08:55:00'),
(134,	'05:15:00',	'09:00:00'),
(21,	'05:15:00',	'09:15:00'),
(143,	'05:15:00',	'09:55:00'),
(119,	'05:15:00',	'10:40:00'),
(203,	'05:15:00',	'12:50:00'),
(66,	'05:15:00',	'20:55:00'),
(244,	'05:20:00',	'09:40:00'),
(242,	'05:20:00',	'10:05:00'),
(58,	'05:20:00',	'11:35:00'),
(262,	'05:20:00',	'11:40:00'),
(204,	'05:25:00',	'07:40:00'),
(128,	'05:25:00',	'09:40:00'),
(230,	'05:30:00',	'09:00:00'),
(42,	'05:30:00',	'09:40:00'),
(79,	'05:30:00',	'13:10:00'),
(34,	'05:31:00',	'16:47:00'),
(212,	'05:40:00',	'08:07:00'),
(285,	'05:40:00',	'09:30:00'),
(279,	'05:40:00',	'11:15:00'),
(225,	'05:40:00',	'11:40:00'),
(106,	'05:40:00',	'15:25:00'),
(162,	'05:40:00',	'17:00:00'),
(172,	'05:43:00',	'17:22:00'),
(196,	'05:45:00',	'10:20:00'),
(199,	'05:46:00',	'18:06:00'),
(275,	'05:49:00',	'12:02:00'),
(246,	'05:50:00',	'09:40:00'),
(164,	'05:50:00',	'10:10:00'),
(17,	'05:50:00',	'11:00:00'),
(30,	'05:50:00',	'12:00:00'),
(37,	'05:54:00',	'13:35:00'),
(93,	'05:55:00',	'08:30:00'),
(171,	'05:56:00',	'20:55:00'),
(252,	'06:00:00',	'08:30:00'),
(182,	'06:00:00',	'11:00:00'),
(152,	'06:00:00',	'11:15:00'),
(309,	'06:00:00',	'11:30:00'),
(306,	'06:00:00',	'12:45:00'),
(318,	'06:00:00',	'16:00:00'),
(163,	'06:00:00',	'17:00:00'),
(116,	'06:00:00',	'17:50:00'),
(293,	'06:00:00',	'20:00:00'),
(10,	'06:00:00',	'21:00:00'),
(181,	'06:00:00',	'21:10:00'),
(292,	'06:00:00',	'22:00:00'),
(185,	'06:05:00',	'10:20:00'),
(109,	'06:05:00',	'11:45:00'),
(114,	'06:05:00',	'17:30:00'),
(111,	'06:05:00',	'18:30:00'),
(12,	'06:10:00',	'10:15:00'),
(28,	'06:10:00',	'10:45:00'),
(281,	'06:15:00',	'09:40:00'),
(54,	'06:15:00',	'16:00:00'),
(176,	'06:15:00',	'17:30:00'),
(53,	'06:15:00',	'18:10:00'),
(97,	'06:15:00',	'18:55:00'),
(48,	'06:16:00',	'17:39:00'),
(60,	'06:17:00',	'12:04:00'),
(24,	'06:20:00',	'09:15:00'),
(187,	'06:20:00',	'10:20:00'),
(121,	'06:20:00',	'10:40:00'),
(56,	'06:20:00',	'11:15:00'),
(159,	'06:20:00',	'17:40:00'),
(158,	'06:20:00',	'18:10:00'),
(67,	'06:20:00',	'18:20:00'),
(238,	'06:30:00',	'09:45:00'),
(137,	'06:30:00',	'11:00:00'),
(299,	'06:30:00',	'12:00:00'),
(317,	'06:30:00',	'15:30:00'),
(316,	'06:30:00',	'17:30:00'),
(173,	'06:31:00',	'17:22:00'),
(35,	'06:31:00',	'17:47:00'),
(91,	'06:35:00',	'19:15:00'),
(141,	'06:35:00',	'19:35:00'),
(101,	'06:45:00',	'10:15:00'),
(87,	'06:45:00',	'11:10:00'),
(200,	'06:46:00',	'18:36:00'),
(167,	'06:50:00',	'11:30:00'),
(264,	'06:50:00',	'12:40:00'),
(157,	'06:50:00',	'17:45:00'),
(112,	'06:50:00',	'20:00:00'),
(283,	'06:55:00',	'11:15:00'),
(287,	'06:55:00',	'11:45:00'),
(160,	'06:55:00',	'18:10:00'),
(142,	'06:55:00',	'19:35:00'),
(49,	'06:59:00',	'17:39:00'),
(254,	'07:00:00',	'09:00:00'),
(258,	'07:00:00',	'11:00:00'),
(302,	'07:00:00',	'11:30:00'),
(271,	'07:00:00',	'11:45:00'),
(304,	'07:00:00',	'12:00:00'),
(149,	'07:00:00',	'12:08:00'),
(220,	'07:00:00',	'16:45:00'),
(312,	'07:00:00',	'17:00:00'),
(156,	'07:00:00',	'17:20:00'),
(161,	'07:00:00',	'18:00:00'),
(202,	'07:00:00',	'20:00:00'),
(291,	'07:00:00',	'21:00:00'),
(36,	'07:01:00',	'17:47:00'),
(189,	'07:05:00',	'10:20:00'),
(177,	'07:05:00',	'11:00:00'),
(98,	'07:05:00',	'21:15:00'),
(14,	'07:10:00',	'10:15:00'),
(208,	'07:10:00',	'12:30:00'),
(75,	'07:15:00',	'11:30:00'),
(277,	'07:19:00',	'18:02:00'),
(233,	'07:25:00',	'12:45:00'),
(117,	'07:25:00',	'16:20:00'),
(50,	'07:29:00',	'18:09:00'),
(240,	'07:30:00',	'09:45:00'),
(118,	'07:30:00',	'17:50:00'),
(174,	'07:31:00',	'17:22:00'),
(211,	'07:40:00',	'12:30:00'),
(107,	'07:40:00',	'17:25:00'),
(62,	'07:47:00',	'19:35:00'),
(63,	'07:48:00',	'18:35:00'),
(169,	'07:50:00',	'11:30:00'),
(266,	'07:50:00',	'12:40:00'),
(205,	'08:00:00',	'10:30:00'),
(315,	'08:00:00',	'11:00:00'),
(45,	'08:00:00',	'11:40:00'),
(32,	'08:00:00',	'12:00:00'),
(296,	'08:00:00',	'12:30:00'),
(8,	'08:00:00',	'16:00:00'),
(55,	'08:00:00',	'17:40:00'),
(221,	'08:00:00',	'17:45:00'),
(295,	'08:00:00',	'18:00:00'),
(5,	'08:00:00',	'19:00:00'),
(3,	'08:00:00',	'20:00:00'),
(7,	'08:00:00',	'21:00:00'),
(4,	'08:00:00',	'22:00:00'),
(179,	'08:05:00',	'11:00:00'),
(115,	'08:10:00',	'18:30:00'),
(77,	'08:15:00',	'11:30:00'),
(278,	'08:20:00',	'17:32:00'),
(92,	'08:35:00',	'20:15:00'),
(213,	'08:45:00',	'11:05:00'),
(103,	'08:45:00',	'12:15:00'),
(94,	'08:50:00',	'11:00:00'),
(289,	'09:00:00',	'11:45:00'),
(250,	'09:00:00',	'12:15:00'),
(260,	'09:00:00',	'13:00:00'),
(308,	'09:00:00',	'16:00:00'),
(1,	'09:00:00',	'23:30:00'),
(273,	'09:05:00',	'14:10:00'),
(255,	'09:30:00',	'12:15:00'),
(135,	'09:30:00',	'15:00:00'),
(231,	'09:30:00',	'15:45:00'),
(294,	'09:30:00',	'17:00:00'),
(257,	'09:40:00',	'17:00:00'),
(84,	'09:40:00',	'17:05:00'),
(39,	'09:45:00',	'12:50:00'),
(22,	'09:45:00',	'17:00:00'),
(236,	'10:00:00',	'13:00:00'),
(269,	'10:00:00',	'14:10:00'),
(286,	'10:00:00',	'17:25:00'),
(305,	'10:00:00',	'18:00:00'),
(126,	'10:10:00',	'13:40:00'),
(43,	'10:10:00',	'14:45:00'),
(247,	'10:10:00',	'15:15:00'),
(129,	'10:10:00',	'15:40:00'),
(282,	'10:10:00',	'17:05:00'),
(239,	'10:15:00',	'16:35:00'),
(241,	'10:15:00',	'17:35:00'),
(144,	'10:25:00',	'10:35:00'),
(165,	'10:30:00',	'11:30:00'),
(243,	'10:30:00',	'13:05:00'),
(132,	'10:30:00',	'18:00:00'),
(102,	'10:45:00',	'15:10:00'),
(15,	'10:45:00',	'16:20:00'),
(13,	'10:45:00',	'17:40:00'),
(16,	'10:45:00',	'18:25:00'),
(197,	'10:50:00',	'13:35:00'),
(188,	'10:50:00',	'15:20:00'),
(190,	'10:50:00',	'17:20:00'),
(186,	'10:50:00',	'17:55:00'),
(130,	'10:50:00',	'19:40:00'),
(145,	'10:55:00',	'12:35:00'),
(216,	'10:55:00',	'13:05:00'),
(206,	'11:00:00',	'12:30:00'),
(229,	'11:00:00',	'12:50:00'),
(100,	'11:00:00',	'17:10:00'),
(122,	'11:10:00',	'16:20:00'),
(120,	'11:10:00',	'17:00:00'),
(223,	'11:15:00',	'14:45:00'),
(74,	'11:15:00',	'17:00:00'),
(29,	'11:15:00',	'17:50:00'),
(26,	'11:15:00',	'18:45:00'),
(183,	'11:30:00',	'13:30:00'),
(18,	'11:30:00',	'13:40:00'),
(95,	'11:30:00',	'13:45:00'),
(138,	'11:30:00',	'15:00:00'),
(180,	'11:30:00',	'16:50:00'),
(259,	'11:30:00',	'17:05:00'),
(178,	'11:30:00',	'19:20:00'),
(153,	'11:35:00',	'13:15:00'),
(192,	'11:35:00',	'16:15:00'),
(88,	'11:40:00',	'17:05:00'),
(57,	'11:45:00',	'14:20:00'),
(90,	'11:50:00',	'20:45:00'),
(314,	'12:00:00',	'14:30:00'),
(76,	'12:00:00',	'15:30:00'),
(313,	'12:00:00',	'17:00:00'),
(166,	'12:00:00',	'17:15:00'),
(78,	'12:00:00',	'17:30:00'),
(310,	'12:00:00',	'18:00:00'),
(59,	'12:05:00',	'13:10:00'),
(46,	'12:10:00',	'16:45:00'),
(263,	'12:10:00',	'17:02:00'),
(227,	'12:10:00',	'17:32:00'),
(226,	'12:10:00',	'17:35:00'),
(110,	'12:10:00',	'21:45:00'),
(272,	'12:15:00',	'15:10:00'),
(288,	'12:15:00',	'17:00:00'),
(168,	'12:15:00',	'17:15:00'),
(170,	'12:15:00',	'17:35:00'),
(280,	'12:15:00',	'17:40:00'),
(284,	'12:15:00',	'19:05:00'),
(290,	'12:15:00',	'19:20:00'),
(321,	'12:30:00',	'13:30:00'),
(303,	'12:30:00',	'14:30:00'),
(319,	'12:30:00',	'15:30:00'),
(301,	'12:30:00',	'16:30:00'),
(298,	'12:30:00',	'17:00:00'),
(150,	'12:30:00',	'17:20:00'),
(151,	'12:30:00',	'18:20:00'),
(276,	'12:32:00',	'17:32:00'),
(61,	'12:34:00',	'17:35:00'),
(251,	'12:45:00',	'16:48:00'),
(104,	'12:45:00',	'17:10:00'),
(31,	'12:45:00',	'17:45:00'),
(33,	'12:45:00',	'19:05:00'),
(214,	'12:50:00',	'14:10:00'),
(209,	'13:00:00',	'14:00:00'),
(320,	'13:00:00',	'15:30:00'),
(297,	'13:00:00',	'17:00:00'),
(207,	'13:00:00',	'17:10:00'),
(300,	'13:00:00',	'18:30:00'),
(265,	'13:10:00',	'16:35:00'),
(267,	'13:10:00',	'18:05:00'),
(234,	'13:15:00',	'18:45:00'),
(307,	'13:15:00',	'20:00:00'),
(237,	'13:20:00',	'16:45:00'),
(253,	'13:30:00',	'16:49:00'),
(40,	'13:30:00',	'17:50:00'),
(261,	'13:30:00',	'19:05:00'),
(154,	'13:35:00',	'14:50:00'),
(217,	'13:45:00',	'16:05:00'),
(184,	'13:55:00',	'21:10:00'),
(127,	'14:05:00',	'17:40:00'),
(245,	'14:10:00',	'17:05:00'),
(248,	'14:10:00',	'17:25:00'),
(210,	'14:30:00',	'18:15:00'),
(270,	'14:40:00',	'16:55:00'),
(274,	'14:40:00',	'19:00:00'),
(215,	'14:45:00',	'16:15:00'),
(155,	'15:10:00',	'18:20:00'),
(44,	'15:15:00',	'18:00:00'),
(224,	'15:15:00',	'18:55:00'),
(136,	'15:30:00',	'17:55:00'),
(139,	'15:30:00',	'19:05:00'),
(232,	'16:15:00',	'16:40:00'),
(218,	'16:45:00',	'19:00:00'),
(194,	'16:45:00',	'20:15:00'),
(193,	'16:45:00',	'20:45:00'),
(47,	'17:15:00',	'20:40:00'),
(23,	'17:30:00',	'21:15:00'),
(85,	'17:35:00',	'21:05:00'),
(20,	'17:40:00',	'21:15:00'),
(41,	'18:20:00',	'21:45:00'),
(133,	'18:30:00',	'21:30:00'),
(27,	'19:15:00',	'21:05:00');

DROP TABLE IF EXISTS `pid_types`;
CREATE TABLE `pid_types` (
  `id` bigint(20) unsigned NOT NULL AUTO_INCREMENT,
  `type` varchar(255) COLLATE utf8mb4_unicode_ci NOT NULL,
  PRIMARY KEY (`id`),
  UNIQUE KEY `type` (`type`)
) ENGINE=InnoDB DEFAULT CHARSET=utf8mb4 COLLATE=utf8mb4_unicode_ci;

INSERT INTO `pid_types` (`id`, `type`) VALUES
(5,	'carrierOffice'),
(3,	'informationCenter'),
(1,	'ticketMachine'),
(4,	'ticketOfficeMetro'),
(2,	'trainStation');

-- 2023-11-12 08:07:26
