-- Adminer 4.8.1 MySQL 10.5.13-MariaDB dump

SET NAMES utf8;
SET time_zone = '+00:00';
SET foreign_key_checks = 0;
SET sql_mode = 'NO_AUTO_VALUE_ON_ZERO';

SET NAMES utf8mb4;

DROP TABLE IF EXISTS `days`;
CREATE TABLE `days` (
  `id` bigint(20) unsigned NOT NULL AUTO_INCREMENT,
  `day_of_week` varchar(255) COLLATE utf8mb4_unicode_ci NOT NULL,
  PRIMARY KEY (`id`),
  KEY `day_of_week` (`day_of_week`)
) ENGINE=InnoDB DEFAULT CHARSET=utf8mb4 COLLATE=utf8mb4_unicode_ci;

INSERT INTO `days` (`id`, `day_of_week`) VALUES
(5,	'Friday'),
(1,	'Monday'),
(6,	'Saturday'),
(7,	'Sunday'),
(4,	'Thursday'),
(2,	'Tuesday'),
(3,	'Wednesday');

DROP TABLE IF EXISTS `migrations`;
CREATE TABLE `migrations` (
  `id` int(10) unsigned NOT NULL AUTO_INCREMENT,
  `migration` varchar(255) COLLATE utf8mb4_unicode_ci NOT NULL,
  `batch` int(11) NOT NULL,
  PRIMARY KEY (`id`)
) ENGINE=InnoDB DEFAULT CHARSET=utf8mb4 COLLATE=utf8mb4_unicode_ci;

INSERT INTO `migrations` (`id`, `migration`, `batch`) VALUES
(1,	'2023_11_10_141444_days',	1),
(2,	'2023_11_10_142240_item_day_time_slots',	2),
(3,	'2023_11_10_190948_pit_type',	3),
(4,	'2023_11_10_194107_pit_pay_methods',	4),
(5,	'2023_11_10_200016_pit_services',	5);

DROP TABLE IF EXISTS `pid_day_time_slots`;
CREATE TABLE `pid_day_time_slots` (
  `id` bigint(20) unsigned NOT NULL AUTO_INCREMENT,
  `pid_sale_id` varchar(255) COLLATE utf8mb4_unicode_ci NOT NULL,
  `day_id` bigint(20) unsigned NOT NULL,
  `pid_time_slot_id` bigint(20) unsigned NOT NULL,
  PRIMARY KEY (`id`),
  UNIQUE KEY `pid_sale_id_day_id_pid_time_slot_id` (`pid_sale_id`,`day_id`,`pid_time_slot_id`),
  KEY `pid_day_time_slots_day_id_foreign` (`day_id`),
  KEY `pid_day_time_slots_pid_time_slot_id_foreign` (`pid_time_slot_id`),
  KEY `pid_sale_id` (`pid_sale_id`),
  CONSTRAINT `pid_day_time_slots_day_id_foreign` FOREIGN KEY (`day_id`) REFERENCES `days` (`id`) ON DELETE CASCADE,
  CONSTRAINT `pid_day_time_slots_pid_time_slot_id_foreign` FOREIGN KEY (`pid_time_slot_id`) REFERENCES `pid_time_slots` (`id`) ON DELETE CASCADE
) ENGINE=InnoDB DEFAULT CHARSET=utf8mb4 COLLATE=utf8mb4_unicode_ci;

INSERT INTO `pid_day_time_slots` (`id`, `pid_sale_id`, `day_id`, `pid_time_slot_id`) VALUES
(43672,	'cd530147',	1,	6798),
(43673,	'cd530147',	1,	6799),
(43674,	'cd530147',	1,	6800),
(43675,	'cd530147',	2,	6798),
(43676,	'cd530147',	2,	6799),
(43677,	'cd530147',	2,	6800),
(43678,	'cd530147',	3,	6798),
(43679,	'cd530147',	3,	6799),
(43680,	'cd530147',	3,	6800),
(43681,	'cd530147',	4,	6798),
(43682,	'cd530147',	4,	6799),
(43683,	'cd530147',	4,	6800),
(43684,	'cd530147',	5,	6798),
(43685,	'cd530147',	5,	6799),
(43686,	'cd530147',	5,	6800),
(43687,	'cd530147',	6,	6801),
(43688,	'cd530147',	6,	6802),
(43689,	'cd530147',	7,	6803),
(43690,	'cd530147',	7,	6804),
(43098,	'cd530188',	1,	6629),
(43099,	'cd530188',	1,	6630),
(43100,	'cd530188',	2,	6629),
(43101,	'cd530188',	2,	6630),
(43102,	'cd530188',	3,	6629),
(43103,	'cd530188',	3,	6630),
(43104,	'cd530188',	4,	6629),
(43105,	'cd530188',	4,	6630),
(43106,	'cd530188',	5,	6629),
(43107,	'cd530188',	5,	6630),
(43108,	'cd530188',	6,	6631),
(43109,	'cd530188',	6,	6632),
(43110,	'cd530188',	7,	6633),
(43111,	'cd530188',	7,	6634),
(43574,	'cd530469',	1,	6765),
(43575,	'cd530469',	1,	6766),
(43576,	'cd530469',	1,	6767),
(43577,	'cd530469',	2,	6765),
(43578,	'cd530469',	2,	6766),
(43579,	'cd530469',	2,	6767),
(43580,	'cd530469',	3,	6765),
(43581,	'cd530469',	3,	6766),
(43582,	'cd530469',	3,	6767),
(43583,	'cd530469',	4,	6765),
(43584,	'cd530469',	4,	6766),
(43585,	'cd530469',	4,	6767),
(43586,	'cd530469',	5,	6765),
(43587,	'cd530469',	5,	6766),
(43588,	'cd530469',	5,	6767),
(43589,	'cd530469',	6,	6768),
(43590,	'cd530469',	6,	6769),
(43591,	'cd530469',	7,	6770),
(43592,	'cd530469',	7,	6771),
(43307,	'cd530568',	1,	6694),
(43308,	'cd530568',	1,	6695),
(43309,	'cd530568',	1,	6696),
(43310,	'cd530568',	2,	6694),
(43311,	'cd530568',	2,	6695),
(43312,	'cd530568',	2,	6696),
(43313,	'cd530568',	3,	6694),
(43314,	'cd530568',	3,	6695),
(43315,	'cd530568',	3,	6696),
(43316,	'cd530568',	4,	6694),
(43317,	'cd530568',	4,	6695),
(43318,	'cd530568',	4,	6696),
(43319,	'cd530568',	5,	6694),
(43320,	'cd530568',	5,	6695),
(43321,	'cd530568',	5,	6696),
(43322,	'cd530568',	6,	6697),
(43323,	'cd530568',	6,	6698),
(43324,	'cd530568',	7,	6699),
(43325,	'cd530568',	7,	6700),
(42896,	'cd530667',	1,	6568),
(42897,	'cd530667',	1,	6569),
(42898,	'cd530667',	1,	6570),
(42899,	'cd530667',	1,	6571),
(42900,	'cd530667',	2,	6568),
(42901,	'cd530667',	2,	6569),
(42902,	'cd530667',	2,	6570),
(42903,	'cd530667',	2,	6571),
(42904,	'cd530667',	3,	6568),
(42905,	'cd530667',	3,	6569),
(42906,	'cd530667',	3,	6570),
(42907,	'cd530667',	3,	6571),
(42908,	'cd530667',	4,	6568),
(42909,	'cd530667',	4,	6569),
(42910,	'cd530667',	4,	6570),
(42911,	'cd530667',	4,	6571),
(42912,	'cd530667',	5,	6568),
(42913,	'cd530667',	5,	6569),
(42914,	'cd530667',	5,	6570),
(42915,	'cd530667',	5,	6571),
(42916,	'cd530667',	6,	6572),
(42917,	'cd530667',	6,	6573),
(42918,	'cd530667',	6,	6574),
(42919,	'cd530667',	7,	6575),
(42920,	'cd530667',	7,	6576),
(42921,	'cd530667',	7,	6577),
(43226,	'cd530964',	1,	6673),
(43227,	'cd530964',	1,	6674),
(43228,	'cd530964',	1,	6675),
(43229,	'cd530964',	2,	6673),
(43230,	'cd530964',	2,	6674),
(43231,	'cd530964',	2,	6675),
(43232,	'cd530964',	3,	6673),
(43233,	'cd530964',	3,	6674),
(43234,	'cd530964',	3,	6675),
(43235,	'cd530964',	4,	6673),
(43236,	'cd530964',	4,	6674),
(43237,	'cd530964',	4,	6675),
(43238,	'cd530964',	5,	6673),
(43239,	'cd530964',	5,	6674),
(43240,	'cd530964',	5,	6675),
(43091,	'cd531145',	1,	6626),
(43092,	'cd531145',	2,	6626),
(43093,	'cd531145',	3,	6626),
(43094,	'cd531145',	4,	6626),
(43095,	'cd531145',	5,	6626),
(43096,	'cd531145',	6,	6627),
(43097,	'cd531145',	7,	6628),
(43198,	'cd531160',	1,	6661),
(43199,	'cd531160',	1,	6662),
(43200,	'cd531160',	1,	6663),
(43201,	'cd531160',	2,	6661),
(43202,	'cd531160',	2,	6662),
(43203,	'cd531160',	2,	6663),
(43204,	'cd531160',	3,	6661),
(43205,	'cd531160',	3,	6662),
(43206,	'cd531160',	3,	6663),
(43207,	'cd531160',	4,	6661),
(43208,	'cd531160',	4,	6662),
(43209,	'cd531160',	4,	6663),
(43210,	'cd531160',	5,	6661),
(43211,	'cd531160',	5,	6662),
(43212,	'cd531160',	5,	6663),
(43213,	'cd531160',	6,	6664),
(43214,	'cd531160',	6,	6665),
(43215,	'cd531160',	6,	6666),
(43216,	'cd531160',	7,	6667),
(43217,	'cd531160',	7,	6668),
(43218,	'cd531160',	7,	6669),
(43024,	'cd531343',	1,	6609),
(43025,	'cd531343',	2,	6609),
(43026,	'cd531343',	3,	6609),
(43027,	'cd531343',	4,	6609),
(43028,	'cd531343',	5,	6609),
(43593,	'cd531566',	1,	6772),
(43594,	'cd531566',	1,	6773),
(43595,	'cd531566',	2,	6772),
(43596,	'cd531566',	2,	6773),
(43597,	'cd531566',	3,	6772),
(43598,	'cd531566',	3,	6773),
(43599,	'cd531566',	4,	6772),
(43600,	'cd531566',	4,	6773),
(43601,	'cd531566',	5,	6772),
(43602,	'cd531566',	5,	6773),
(42963,	'cd531863',	1,	6590),
(42964,	'cd531863',	1,	6591),
(42965,	'cd531863',	2,	6590),
(42966,	'cd531863',	2,	6591),
(42967,	'cd531863',	3,	6590),
(42968,	'cd531863',	3,	6591),
(42969,	'cd531863',	4,	6590),
(42970,	'cd531863',	4,	6591),
(42971,	'cd531863',	5,	6590),
(42972,	'cd531863',	5,	6591),
(42973,	'cd531863',	6,	6592),
(42974,	'cd531863',	7,	6593),
(43691,	'cd532069',	1,	6805),
(43692,	'cd532069',	1,	6806),
(43693,	'cd532069',	2,	6805),
(43694,	'cd532069',	2,	6806),
(43695,	'cd532069',	3,	6805),
(43696,	'cd532069',	3,	6806),
(43697,	'cd532069',	4,	6805),
(43698,	'cd532069',	4,	6806),
(43699,	'cd532069',	5,	6805),
(43700,	'cd532069',	5,	6806),
(43701,	'cd532069',	6,	6807),
(43702,	'cd532069',	7,	6808),
(43166,	'cd532143',	1,	6653),
(43167,	'cd532143',	1,	6654),
(43168,	'cd532143',	2,	6653),
(43169,	'cd532143',	2,	6654),
(43170,	'cd532143',	3,	6653),
(43171,	'cd532143',	3,	6654),
(43172,	'cd532143',	4,	6653),
(43173,	'cd532143',	4,	6654),
(43174,	'cd532143',	5,	6653),
(43175,	'cd532143',	5,	6654),
(43176,	'cd532143',	6,	6653),
(43177,	'cd532143',	6,	6654),
(43178,	'cd532143',	7,	6653),
(43179,	'cd532143',	7,	6654),
(43448,	'cd532168',	1,	6728),
(43449,	'cd532168',	2,	6728),
(43450,	'cd532168',	3,	6728),
(43451,	'cd532168',	4,	6728),
(43452,	'cd532168',	5,	6728),
(43453,	'cd532168',	6,	6729),
(43454,	'cd532168',	7,	6730),
(42922,	'cd532267',	1,	6578),
(42923,	'cd532267',	2,	6578),
(42924,	'cd532267',	3,	6578),
(42925,	'cd532267',	4,	6578),
(42926,	'cd532267',	5,	6578),
(42927,	'cd532267',	6,	6579),
(42928,	'cd532267',	7,	6580),
(43219,	'cd532341',	1,	6670),
(43220,	'cd532341',	2,	6670),
(43221,	'cd532341',	3,	6670),
(43222,	'cd532341',	4,	6670),
(43223,	'cd532341',	5,	6670),
(43224,	'cd532341',	6,	6671),
(43225,	'cd532341',	7,	6672),
(42891,	'cd532465',	1,	6567),
(42892,	'cd532465',	2,	6567),
(42893,	'cd532465',	3,	6567),
(42894,	'cd532465',	4,	6567),
(42895,	'cd532465',	5,	6567),
(43333,	'cd532564',	1,	6702),
(43334,	'cd532564',	2,	6702),
(43335,	'cd532564',	3,	6702),
(43336,	'cd532564',	4,	6702),
(43337,	'cd532564',	5,	6702),
(43338,	'cd532564',	6,	6703),
(43339,	'cd532564',	7,	6704),
(42884,	'cd532663',	1,	6564),
(42885,	'cd532663',	2,	6564),
(42886,	'cd532663',	3,	6564),
(42887,	'cd532663',	4,	6564),
(42888,	'cd532663',	5,	6564),
(42889,	'cd532663',	6,	6565),
(42890,	'cd532663',	7,	6566),
(43604,	'cd533141',	1,	6656),
(43603,	'cd533141',	1,	6774),
(43605,	'cd533141',	1,	6775),
(43607,	'cd533141',	2,	6656),
(43606,	'cd533141',	2,	6774),
(43608,	'cd533141',	2,	6775),
(43610,	'cd533141',	3,	6656),
(43609,	'cd533141',	3,	6774),
(43611,	'cd533141',	3,	6775),
(43613,	'cd533141',	4,	6656),
(43612,	'cd533141',	4,	6774),
(43614,	'cd533141',	4,	6775),
(43616,	'cd533141',	5,	6656),
(43615,	'cd533141',	5,	6774),
(43617,	'cd533141',	5,	6775),
(43618,	'cd533141',	6,	6776),
(43619,	'cd533141',	6,	6777),
(43621,	'cd533141',	7,	6656),
(43620,	'cd533141',	7,	6776),
(43622,	'cd533141',	7,	6778),
(42996,	'cd534149',	1,	6598),
(42997,	'cd534149',	1,	6599),
(42998,	'cd534149',	2,	6598),
(42999,	'cd534149',	2,	6599),
(43000,	'cd534149',	3,	6598),
(43001,	'cd534149',	3,	6599),
(43002,	'cd534149',	4,	6598),
(43003,	'cd534149',	4,	6599),
(43004,	'cd534149',	5,	6598),
(43005,	'cd534149',	5,	6599),
(43006,	'cd534149',	6,	6598),
(43007,	'cd534149',	6,	6600),
(43008,	'cd534149',	7,	6601),
(43009,	'cd534149',	7,	6602),
(43010,	'cd534248',	1,	6603),
(43011,	'cd534248',	1,	6604),
(43012,	'cd534248',	2,	6603),
(43013,	'cd534248',	2,	6604),
(43014,	'cd534248',	3,	6603),
(43015,	'cd534248',	3,	6604),
(43016,	'cd534248',	4,	6603),
(43017,	'cd534248',	4,	6604),
(43018,	'cd534248',	5,	6603),
(43019,	'cd534248',	5,	6604),
(43020,	'cd534248',	6,	6605),
(43021,	'cd534248',	6,	6606),
(43022,	'cd534248',	7,	6607),
(43023,	'cd534248',	7,	6608),
(43545,	'cd534743',	1,	6603),
(43546,	'cd534743',	1,	6759),
(43547,	'cd534743',	2,	6603),
(43548,	'cd534743',	2,	6759),
(43549,	'cd534743',	3,	6603),
(43550,	'cd534743',	3,	6759),
(43551,	'cd534743',	4,	6603),
(43552,	'cd534743',	4,	6759),
(43553,	'cd534743',	5,	6603),
(43554,	'cd534743',	5,	6759),
(42975,	'cd535161',	1,	6594),
(42976,	'cd535161',	1,	6595),
(42977,	'cd535161',	2,	6594),
(42978,	'cd535161',	2,	6595),
(42979,	'cd535161',	3,	6594),
(42980,	'cd535161',	3,	6595),
(42981,	'cd535161',	4,	6594),
(42982,	'cd535161',	4,	6595),
(42983,	'cd535161',	5,	6594),
(42984,	'cd535161',	5,	6595),
(42985,	'cd535161',	6,	6594),
(42986,	'cd535161',	6,	6595),
(42987,	'cd535161',	7,	6594),
(42988,	'cd535161',	7,	6595),
(42989,	'cd535567',	1,	6596),
(42990,	'cd535567',	2,	6596),
(42991,	'cd535567',	3,	6596),
(42992,	'cd535567',	4,	6596),
(42993,	'cd535567',	5,	6596),
(42994,	'cd535567',	6,	6597),
(42995,	'cd535567',	7,	6597),
(42936,	'cd536565',	1,	6583),
(42937,	'cd536565',	2,	6583),
(42938,	'cd536565',	3,	6583),
(42939,	'cd536565',	4,	6583),
(42940,	'cd536565',	5,	6583),
(42941,	'cd536565',	6,	6584),
(42942,	'cd536565',	7,	6585),
(43519,	'cd538066',	1,	6752),
(43520,	'cd538066',	1,	6753),
(43521,	'cd538066',	1,	6754),
(43522,	'cd538066',	2,	6752),
(43523,	'cd538066',	2,	6753),
(43524,	'cd538066',	2,	6754),
(43525,	'cd538066',	3,	6752),
(43526,	'cd538066',	3,	6753),
(43527,	'cd538066',	3,	6754),
(43528,	'cd538066',	4,	6752),
(43529,	'cd538066',	4,	6753),
(43530,	'cd538066',	4,	6754),
(43531,	'cd538066',	5,	6752),
(43532,	'cd538066',	5,	6753),
(43533,	'cd538066',	5,	6754),
(43534,	'cd538066',	6,	6755),
(43535,	'cd538066',	6,	6756),
(43536,	'cd538066',	7,	6755),
(43537,	'cd538066',	7,	6757),
(43043,	'cd540146',	1,	6613),
(43044,	'cd540146',	1,	6614),
(43045,	'cd540146',	1,	6615),
(43046,	'cd540146',	2,	6613),
(43047,	'cd540146',	2,	6614),
(43048,	'cd540146',	2,	6615),
(43049,	'cd540146',	3,	6613),
(43050,	'cd540146',	3,	6614),
(43051,	'cd540146',	3,	6615),
(43052,	'cd540146',	4,	6613),
(43053,	'cd540146',	4,	6614),
(43054,	'cd540146',	4,	6615),
(43055,	'cd540146',	5,	6613),
(43056,	'cd540146',	5,	6614),
(43057,	'cd540146',	5,	6615),
(43059,	'cd540146',	6,	6614),
(43060,	'cd540146',	6,	6615),
(43058,	'cd540146',	6,	6616),
(43063,	'cd540146',	7,	6615),
(43061,	'cd540146',	7,	6617),
(43062,	'cd540146',	7,	6618),
(42835,	'cd540443',	1,	6549),
(42836,	'cd540443',	1,	6550),
(42837,	'cd540443',	2,	6549),
(42838,	'cd540443',	2,	6550),
(42839,	'cd540443',	3,	6549),
(42840,	'cd540443',	3,	6550),
(42841,	'cd540443',	4,	6549),
(42842,	'cd540443',	4,	6550),
(42843,	'cd540443',	5,	6549),
(42844,	'cd540443',	5,	6550),
(42845,	'cd540443',	6,	6551),
(42846,	'cd540443',	6,	6552),
(42847,	'cd540443',	6,	6553),
(42849,	'cd540443',	7,	6552),
(42850,	'cd540443',	7,	6553),
(42848,	'cd540443',	7,	6554),
(43145,	'cd543512',	1,	6646),
(43146,	'cd543512',	2,	6646),
(43147,	'cd543512',	3,	6646),
(43148,	'cd543512',	4,	6646),
(43149,	'cd543512',	5,	6646),
(43150,	'cd543512',	6,	6647),
(43151,	'cd543512',	7,	6648),
(43029,	'cd543967',	1,	6610),
(43030,	'cd543967',	1,	6611),
(43031,	'cd543967',	2,	6610),
(43032,	'cd543967',	2,	6611),
(43033,	'cd543967',	3,	6610),
(43034,	'cd543967',	3,	6611),
(43035,	'cd543967',	4,	6610),
(43036,	'cd543967',	4,	6611),
(43037,	'cd543967',	5,	6610),
(43038,	'cd543967',	5,	6611),
(43039,	'cd543967',	6,	6610),
(43040,	'cd543967',	6,	6612),
(43041,	'cd543967',	7,	6610),
(43042,	'cd543967',	7,	6612),
(43112,	'cd544148',	1,	6635),
(43113,	'cd544148',	2,	6635),
(43114,	'cd544148',	3,	6635),
(43115,	'cd544148',	4,	6635),
(43116,	'cd544148',	5,	6635),
(43117,	'cd544148',	6,	6636),
(43118,	'cd544148',	7,	6637),
(43076,	'cd544361',	1,	6623),
(43077,	'cd544361',	1,	6624),
(43078,	'cd544361',	1,	6625),
(43079,	'cd544361',	2,	6623),
(43080,	'cd544361',	2,	6624),
(43081,	'cd544361',	2,	6625),
(43082,	'cd544361',	3,	6623),
(43083,	'cd544361',	3,	6624),
(43084,	'cd544361',	3,	6625),
(43085,	'cd544361',	4,	6623),
(43086,	'cd544361',	4,	6624),
(43087,	'cd544361',	4,	6625),
(43088,	'cd544361',	5,	6623),
(43089,	'cd544361',	5,	6624),
(43090,	'cd544361',	5,	6625),
(43119,	'cd544510',	1,	6638),
(43120,	'cd544510',	2,	6638),
(43121,	'cd544510',	3,	6638),
(43122,	'cd544510',	4,	6638),
(43123,	'cd544510',	5,	6638),
(43124,	'cd544510',	6,	6638),
(43125,	'cd544510',	7,	6638),
(43438,	'cd544668',	1,	6726),
(43439,	'cd544668',	1,	6727),
(43440,	'cd544668',	2,	6726),
(43441,	'cd544668',	2,	6727),
(43442,	'cd544668',	3,	6726),
(43443,	'cd544668',	3,	6727),
(43444,	'cd544668',	4,	6726),
(43445,	'cd544668',	4,	6727),
(43446,	'cd544668',	5,	6726),
(43447,	'cd544668',	5,	6727),
(43462,	'cd545145',	1,	6733),
(43463,	'cd545145',	2,	6733),
(43464,	'cd545145',	3,	6733),
(43465,	'cd545145',	4,	6733),
(43466,	'cd545145',	5,	6733),
(43623,	'cd545665',	1,	6779),
(43624,	'cd545665',	1,	6780),
(43625,	'cd545665',	1,	6781),
(43626,	'cd545665',	2,	6779),
(43627,	'cd545665',	2,	6780),
(43628,	'cd545665',	2,	6781),
(43629,	'cd545665',	3,	6779),
(43630,	'cd545665',	3,	6780),
(43631,	'cd545665',	3,	6781),
(43632,	'cd545665',	4,	6779),
(43633,	'cd545665',	4,	6780),
(43634,	'cd545665',	4,	6781),
(43635,	'cd545665',	5,	6779),
(43636,	'cd545665',	5,	6780),
(43637,	'cd545665',	5,	6781),
(43639,	'cd545665',	6,	6780),
(43638,	'cd545665',	6,	6782),
(43640,	'cd545665',	6,	6783),
(43643,	'cd545665',	7,	6783),
(43641,	'cd545665',	7,	6784),
(43642,	'cd545665',	7,	6785),
(42811,	'cd546465',	1,	6542),
(42812,	'cd546465',	1,	6543),
(42813,	'cd546465',	2,	6542),
(42814,	'cd546465',	2,	6543),
(42815,	'cd546465',	3,	6542),
(42816,	'cd546465',	3,	6543),
(42817,	'cd546465',	4,	6542),
(42818,	'cd546465',	4,	6543),
(42819,	'cd546465',	5,	6542),
(42820,	'cd546465',	5,	6543),
(42821,	'cd546465',	6,	6544),
(42822,	'cd546465',	6,	6545),
(42823,	'cd546465',	7,	6544),
(42824,	'cd546465',	7,	6546),
(43152,	'cd546861',	1,	6649),
(43153,	'cd546861',	1,	6650),
(43154,	'cd546861',	2,	6649),
(43155,	'cd546861',	2,	6650),
(43156,	'cd546861',	3,	6649),
(43157,	'cd546861',	3,	6650),
(43158,	'cd546861',	4,	6649),
(43159,	'cd546861',	4,	6650),
(43160,	'cd546861',	5,	6649),
(43161,	'cd546861',	5,	6650),
(43162,	'cd546861',	6,	6651),
(43163,	'cd546861',	6,	6652),
(43164,	'cd546861',	7,	6651),
(43165,	'cd546861',	7,	6652),
(42851,	'cd547760',	1,	6555),
(42852,	'cd547760',	1,	6556),
(42853,	'cd547760',	1,	6557),
(42854,	'cd547760',	2,	6555),
(42855,	'cd547760',	2,	6556),
(42856,	'cd547760',	2,	6557),
(42857,	'cd547760',	3,	6555),
(42858,	'cd547760',	3,	6556),
(42859,	'cd547760',	3,	6557),
(42860,	'cd547760',	4,	6555),
(42861,	'cd547760',	4,	6556),
(42862,	'cd547760',	4,	6557),
(42863,	'cd547760',	5,	6555),
(42864,	'cd547760',	5,	6556),
(42865,	'cd547760',	5,	6557),
(42866,	'cd547760',	6,	6558),
(42867,	'cd547760',	6,	6559),
(42868,	'cd547760',	7,	6558),
(42869,	'cd547760',	7,	6559),
(43293,	'cd548263',	1,	6691),
(43294,	'cd548263',	2,	6691),
(43295,	'cd548263',	3,	6691),
(43296,	'cd548263',	4,	6691),
(43297,	'cd548263',	5,	6691),
(43298,	'cd548263',	6,	6691),
(43299,	'cd548263',	7,	6691),
(43347,	'cd549568',	1,	6706),
(43348,	'cd549568',	2,	6706),
(43349,	'cd549568',	3,	6706),
(43350,	'cd549568',	4,	6706),
(43351,	'cd549568',	5,	6706),
(43352,	'cd549568',	6,	6706),
(43353,	'cd549568',	7,	6706),
(43455,	'cd549865',	1,	6539),
(43456,	'cd549865',	2,	6539),
(43457,	'cd549865',	3,	6539),
(43458,	'cd549865',	4,	6539),
(43459,	'cd549865',	5,	6539),
(43460,	'cd549865',	6,	6731),
(43461,	'cd549865',	7,	6732),
(43538,	'cd550061',	1,	6758),
(43539,	'cd550061',	2,	6758),
(43540,	'cd550061',	3,	6758),
(43541,	'cd550061',	4,	6758),
(43542,	'cd550061',	5,	6758),
(43543,	'cd550061',	6,	6646),
(43544,	'cd550061',	7,	6646),
(43138,	'cd550160',	1,	6643),
(43139,	'cd550160',	2,	6643),
(43140,	'cd550160',	3,	6643),
(43141,	'cd550160',	4,	6643),
(43142,	'cd550160',	5,	6643),
(43143,	'cd550160',	6,	6644),
(43144,	'cd550160',	7,	6645),
(43512,	'cd550269',	1,	6749),
(43513,	'cd550269',	2,	6749),
(43514,	'cd550269',	3,	6749),
(43515,	'cd550269',	4,	6749),
(43516,	'cd550269',	5,	6749),
(43517,	'cd550269',	6,	6750),
(43518,	'cd550269',	7,	6751),
(42870,	'cd550467',	1,	6560),
(42871,	'cd550467',	1,	6561),
(42872,	'cd550467',	2,	6560),
(42873,	'cd550467',	2,	6561),
(42874,	'cd550467',	3,	6560),
(42875,	'cd550467',	3,	6561),
(42876,	'cd550467',	4,	6560),
(42877,	'cd550467',	4,	6561),
(42878,	'cd550467',	5,	6560),
(42879,	'cd550467',	5,	6561),
(42880,	'cd550467',	6,	6560),
(42881,	'cd550467',	6,	6561),
(42882,	'cd550467',	7,	6562),
(42883,	'cd550467',	7,	6563),
(42797,	'cd551069',	1,	6539),
(42798,	'cd551069',	2,	6539),
(42799,	'cd551069',	3,	6539),
(42800,	'cd551069',	4,	6539),
(42801,	'cd551069',	5,	6539),
(42802,	'cd551069',	6,	6539),
(42803,	'cd551069',	7,	6540),
(43180,	'cd551366',	1,	6655),
(43181,	'cd551366',	1,	6656),
(43182,	'cd551366',	1,	6657),
(43184,	'cd551366',	2,	6656),
(43185,	'cd551366',	2,	6657),
(43183,	'cd551366',	2,	6658),
(43187,	'cd551366',	3,	6656),
(43188,	'cd551366',	3,	6657),
(43186,	'cd551366',	3,	6658),
(43190,	'cd551366',	4,	6656),
(43191,	'cd551366',	4,	6657),
(43189,	'cd551366',	4,	6658),
(43193,	'cd551366',	5,	6656),
(43194,	'cd551366',	5,	6657),
(43192,	'cd551366',	5,	6658),
(43195,	'cd551366',	6,	6658),
(43196,	'cd551366',	6,	6659),
(43197,	'cd551366',	7,	6660),
(43493,	'cd551762',	1,	6742),
(43494,	'cd551762',	1,	6743),
(43495,	'cd551762',	1,	6744),
(43496,	'cd551762',	1,	6745),
(43497,	'cd551762',	2,	6742),
(43498,	'cd551762',	2,	6743),
(43499,	'cd551762',	2,	6744),
(43500,	'cd551762',	2,	6745),
(43501,	'cd551762',	3,	6742),
(43502,	'cd551762',	3,	6743),
(43503,	'cd551762',	3,	6744),
(43504,	'cd551762',	3,	6745),
(43505,	'cd551762',	4,	6742),
(43506,	'cd551762',	4,	6743),
(43507,	'cd551762',	4,	6744),
(43508,	'cd551762',	4,	6745),
(43509,	'cd551762',	7,	6746),
(43510,	'cd551762',	7,	6747),
(43511,	'cd551762',	7,	6748),
(43644,	'cd553560',	1,	6786),
(43645,	'cd553560',	1,	6787),
(43646,	'cd553560',	2,	6786),
(43647,	'cd553560',	2,	6787),
(43648,	'cd553560',	3,	6786),
(43649,	'cd553560',	3,	6787),
(43650,	'cd553560',	4,	6786),
(43651,	'cd553560',	4,	6787),
(43652,	'cd553560',	5,	6786),
(43653,	'cd553560',	5,	6787),
(43654,	'cd553560',	6,	6788),
(43655,	'cd553560',	6,	6789),
(43656,	'cd553560',	7,	6790),
(43657,	'cd553560',	7,	6791),
(43658,	'cd555466',	1,	6792),
(43659,	'cd555466',	1,	6793),
(43660,	'cd555466',	2,	6792),
(43661,	'cd555466',	2,	6793),
(43662,	'cd555466',	3,	6792),
(43663,	'cd555466',	3,	6793),
(43664,	'cd555466',	4,	6792),
(43665,	'cd555466',	4,	6793),
(43666,	'cd555466',	5,	6792),
(43667,	'cd555466',	5,	6793),
(43668,	'cd555466',	6,	6794),
(43669,	'cd555466',	6,	6795),
(43670,	'cd555466',	7,	6796),
(43671,	'cd555466',	7,	6797),
(43555,	'cd557868',	1,	6760),
(43556,	'cd557868',	1,	6761),
(43557,	'cd557868',	1,	6762),
(43558,	'cd557868',	2,	6760),
(43559,	'cd557868',	2,	6761),
(43560,	'cd557868',	2,	6762),
(43561,	'cd557868',	3,	6760),
(43562,	'cd557868',	3,	6761),
(43563,	'cd557868',	3,	6762),
(43564,	'cd557868',	4,	6760),
(43565,	'cd557868',	4,	6761),
(43566,	'cd557868',	4,	6762),
(43567,	'cd557868',	5,	6760),
(43568,	'cd557868',	5,	6761),
(43569,	'cd557868',	5,	6762),
(43570,	'cd557868',	6,	6763),
(43571,	'cd557868',	6,	6764),
(43572,	'cd557868',	7,	6763),
(43573,	'cd557868',	7,	6764),
(43467,	'cd559666',	1,	6734),
(43468,	'cd559666',	1,	6735),
(43469,	'cd559666',	1,	6736),
(43470,	'cd559666',	1,	6737),
(43471,	'cd559666',	2,	6734),
(43472,	'cd559666',	2,	6735),
(43473,	'cd559666',	2,	6736),
(43474,	'cd559666',	2,	6737),
(43475,	'cd559666',	3,	6734),
(43476,	'cd559666',	3,	6735),
(43477,	'cd559666',	3,	6736),
(43478,	'cd559666',	3,	6737),
(43479,	'cd559666',	4,	6734),
(43480,	'cd559666',	4,	6735),
(43481,	'cd559666',	4,	6736),
(43482,	'cd559666',	4,	6737),
(43483,	'cd559666',	5,	6734),
(43484,	'cd559666',	5,	6735),
(43485,	'cd559666',	5,	6736),
(43486,	'cd559666',	5,	6737),
(43487,	'cd559666',	6,	6738),
(43488,	'cd559666',	6,	6739),
(43489,	'cd559666',	6,	6740),
(43491,	'cd559666',	7,	6739),
(43492,	'cd559666',	7,	6740),
(43490,	'cd559666',	7,	6741),
(43126,	'cd559914',	1,	6639),
(43127,	'cd559914',	1,	6640),
(43128,	'cd559914',	2,	6639),
(43129,	'cd559914',	2,	6640),
(43130,	'cd559914',	3,	6639),
(43131,	'cd559914',	3,	6640),
(43132,	'cd559914',	4,	6639),
(43133,	'cd559914',	4,	6640),
(43134,	'cd559914',	5,	6639),
(43135,	'cd559914',	5,	6640),
(43136,	'cd559914',	6,	6641),
(43137,	'cd559914',	7,	6642),
(43717,	'cd561365',	1,	6815),
(43718,	'cd561365',	1,	6816),
(43719,	'cd561365',	2,	6815),
(43720,	'cd561365',	2,	6816),
(43721,	'cd561365',	3,	6815),
(43722,	'cd561365',	3,	6816),
(43723,	'cd561365',	4,	6815),
(43724,	'cd561365',	4,	6816),
(43725,	'cd561365',	5,	6815),
(43726,	'cd561365',	5,	6816),
(43727,	'cd561365',	6,	6817),
(43728,	'cd561365',	6,	6818),
(43729,	'cd561365',	7,	6819),
(43730,	'cd561365',	7,	6820),
(43064,	'cd563460',	1,	6619),
(43065,	'cd563460',	1,	6620),
(43066,	'cd563460',	2,	6619),
(43067,	'cd563460',	2,	6620),
(43068,	'cd563460',	3,	6619),
(43069,	'cd563460',	3,	6620),
(43070,	'cd563460',	4,	6619),
(43071,	'cd563460',	4,	6620),
(43072,	'cd563460',	5,	6619),
(43073,	'cd563460',	5,	6620),
(43074,	'cd563460',	6,	6621),
(43075,	'cd563460',	7,	6622),
(43264,	'cd570168',	1,	6679),
(43265,	'cd570168',	1,	6680),
(43266,	'cd570168',	2,	6679),
(43267,	'cd570168',	2,	6680),
(43268,	'cd570168',	3,	6679),
(43269,	'cd570168',	3,	6680),
(43270,	'cd570168',	4,	6679),
(43271,	'cd570168',	4,	6680),
(43272,	'cd570168',	5,	6679),
(43273,	'cd570168',	5,	6681),
(43274,	'cd570168',	6,	6682),
(43275,	'cd570168',	6,	6683),
(43276,	'cd570168',	6,	6684),
(43277,	'cd570168',	6,	6685),
(43278,	'cd570168',	7,	6686),
(43279,	'cd570663',	1,	6687),
(43280,	'cd570663',	2,	6687),
(43281,	'cd570663',	3,	6687),
(43282,	'cd570663',	4,	6687),
(43283,	'cd570663',	5,	6687),
(43284,	'cd570663',	6,	6687),
(43285,	'cd570663',	7,	6687),
(43241,	'cd570762',	1,	6676),
(43242,	'cd570762',	2,	6676),
(43243,	'cd570762',	3,	6676),
(43244,	'cd570762',	4,	6676),
(43245,	'cd570762',	5,	6676),
(43247,	'cd570762',	6,	6676),
(43246,	'cd570762',	6,	6677),
(43249,	'cd570762',	7,	6676),
(43248,	'cd570762',	7,	6677),
(43300,	'cd570960',	1,	6692),
(43301,	'cd570960',	2,	6692),
(43302,	'cd570960',	3,	6692),
(43303,	'cd570960',	4,	6692),
(43304,	'cd570960',	5,	6692),
(43305,	'cd570960',	6,	6693),
(43306,	'cd570960',	7,	6693),
(43326,	'cd571760',	1,	6701),
(43327,	'cd571760',	2,	6701),
(43328,	'cd571760',	3,	6701),
(43329,	'cd571760',	4,	6701),
(43330,	'cd571760',	5,	6701),
(43331,	'cd571760',	6,	6701),
(43332,	'cd571760',	7,	6701),
(43340,	'cd572263',	1,	6705),
(43341,	'cd572263',	2,	6705),
(43342,	'cd572263',	3,	6705),
(43343,	'cd572263',	4,	6705),
(43344,	'cd572263',	5,	6705),
(43345,	'cd572263',	6,	6705),
(43346,	'cd572263',	7,	6705),
(43257,	'cd572362',	1,	6678),
(43258,	'cd572362',	2,	6678),
(43259,	'cd572362',	3,	6678),
(43260,	'cd572362',	4,	6678),
(43261,	'cd572362',	5,	6678),
(43262,	'cd572362',	6,	6678),
(43263,	'cd572362',	7,	6678),
(43286,	'cd572560',	1,	6688),
(43287,	'cd572560',	2,	6688),
(43288,	'cd572560',	3,	6688),
(43289,	'cd572560',	4,	6688),
(43290,	'cd572560',	5,	6688),
(43291,	'cd572560',	6,	6689),
(43292,	'cd572560',	7,	6690),
(43354,	'cd572669',	1,	6707),
(43355,	'cd572669',	1,	6708),
(43356,	'cd572669',	2,	6707),
(43357,	'cd572669',	2,	6708),
(43358,	'cd572669',	3,	6707),
(43359,	'cd572669',	3,	6708),
(43360,	'cd572669',	4,	6707),
(43361,	'cd572669',	4,	6708),
(43362,	'cd572669',	5,	6707),
(43363,	'cd572669',	5,	6708),
(43364,	'cd572669',	6,	6709),
(43365,	'cd572669',	6,	6710),
(43366,	'cd572669',	7,	6709),
(43367,	'cd572669',	7,	6710),
(43368,	'cd572768',	1,	6711),
(43369,	'cd572768',	2,	6711),
(43370,	'cd572768',	3,	6711),
(43371,	'cd572768',	4,	6711),
(43372,	'cd572768',	5,	6711),
(43373,	'cd572768',	6,	6711),
(43374,	'cd572768',	7,	6711),
(43396,	'cd572792',	1,	6715),
(43397,	'cd572792',	1,	6716),
(43398,	'cd572792',	2,	6715),
(43399,	'cd572792',	2,	6716),
(43400,	'cd572792',	3,	6715),
(43401,	'cd572792',	3,	6716),
(43402,	'cd572792',	4,	6715),
(43403,	'cd572792',	4,	6716),
(43404,	'cd572792',	5,	6715),
(43405,	'cd572792',	5,	6716),
(43406,	'cd572792',	6,	6717),
(43407,	'cd572792',	6,	6718),
(43408,	'cd572792',	7,	6719),
(43409,	'cd572792',	7,	6720),
(43375,	'cd573162',	1,	6712),
(43376,	'cd573162',	1,	6713),
(43377,	'cd573162',	1,	6714),
(43378,	'cd573162',	2,	6712),
(43379,	'cd573162',	2,	6713),
(43380,	'cd573162',	2,	6714),
(43381,	'cd573162',	3,	6712),
(43382,	'cd573162',	3,	6713),
(43383,	'cd573162',	3,	6714),
(43384,	'cd573162',	4,	6712),
(43385,	'cd573162',	4,	6713),
(43386,	'cd573162',	4,	6714),
(43387,	'cd573162',	5,	6712),
(43388,	'cd573162',	5,	6713),
(43389,	'cd573162',	5,	6714),
(43390,	'cd573162',	6,	6712),
(43391,	'cd573162',	6,	6713),
(43392,	'cd573162',	6,	6714),
(43393,	'cd573162',	7,	6712),
(43394,	'cd573162',	7,	6713),
(43395,	'cd573162',	7,	6714),
(43250,	'cd592063',	1,	6533),
(43251,	'cd592063',	2,	6533),
(43252,	'cd592063',	3,	6533),
(43253,	'cd592063',	4,	6533),
(43254,	'cd592063',	5,	6533),
(43255,	'cd592063',	6,	6533),
(43256,	'cd592063',	7,	6533),
(42804,	'cd730747',	1,	6541),
(42805,	'cd730747',	2,	6541),
(42806,	'cd730747',	3,	6541),
(42807,	'cd730747',	4,	6541),
(42808,	'cd730747',	5,	6541),
(42809,	'cd730747',	6,	6541),
(42810,	'cd730747',	7,	6541),
(43703,	'cd731042',	1,	6809),
(43704,	'cd731042',	1,	6810),
(43705,	'cd731042',	2,	6809),
(43706,	'cd731042',	2,	6810),
(43707,	'cd731042',	3,	6809),
(43708,	'cd731042',	3,	6810),
(43709,	'cd731042',	4,	6809),
(43710,	'cd731042',	4,	6810),
(43711,	'cd731042',	5,	6809),
(43712,	'cd731042',	5,	6810),
(43713,	'cd731042',	6,	6811),
(43714,	'cd731042',	6,	6812),
(43715,	'cd731042',	7,	6813),
(43716,	'cd731042',	7,	6814),
(42929,	'cd731349',	1,	6581),
(42930,	'cd731349',	2,	6581),
(42931,	'cd731349',	3,	6581),
(42932,	'cd731349',	4,	6581),
(42933,	'cd731349',	5,	6581),
(42934,	'cd731349',	6,	6582),
(42935,	'cd731349',	7,	6582),
(43431,	'cd760942',	1,	6725),
(43432,	'cd760942',	2,	6725),
(43433,	'cd760942',	3,	6725),
(43434,	'cd760942',	4,	6725),
(43435,	'cd760942',	5,	6725),
(43436,	'cd760942',	6,	6725),
(43437,	'cd760942',	7,	6725),
(42943,	'cd761643',	1,	6586),
(42944,	'cd761643',	1,	6587),
(42945,	'cd761643',	2,	6586),
(42946,	'cd761643',	2,	6587),
(42947,	'cd761643',	3,	6586),
(42948,	'cd761643',	3,	6587),
(42949,	'cd761643',	4,	6586),
(42950,	'cd761643',	4,	6587),
(42951,	'cd761643',	5,	6586),
(42952,	'cd761643',	5,	6587),
(42953,	'cd768846',	1,	6588),
(42954,	'cd768846',	1,	6589),
(42955,	'cd768846',	2,	6588),
(42956,	'cd768846',	2,	6589),
(42957,	'cd768846',	3,	6588),
(42958,	'cd768846',	3,	6589),
(42959,	'cd768846',	4,	6588),
(42960,	'cd768846',	4,	6589),
(42961,	'cd768846',	5,	6588),
(42962,	'cd768846',	5,	6589),
(43410,	'cd769042',	1,	6721),
(43411,	'cd769042',	1,	6722),
(43412,	'cd769042',	1,	6723),
(43413,	'cd769042',	2,	6721),
(43414,	'cd769042',	2,	6722),
(43415,	'cd769042',	2,	6723),
(43416,	'cd769042',	3,	6721),
(43417,	'cd769042',	3,	6722),
(43418,	'cd769042',	3,	6723),
(43419,	'cd769042',	4,	6721),
(43420,	'cd769042',	4,	6722),
(43421,	'cd769042',	4,	6723),
(43422,	'cd769042',	5,	6721),
(43423,	'cd769042',	5,	6722),
(43424,	'cd769042',	5,	6723),
(43425,	'cd769042',	6,	6721),
(43426,	'cd769042',	6,	6722),
(43427,	'cd769042',	6,	6723),
(43428,	'cd769042',	7,	6721),
(43429,	'cd769042',	7,	6722),
(43430,	'cd769042',	7,	6724),
(42825,	'cd769349',	1,	6547),
(42826,	'cd769349',	1,	6548),
(42827,	'cd769349',	2,	6547),
(42828,	'cd769349',	2,	6548),
(42829,	'cd769349',	3,	6547),
(42830,	'cd769349',	3,	6548),
(42831,	'cd769349',	4,	6547),
(42832,	'cd769349',	4,	6548),
(42833,	'cd769349',	5,	6547),
(42834,	'cd769349',	5,	6548),
(40503,	'dp1',	1,	6531),
(40504,	'dp1',	2,	6531),
(40505,	'dp1',	3,	6531),
(40506,	'dp1',	4,	6531),
(40507,	'dp1',	5,	6531),
(40508,	'dp1',	6,	6531),
(40509,	'dp1',	7,	6531),
(40797,	'dp100',	1,	6532),
(40798,	'dp100',	2,	6532),
(40799,	'dp100',	3,	6532),
(40800,	'dp100',	4,	6532),
(40801,	'dp100',	5,	6532),
(40802,	'dp100',	6,	6532),
(40803,	'dp100',	7,	6532),
(41341,	'dp1001',	1,	6532),
(41342,	'dp1001',	2,	6532),
(41343,	'dp1001',	3,	6532),
(41344,	'dp1001',	4,	6532),
(41345,	'dp1001',	5,	6532),
(41346,	'dp1001',	6,	6532),
(41347,	'dp1001',	7,	6532),
(41348,	'dp1003',	1,	6532),
(41349,	'dp1003',	2,	6532),
(41350,	'dp1003',	3,	6532),
(41351,	'dp1003',	4,	6532),
(41352,	'dp1003',	5,	6532),
(41353,	'dp1003',	6,	6532),
(41354,	'dp1003',	7,	6532),
(41355,	'dp1004',	1,	6532),
(41356,	'dp1004',	2,	6532),
(41357,	'dp1004',	3,	6532),
(41358,	'dp1004',	4,	6532),
(41359,	'dp1004',	5,	6532),
(41360,	'dp1004',	6,	6532),
(41361,	'dp1004',	7,	6532),
(41362,	'dp1005',	1,	6536),
(41363,	'dp1005',	2,	6536),
(41364,	'dp1005',	3,	6536),
(41365,	'dp1005',	4,	6536),
(41366,	'dp1005',	5,	6536),
(41367,	'dp1005',	6,	6536),
(41368,	'dp1005',	7,	6536),
(41369,	'dp1006',	1,	6532),
(41370,	'dp1006',	2,	6532),
(41371,	'dp1006',	3,	6532),
(41372,	'dp1006',	4,	6532),
(41373,	'dp1006',	5,	6532),
(41374,	'dp1006',	6,	6532),
(41375,	'dp1006',	7,	6532),
(41376,	'dp1007',	1,	6532),
(41377,	'dp1007',	2,	6532),
(41378,	'dp1007',	3,	6532),
(41379,	'dp1007',	4,	6532),
(41380,	'dp1007',	5,	6532),
(41381,	'dp1007',	6,	6532),
(41382,	'dp1007',	7,	6532),
(40804,	'dp101',	1,	6532),
(40805,	'dp101',	2,	6532),
(40806,	'dp101',	3,	6532),
(40807,	'dp101',	4,	6532),
(40808,	'dp101',	5,	6532),
(40809,	'dp101',	6,	6532),
(40810,	'dp101',	7,	6532),
(40811,	'dp102',	1,	6532),
(40812,	'dp102',	2,	6532),
(40813,	'dp102',	3,	6532),
(40814,	'dp102',	4,	6532),
(40815,	'dp102',	5,	6532),
(40816,	'dp102',	6,	6532),
(40817,	'dp102',	7,	6532),
(41383,	'dp1021',	1,	6532),
(41384,	'dp1021',	2,	6532),
(41385,	'dp1021',	3,	6532),
(41386,	'dp1021',	4,	6532),
(41387,	'dp1021',	5,	6532),
(41388,	'dp1021',	6,	6532),
(41389,	'dp1021',	7,	6532),
(41390,	'dp1033',	1,	6532),
(41391,	'dp1033',	2,	6532),
(41392,	'dp1033',	3,	6532),
(41393,	'dp1033',	4,	6532),
(41394,	'dp1033',	5,	6532),
(41395,	'dp1033',	6,	6532),
(41396,	'dp1033',	7,	6532),
(41397,	'dp1034',	1,	6532),
(41398,	'dp1034',	2,	6532),
(41399,	'dp1034',	3,	6532),
(41400,	'dp1034',	4,	6532),
(41401,	'dp1034',	5,	6532),
(41402,	'dp1034',	6,	6532),
(41403,	'dp1034',	7,	6532),
(40818,	'dp104',	1,	6532),
(40819,	'dp104',	2,	6532),
(40820,	'dp104',	3,	6532),
(40821,	'dp104',	4,	6532),
(40822,	'dp104',	5,	6532),
(40823,	'dp104',	6,	6532),
(40824,	'dp104',	7,	6532),
(41404,	'dp1046',	1,	6532),
(41405,	'dp1046',	2,	6532),
(41406,	'dp1046',	3,	6532),
(41407,	'dp1046',	4,	6532),
(41408,	'dp1046',	5,	6532),
(41409,	'dp1046',	6,	6532),
(41410,	'dp1046',	7,	6532),
(41411,	'dp1048',	1,	6532),
(41412,	'dp1048',	2,	6532),
(41413,	'dp1048',	3,	6532),
(41414,	'dp1048',	4,	6532),
(41415,	'dp1048',	5,	6532),
(41416,	'dp1048',	6,	6532),
(41417,	'dp1048',	7,	6532),
(41418,	'dp1049',	1,	6532),
(41419,	'dp1049',	2,	6532),
(41420,	'dp1049',	3,	6532),
(41421,	'dp1049',	4,	6532),
(41422,	'dp1049',	5,	6532),
(41423,	'dp1049',	6,	6532),
(41424,	'dp1049',	7,	6532),
(41425,	'dp1056',	1,	6532),
(41426,	'dp1056',	2,	6532),
(41427,	'dp1056',	3,	6532),
(41428,	'dp1056',	4,	6532),
(41429,	'dp1056',	5,	6532),
(41430,	'dp1056',	6,	6532),
(41431,	'dp1056',	7,	6532),
(41432,	'dp1057',	1,	6532),
(41433,	'dp1057',	2,	6532),
(41434,	'dp1057',	3,	6532),
(41435,	'dp1057',	4,	6532),
(41436,	'dp1057',	5,	6532),
(41437,	'dp1057',	6,	6532),
(41438,	'dp1057',	7,	6532),
(41439,	'dp1064',	1,	6532),
(41440,	'dp1064',	2,	6532),
(41441,	'dp1064',	3,	6532),
(41442,	'dp1064',	4,	6532),
(41443,	'dp1064',	5,	6532),
(41444,	'dp1064',	6,	6532),
(41445,	'dp1064',	7,	6532),
(41446,	'dp1065',	1,	6532),
(41447,	'dp1065',	2,	6532),
(41448,	'dp1065',	3,	6532),
(41449,	'dp1065',	4,	6532),
(41450,	'dp1065',	5,	6532),
(41451,	'dp1065',	6,	6532),
(41452,	'dp1065',	7,	6532),
(41453,	'dp1078',	1,	6532),
(41454,	'dp1078',	2,	6532),
(41455,	'dp1078',	3,	6532),
(41456,	'dp1078',	4,	6532),
(41457,	'dp1078',	5,	6532),
(41458,	'dp1078',	6,	6532),
(41459,	'dp1078',	7,	6532),
(41460,	'dp1087',	1,	6532),
(41461,	'dp1087',	2,	6532),
(41462,	'dp1087',	3,	6532),
(41463,	'dp1087',	4,	6532),
(41464,	'dp1087',	5,	6532),
(41465,	'dp1087',	6,	6532),
(41466,	'dp1087',	7,	6532),
(41467,	'dp1089',	1,	6532),
(41468,	'dp1089',	2,	6532),
(41469,	'dp1089',	3,	6532),
(41470,	'dp1089',	4,	6532),
(41471,	'dp1089',	5,	6532),
(41472,	'dp1089',	6,	6532),
(41473,	'dp1089',	7,	6532),
(41474,	'dp1090',	1,	6532),
(41475,	'dp1090',	2,	6532),
(41476,	'dp1090',	3,	6532),
(41477,	'dp1090',	4,	6532),
(41478,	'dp1090',	5,	6532),
(41479,	'dp1090',	6,	6532),
(41480,	'dp1090',	7,	6532),
(41481,	'dp1092',	1,	6532),
(41482,	'dp1092',	2,	6532),
(41483,	'dp1092',	3,	6532),
(41484,	'dp1092',	4,	6532),
(41485,	'dp1092',	5,	6532),
(41486,	'dp1092',	6,	6532),
(41487,	'dp1092',	7,	6532),
(40559,	'dp11',	1,	6532),
(40560,	'dp11',	2,	6532),
(40561,	'dp11',	3,	6532),
(40562,	'dp11',	4,	6532),
(40563,	'dp11',	5,	6532),
(40564,	'dp11',	6,	6532),
(40565,	'dp11',	7,	6532),
(40825,	'dp110',	1,	6532),
(40826,	'dp110',	2,	6532),
(40827,	'dp110',	3,	6532),
(40828,	'dp110',	4,	6532),
(40829,	'dp110',	5,	6532),
(40830,	'dp110',	6,	6532),
(40831,	'dp110',	7,	6532),
(41488,	'dp1105',	1,	6532),
(41489,	'dp1105',	2,	6532),
(41490,	'dp1105',	3,	6532),
(41491,	'dp1105',	4,	6532),
(41492,	'dp1105',	5,	6532),
(41493,	'dp1105',	6,	6532),
(41494,	'dp1105',	7,	6532),
(40524,	'dp1107',	1,	6532),
(40525,	'dp1107',	2,	6532),
(40526,	'dp1107',	3,	6532),
(40527,	'dp1107',	4,	6532),
(40528,	'dp1107',	5,	6532),
(40529,	'dp1107',	6,	6532),
(40530,	'dp1107',	7,	6532),
(41495,	'dp1108',	1,	6532),
(41496,	'dp1108',	2,	6532),
(41497,	'dp1108',	3,	6532),
(41498,	'dp1108',	4,	6532),
(41499,	'dp1108',	5,	6532),
(41500,	'dp1108',	6,	6532),
(41501,	'dp1108',	7,	6532),
(41502,	'dp1109',	1,	6532),
(41503,	'dp1109',	2,	6532),
(41504,	'dp1109',	3,	6532),
(41505,	'dp1109',	4,	6532),
(41506,	'dp1109',	5,	6532),
(41507,	'dp1109',	6,	6532),
(41508,	'dp1109',	7,	6532),
(41509,	'dp1115',	1,	6532),
(41510,	'dp1115',	2,	6532),
(41511,	'dp1115',	3,	6532),
(41512,	'dp1115',	4,	6532),
(41513,	'dp1115',	5,	6532),
(41514,	'dp1115',	6,	6532),
(41515,	'dp1115',	7,	6532),
(41516,	'dp1117',	1,	6532),
(41517,	'dp1117',	2,	6532),
(41518,	'dp1117',	3,	6532),
(41519,	'dp1117',	4,	6532),
(41520,	'dp1117',	5,	6532),
(41521,	'dp1117',	6,	6532),
(41522,	'dp1117',	7,	6532),
(41523,	'dp1120',	1,	6532),
(41524,	'dp1120',	2,	6532),
(41525,	'dp1120',	3,	6532),
(41526,	'dp1120',	4,	6532),
(41527,	'dp1120',	5,	6532),
(41528,	'dp1120',	6,	6532),
(41529,	'dp1120',	7,	6532),
(41530,	'dp1126',	1,	6532),
(41531,	'dp1126',	2,	6532),
(41532,	'dp1126',	3,	6532),
(41533,	'dp1126',	4,	6532),
(41534,	'dp1126',	5,	6532),
(41535,	'dp1126',	6,	6532),
(41536,	'dp1126',	7,	6532),
(41537,	'dp1130',	1,	6532),
(41538,	'dp1130',	2,	6532),
(41539,	'dp1130',	3,	6532),
(41540,	'dp1130',	4,	6532),
(41541,	'dp1130',	5,	6532),
(41542,	'dp1130',	6,	6532),
(41543,	'dp1130',	7,	6532),
(41544,	'dp1137',	1,	6532),
(41545,	'dp1137',	2,	6532),
(41546,	'dp1137',	3,	6532),
(41547,	'dp1137',	4,	6532),
(41548,	'dp1137',	5,	6532),
(41549,	'dp1137',	6,	6532),
(41550,	'dp1137',	7,	6532),
(41551,	'dp1145',	1,	6532),
(41552,	'dp1145',	2,	6532),
(41553,	'dp1145',	3,	6532),
(41554,	'dp1145',	4,	6532),
(41555,	'dp1145',	5,	6532),
(41556,	'dp1145',	6,	6532),
(41557,	'dp1145',	7,	6532),
(41558,	'dp1146',	1,	6532),
(41559,	'dp1146',	2,	6532),
(41560,	'dp1146',	3,	6532),
(41561,	'dp1146',	4,	6532),
(41562,	'dp1146',	5,	6532),
(41563,	'dp1146',	6,	6532),
(41564,	'dp1146',	7,	6532),
(41565,	'dp1147',	1,	6532),
(41566,	'dp1147',	2,	6532),
(41567,	'dp1147',	3,	6532),
(41568,	'dp1147',	4,	6532),
(41569,	'dp1147',	5,	6532),
(41570,	'dp1147',	6,	6532),
(41571,	'dp1147',	7,	6532),
(41572,	'dp1148',	1,	6532),
(41573,	'dp1148',	2,	6532),
(41574,	'dp1148',	3,	6532),
(41575,	'dp1148',	4,	6532),
(41576,	'dp1148',	5,	6532),
(41577,	'dp1148',	6,	6532),
(41578,	'dp1148',	7,	6532),
(41579,	'dp1149',	1,	6532),
(41580,	'dp1149',	2,	6532),
(41581,	'dp1149',	3,	6532),
(41582,	'dp1149',	4,	6532),
(41583,	'dp1149',	5,	6532),
(41584,	'dp1149',	6,	6532),
(41585,	'dp1149',	7,	6532),
(41586,	'dp1155',	1,	6532),
(41587,	'dp1155',	2,	6532),
(41588,	'dp1155',	3,	6532),
(41589,	'dp1155',	4,	6532),
(41590,	'dp1155',	5,	6532),
(41591,	'dp1155',	6,	6532),
(41592,	'dp1155',	7,	6532),
(41593,	'dp1156',	1,	6532),
(41594,	'dp1156',	2,	6532),
(41595,	'dp1156',	3,	6532),
(41596,	'dp1156',	4,	6532),
(41597,	'dp1156',	5,	6532),
(41598,	'dp1156',	6,	6532),
(41599,	'dp1156',	7,	6532),
(41600,	'dp1157',	1,	6532),
(41601,	'dp1157',	2,	6532),
(41602,	'dp1157',	3,	6532),
(41603,	'dp1157',	4,	6532),
(41604,	'dp1157',	5,	6532),
(41605,	'dp1157',	6,	6532),
(41606,	'dp1157',	7,	6532),
(40832,	'dp116',	1,	6532),
(40833,	'dp116',	2,	6532),
(40834,	'dp116',	3,	6532),
(40835,	'dp116',	4,	6532),
(40836,	'dp116',	5,	6532),
(40837,	'dp116',	6,	6532),
(40838,	'dp116',	7,	6532),
(41607,	'dp1167',	1,	6532),
(41608,	'dp1167',	2,	6532),
(41609,	'dp1167',	3,	6532),
(41610,	'dp1167',	4,	6532),
(41611,	'dp1167',	5,	6532),
(41612,	'dp1167',	6,	6532),
(41613,	'dp1167',	7,	6532),
(41614,	'dp1169',	1,	6532),
(41615,	'dp1169',	2,	6532),
(41616,	'dp1169',	3,	6532),
(41617,	'dp1169',	4,	6532),
(41618,	'dp1169',	5,	6532),
(41619,	'dp1169',	6,	6532),
(41620,	'dp1169',	7,	6532),
(41621,	'dp1170',	1,	6532),
(41622,	'dp1170',	2,	6532),
(41623,	'dp1170',	3,	6532),
(41624,	'dp1170',	4,	6532),
(41625,	'dp1170',	5,	6532),
(41626,	'dp1170',	6,	6532),
(41627,	'dp1170',	7,	6532),
(41628,	'dp1176',	1,	6532),
(41629,	'dp1176',	2,	6532),
(41630,	'dp1176',	3,	6532),
(41631,	'dp1176',	4,	6532),
(41632,	'dp1176',	5,	6532),
(41633,	'dp1176',	6,	6532),
(41634,	'dp1176',	7,	6532),
(41635,	'dp1177',	1,	6532),
(41636,	'dp1177',	2,	6532),
(41637,	'dp1177',	3,	6532),
(41638,	'dp1177',	4,	6532),
(41639,	'dp1177',	5,	6532),
(41640,	'dp1177',	6,	6532),
(41641,	'dp1177',	7,	6532),
(41642,	'dp1179',	1,	6532),
(41643,	'dp1179',	2,	6532),
(41644,	'dp1179',	3,	6532),
(41645,	'dp1179',	4,	6532),
(41646,	'dp1179',	5,	6532),
(41647,	'dp1179',	6,	6532),
(41648,	'dp1179',	7,	6532),
(40839,	'dp118',	1,	6532),
(40840,	'dp118',	2,	6532),
(40841,	'dp118',	3,	6532),
(40842,	'dp118',	4,	6532),
(40843,	'dp118',	5,	6532),
(40844,	'dp118',	6,	6532),
(40845,	'dp118',	7,	6532),
(41649,	'dp1188',	1,	6532),
(41650,	'dp1188',	2,	6532),
(41651,	'dp1188',	3,	6532),
(41652,	'dp1188',	4,	6532),
(41653,	'dp1188',	5,	6532),
(41654,	'dp1188',	6,	6532),
(41655,	'dp1188',	7,	6532),
(40846,	'dp119',	1,	6532),
(40847,	'dp119',	2,	6532),
(40848,	'dp119',	3,	6532),
(40849,	'dp119',	4,	6532),
(40850,	'dp119',	5,	6532),
(40851,	'dp119',	6,	6532),
(40852,	'dp119',	7,	6532),
(41656,	'dp1195',	1,	6532),
(41657,	'dp1195',	2,	6532),
(41658,	'dp1195',	3,	6532),
(41659,	'dp1195',	4,	6532),
(41660,	'dp1195',	5,	6532),
(41661,	'dp1195',	6,	6532),
(41662,	'dp1195',	7,	6532),
(41663,	'dp1197',	1,	6532),
(41664,	'dp1197',	2,	6532),
(41665,	'dp1197',	3,	6532),
(41666,	'dp1197',	4,	6532),
(41667,	'dp1197',	5,	6532),
(41668,	'dp1197',	6,	6532),
(41669,	'dp1197',	7,	6532),
(41670,	'dp1198',	1,	6532),
(41671,	'dp1198',	2,	6532),
(41672,	'dp1198',	3,	6532),
(41673,	'dp1198',	4,	6532),
(41674,	'dp1198',	5,	6532),
(41675,	'dp1198',	6,	6532),
(41676,	'dp1198',	7,	6532),
(41677,	'dp1206',	1,	6532),
(41678,	'dp1206',	2,	6532),
(41679,	'dp1206',	3,	6532),
(41680,	'dp1206',	4,	6532),
(41681,	'dp1206',	5,	6532),
(41682,	'dp1206',	6,	6532),
(41683,	'dp1206',	7,	6532),
(41684,	'dp1207',	1,	6532),
(41685,	'dp1207',	2,	6532),
(41686,	'dp1207',	3,	6532),
(41687,	'dp1207',	4,	6532),
(41688,	'dp1207',	5,	6532),
(41689,	'dp1207',	6,	6532),
(41690,	'dp1207',	7,	6532),
(41691,	'dp1208',	1,	6532),
(41692,	'dp1208',	2,	6532),
(41693,	'dp1208',	3,	6532),
(41694,	'dp1208',	4,	6532),
(41695,	'dp1208',	5,	6532),
(41696,	'dp1208',	6,	6532),
(41697,	'dp1208',	7,	6532),
(41698,	'dp1209',	1,	6532),
(41699,	'dp1209',	2,	6532),
(41700,	'dp1209',	3,	6532),
(41701,	'dp1209',	4,	6532),
(41702,	'dp1209',	5,	6532),
(41703,	'dp1209',	6,	6532),
(41704,	'dp1209',	7,	6532),
(41705,	'dp1210',	1,	6532),
(41706,	'dp1210',	2,	6532),
(41707,	'dp1210',	3,	6532),
(41708,	'dp1210',	4,	6532),
(41709,	'dp1210',	5,	6532),
(41710,	'dp1210',	6,	6532),
(41711,	'dp1210',	7,	6532),
(41712,	'dp1216',	1,	6532),
(41713,	'dp1216',	2,	6532),
(41714,	'dp1216',	3,	6532),
(41715,	'dp1216',	4,	6532),
(41716,	'dp1216',	5,	6532),
(41717,	'dp1216',	6,	6532),
(41718,	'dp1216',	7,	6532),
(41719,	'dp1217',	1,	6532),
(41720,	'dp1217',	2,	6532),
(41721,	'dp1217',	3,	6532),
(41722,	'dp1217',	4,	6532),
(41723,	'dp1217',	5,	6532),
(41724,	'dp1217',	6,	6532),
(41725,	'dp1217',	7,	6532),
(41726,	'dp1218',	1,	6532),
(41727,	'dp1218',	2,	6532),
(41728,	'dp1218',	3,	6532),
(41729,	'dp1218',	4,	6532),
(41730,	'dp1218',	5,	6532),
(41731,	'dp1218',	6,	6532),
(41732,	'dp1218',	7,	6532),
(41733,	'dp1219',	1,	6532),
(41734,	'dp1219',	2,	6532),
(41735,	'dp1219',	3,	6532),
(41736,	'dp1219',	4,	6532),
(41737,	'dp1219',	5,	6532),
(41738,	'dp1219',	6,	6532),
(41739,	'dp1219',	7,	6532),
(41740,	'dp1229',	1,	6532),
(41741,	'dp1229',	2,	6532),
(41742,	'dp1229',	3,	6532),
(41743,	'dp1229',	4,	6532),
(41744,	'dp1229',	5,	6532),
(41745,	'dp1229',	6,	6532),
(41746,	'dp1229',	7,	6532),
(41747,	'dp1230',	1,	6532),
(41748,	'dp1230',	2,	6532),
(41749,	'dp1230',	3,	6532),
(41750,	'dp1230',	4,	6532),
(41751,	'dp1230',	5,	6532),
(41752,	'dp1230',	6,	6532),
(41753,	'dp1230',	7,	6532),
(40853,	'dp125',	1,	6532),
(40854,	'dp125',	2,	6532),
(40855,	'dp125',	3,	6532),
(40856,	'dp125',	4,	6532),
(40857,	'dp125',	5,	6532),
(40858,	'dp125',	6,	6532),
(40859,	'dp125',	7,	6532),
(40860,	'dp127',	1,	6532),
(40861,	'dp127',	2,	6532),
(40862,	'dp127',	3,	6532),
(40863,	'dp127',	4,	6532),
(40864,	'dp127',	5,	6532),
(40865,	'dp127',	6,	6532),
(40866,	'dp127',	7,	6532),
(40867,	'dp128',	1,	6532),
(40868,	'dp128',	2,	6532),
(40869,	'dp128',	3,	6532),
(40870,	'dp128',	4,	6532),
(40871,	'dp128',	5,	6532),
(40872,	'dp128',	6,	6532),
(40873,	'dp128',	7,	6532),
(40874,	'dp129',	1,	6532),
(40875,	'dp129',	2,	6532),
(40876,	'dp129',	3,	6532),
(40877,	'dp129',	4,	6532),
(40878,	'dp129',	5,	6532),
(40879,	'dp129',	6,	6532),
(40880,	'dp129',	7,	6532),
(41754,	'dp1291',	1,	6532),
(41755,	'dp1291',	2,	6532),
(41756,	'dp1291',	3,	6532),
(41757,	'dp1291',	4,	6532),
(41758,	'dp1291',	5,	6532),
(41759,	'dp1291',	6,	6532),
(41760,	'dp1291',	7,	6532),
(41761,	'dp1292',	1,	6532),
(41762,	'dp1292',	2,	6532),
(41763,	'dp1292',	3,	6532),
(41764,	'dp1292',	4,	6532),
(41765,	'dp1292',	5,	6532),
(41766,	'dp1292',	6,	6532),
(41767,	'dp1292',	7,	6532),
(41768,	'dp1293',	1,	6532),
(41769,	'dp1293',	2,	6532),
(41770,	'dp1293',	3,	6532),
(41771,	'dp1293',	4,	6532),
(41772,	'dp1293',	5,	6532),
(41773,	'dp1293',	6,	6532),
(41774,	'dp1293',	7,	6532),
(41775,	'dp1295',	1,	6532),
(41776,	'dp1295',	2,	6532),
(41777,	'dp1295',	3,	6532),
(41778,	'dp1295',	4,	6532),
(41779,	'dp1295',	5,	6532),
(41780,	'dp1295',	6,	6532),
(41781,	'dp1295',	7,	6532),
(41782,	'dp1296',	1,	6532),
(41783,	'dp1296',	2,	6532),
(41784,	'dp1296',	3,	6532),
(41785,	'dp1296',	4,	6532),
(41786,	'dp1296',	5,	6532),
(41787,	'dp1296',	6,	6532),
(41788,	'dp1296',	7,	6532),
(41789,	'dp1297',	1,	6532),
(41790,	'dp1297',	2,	6532),
(41791,	'dp1297',	3,	6532),
(41792,	'dp1297',	4,	6532),
(41793,	'dp1297',	5,	6532),
(41794,	'dp1297',	6,	6532),
(41795,	'dp1297',	7,	6532),
(41796,	'dp1298',	1,	6532),
(41797,	'dp1298',	2,	6532),
(41798,	'dp1298',	3,	6532),
(41799,	'dp1298',	4,	6532),
(41800,	'dp1298',	5,	6532),
(41801,	'dp1298',	6,	6532),
(41802,	'dp1298',	7,	6532),
(40510,	'dp1335',	1,	6531),
(40511,	'dp1335',	2,	6531),
(40512,	'dp1335',	3,	6531),
(40513,	'dp1335',	4,	6531),
(40514,	'dp1335',	5,	6531),
(40515,	'dp1335',	6,	6531),
(40516,	'dp1335',	7,	6531),
(41803,	'dp1336',	1,	6532),
(41804,	'dp1336',	2,	6532),
(41805,	'dp1336',	3,	6532),
(41806,	'dp1336',	4,	6532),
(41807,	'dp1336',	5,	6532),
(41808,	'dp1336',	6,	6532),
(41809,	'dp1336',	7,	6532),
(40517,	'dp1337',	1,	6531),
(40518,	'dp1337',	2,	6531),
(40519,	'dp1337',	3,	6531),
(40520,	'dp1337',	4,	6531),
(40521,	'dp1337',	5,	6531),
(40522,	'dp1337',	6,	6531),
(40523,	'dp1337',	7,	6531),
(41810,	'dp1343',	1,	6532),
(41811,	'dp1343',	2,	6532),
(41812,	'dp1343',	3,	6532),
(41813,	'dp1343',	4,	6532),
(41814,	'dp1343',	5,	6532),
(41815,	'dp1343',	6,	6532),
(41816,	'dp1343',	7,	6532),
(41817,	'dp1344',	1,	6532),
(41818,	'dp1344',	2,	6532),
(41819,	'dp1344',	3,	6532),
(41820,	'dp1344',	4,	6532),
(41821,	'dp1344',	5,	6532),
(41822,	'dp1344',	6,	6532),
(41823,	'dp1344',	7,	6532),
(41824,	'dp1345',	1,	6532),
(41825,	'dp1345',	2,	6532),
(41826,	'dp1345',	3,	6532),
(41827,	'dp1345',	4,	6532),
(41828,	'dp1345',	5,	6532),
(41829,	'dp1345',	6,	6532),
(41830,	'dp1345',	7,	6532),
(41831,	'dp1346',	1,	6532),
(41832,	'dp1346',	2,	6532),
(41833,	'dp1346',	3,	6532),
(41834,	'dp1346',	4,	6532),
(41835,	'dp1346',	5,	6532),
(41836,	'dp1346',	6,	6532),
(41837,	'dp1346',	7,	6532),
(41838,	'dp1347',	1,	6532),
(41839,	'dp1347',	2,	6532),
(41840,	'dp1347',	3,	6532),
(41841,	'dp1347',	4,	6532),
(41842,	'dp1347',	5,	6532),
(41843,	'dp1347',	6,	6532),
(41844,	'dp1347',	7,	6532),
(41845,	'dp1348',	1,	6532),
(41846,	'dp1348',	2,	6532),
(41847,	'dp1348',	3,	6532),
(41848,	'dp1348',	4,	6532),
(41849,	'dp1348',	5,	6532),
(41850,	'dp1348',	6,	6532),
(41851,	'dp1348',	7,	6532),
(41852,	'dp1354',	1,	6532),
(41853,	'dp1354',	2,	6532),
(41854,	'dp1354',	3,	6532),
(41855,	'dp1354',	4,	6532),
(41856,	'dp1354',	5,	6532),
(41857,	'dp1354',	6,	6532),
(41858,	'dp1354',	7,	6532),
(41859,	'dp1355',	1,	6532),
(41860,	'dp1355',	2,	6532),
(41861,	'dp1355',	3,	6532),
(41862,	'dp1355',	4,	6532),
(41863,	'dp1355',	5,	6532),
(41864,	'dp1355',	6,	6532),
(41865,	'dp1355',	7,	6532),
(41866,	'dp1356',	1,	6532),
(41867,	'dp1356',	2,	6532),
(41868,	'dp1356',	3,	6532),
(41869,	'dp1356',	4,	6532),
(41870,	'dp1356',	5,	6532),
(41871,	'dp1356',	6,	6532),
(41872,	'dp1356',	7,	6532),
(41873,	'dp1357',	1,	6532),
(41874,	'dp1357',	2,	6532),
(41875,	'dp1357',	3,	6532),
(41876,	'dp1357',	4,	6532),
(41877,	'dp1357',	5,	6532),
(41878,	'dp1357',	6,	6532),
(41879,	'dp1357',	7,	6532),
(41880,	'dp1358',	1,	6532),
(41881,	'dp1358',	2,	6532),
(41882,	'dp1358',	3,	6532),
(41883,	'dp1358',	4,	6532),
(41884,	'dp1358',	5,	6532),
(41885,	'dp1358',	6,	6532),
(41886,	'dp1358',	7,	6532),
(41887,	'dp1359',	1,	6532),
(41888,	'dp1359',	2,	6532),
(41889,	'dp1359',	3,	6532),
(41890,	'dp1359',	4,	6532),
(41891,	'dp1359',	5,	6532),
(41892,	'dp1359',	6,	6532),
(41893,	'dp1359',	7,	6532),
(41894,	'dp1366',	1,	6532),
(41895,	'dp1366',	2,	6532),
(41896,	'dp1366',	3,	6532),
(41897,	'dp1366',	4,	6532),
(41898,	'dp1366',	5,	6532),
(41899,	'dp1366',	6,	6532),
(41900,	'dp1366',	7,	6532),
(41901,	'dp1367',	1,	6532),
(41902,	'dp1367',	2,	6532),
(41903,	'dp1367',	3,	6532),
(41904,	'dp1367',	4,	6532),
(41905,	'dp1367',	5,	6532),
(41906,	'dp1367',	6,	6532),
(41907,	'dp1367',	7,	6532),
(41908,	'dp1369',	1,	6532),
(41909,	'dp1369',	2,	6532),
(41910,	'dp1369',	3,	6532),
(41911,	'dp1369',	4,	6532),
(41912,	'dp1369',	5,	6532),
(41913,	'dp1369',	6,	6532),
(41914,	'dp1369',	7,	6532),
(40881,	'dp138',	1,	6532),
(40882,	'dp138',	2,	6532),
(40883,	'dp138',	3,	6532),
(40884,	'dp138',	4,	6532),
(40885,	'dp138',	5,	6532),
(40886,	'dp138',	6,	6532),
(40887,	'dp138',	7,	6532),
(40888,	'dp139',	1,	6532),
(40889,	'dp139',	2,	6532),
(40890,	'dp139',	3,	6532),
(40891,	'dp139',	4,	6532),
(40892,	'dp139',	5,	6532),
(40893,	'dp139',	6,	6532),
(40894,	'dp139',	7,	6532),
(41915,	'dp1404',	1,	6532),
(41916,	'dp1404',	2,	6532),
(41917,	'dp1404',	3,	6532),
(41918,	'dp1404',	4,	6532),
(41919,	'dp1404',	5,	6532),
(41920,	'dp1404',	6,	6532),
(41921,	'dp1404',	7,	6532),
(41922,	'dp1407',	1,	6532),
(41923,	'dp1407',	2,	6532),
(41924,	'dp1407',	3,	6532),
(41925,	'dp1407',	4,	6532),
(41926,	'dp1407',	5,	6532),
(41927,	'dp1407',	6,	6532),
(41928,	'dp1407',	7,	6532),
(41929,	'dp1408',	1,	6532),
(41930,	'dp1408',	2,	6532),
(41931,	'dp1408',	3,	6532),
(41932,	'dp1408',	4,	6532),
(41933,	'dp1408',	5,	6532),
(41934,	'dp1408',	6,	6532),
(41935,	'dp1408',	7,	6532),
(41936,	'dp1409',	1,	6532),
(41937,	'dp1409',	2,	6532),
(41938,	'dp1409',	3,	6532),
(41939,	'dp1409',	4,	6532),
(41940,	'dp1409',	5,	6532),
(41941,	'dp1409',	6,	6532),
(41942,	'dp1409',	7,	6532),
(41943,	'dp1410',	1,	6532),
(41944,	'dp1410',	2,	6532),
(41945,	'dp1410',	3,	6532),
(41946,	'dp1410',	4,	6532),
(41947,	'dp1410',	5,	6532),
(41948,	'dp1410',	6,	6532),
(41949,	'dp1410',	7,	6532),
(41950,	'dp1434',	1,	6532),
(41951,	'dp1434',	2,	6532),
(41952,	'dp1434',	3,	6532),
(41953,	'dp1434',	4,	6532),
(41954,	'dp1434',	5,	6532),
(41955,	'dp1434',	6,	6532),
(41956,	'dp1434',	7,	6532),
(41957,	'dp1445',	1,	6532),
(41958,	'dp1445',	2,	6532),
(41959,	'dp1445',	3,	6532),
(41960,	'dp1445',	4,	6532),
(41961,	'dp1445',	5,	6532),
(41962,	'dp1445',	6,	6532),
(41963,	'dp1445',	7,	6532),
(41964,	'dp1453',	1,	6532),
(41965,	'dp1453',	2,	6532),
(41966,	'dp1453',	3,	6532),
(41967,	'dp1453',	4,	6532),
(41968,	'dp1453',	5,	6532),
(41969,	'dp1453',	6,	6532),
(41970,	'dp1453',	7,	6532),
(41971,	'dp1464',	1,	6532),
(41972,	'dp1464',	2,	6532),
(41973,	'dp1464',	3,	6532),
(41974,	'dp1464',	4,	6532),
(41975,	'dp1464',	5,	6532),
(41976,	'dp1464',	6,	6532),
(41977,	'dp1464',	7,	6532),
(40566,	'dp15',	1,	6532),
(40567,	'dp15',	2,	6532),
(40568,	'dp15',	3,	6532),
(40569,	'dp15',	4,	6532),
(40570,	'dp15',	5,	6532),
(40571,	'dp15',	6,	6532),
(40572,	'dp15',	7,	6532),
(40895,	'dp150',	1,	6532),
(40896,	'dp150',	2,	6532),
(40897,	'dp150',	3,	6532),
(40898,	'dp150',	4,	6532),
(40899,	'dp150',	5,	6532),
(40900,	'dp150',	6,	6532),
(40901,	'dp150',	7,	6532),
(41978,	'dp1504',	1,	6532),
(41979,	'dp1504',	2,	6532),
(41980,	'dp1504',	3,	6532),
(41981,	'dp1504',	4,	6532),
(41982,	'dp1504',	5,	6532),
(41983,	'dp1504',	6,	6532),
(41984,	'dp1504',	7,	6532),
(40902,	'dp159',	1,	6532),
(40903,	'dp159',	2,	6532),
(40904,	'dp159',	3,	6532),
(40905,	'dp159',	4,	6532),
(40906,	'dp159',	5,	6532),
(40907,	'dp159',	6,	6532),
(40908,	'dp159',	7,	6532),
(42195,	'dp160',	1,	6536),
(42196,	'dp160',	2,	6536),
(42197,	'dp160',	3,	6536),
(42198,	'dp160',	4,	6536),
(42199,	'dp160',	5,	6536),
(42200,	'dp160',	6,	6536),
(42201,	'dp160',	7,	6536),
(40909,	'dp166',	1,	6532),
(40910,	'dp166',	2,	6532),
(40911,	'dp166',	3,	6532),
(40912,	'dp166',	4,	6532),
(40913,	'dp166',	5,	6532),
(40914,	'dp166',	6,	6532),
(40915,	'dp166',	7,	6532),
(41985,	'dp1839',	1,	6532),
(41986,	'dp1839',	2,	6532),
(41987,	'dp1839',	3,	6532),
(41988,	'dp1839',	4,	6532),
(41989,	'dp1839',	5,	6532),
(41990,	'dp1839',	6,	6532),
(41991,	'dp1839',	7,	6532),
(40916,	'dp189',	1,	6532),
(40917,	'dp189',	2,	6532),
(40918,	'dp189',	3,	6532),
(40919,	'dp189',	4,	6532),
(40920,	'dp189',	5,	6532),
(40921,	'dp189',	6,	6532),
(40922,	'dp189',	7,	6532),
(40923,	'dp196',	1,	6532),
(40924,	'dp196',	2,	6532),
(40925,	'dp196',	3,	6532),
(40926,	'dp196',	4,	6532),
(40927,	'dp196',	5,	6532),
(40928,	'dp196',	6,	6532),
(40929,	'dp196',	7,	6532),
(40930,	'dp198',	1,	6532),
(40931,	'dp198',	2,	6532),
(40932,	'dp198',	3,	6532),
(40933,	'dp198',	4,	6532),
(40934,	'dp198',	5,	6532),
(40935,	'dp198',	6,	6532),
(40936,	'dp198',	7,	6532),
(40937,	'dp199',	1,	6532),
(40938,	'dp199',	2,	6532),
(40939,	'dp199',	3,	6532),
(40940,	'dp199',	4,	6532),
(40941,	'dp199',	5,	6532),
(40942,	'dp199',	6,	6532),
(40943,	'dp199',	7,	6532),
(41992,	'dp2011',	1,	6532),
(41993,	'dp2011',	2,	6532),
(41994,	'dp2011',	3,	6532),
(41995,	'dp2011',	4,	6532),
(41996,	'dp2011',	5,	6532),
(41997,	'dp2011',	6,	6532),
(41998,	'dp2011',	7,	6532),
(41999,	'dp2013',	1,	6532),
(42000,	'dp2013',	2,	6532),
(42001,	'dp2013',	3,	6532),
(42002,	'dp2013',	4,	6532),
(42003,	'dp2013',	5,	6532),
(42004,	'dp2013',	6,	6532),
(42005,	'dp2013',	7,	6532),
(42006,	'dp2017',	1,	6532),
(42007,	'dp2017',	2,	6532),
(42008,	'dp2017',	3,	6532),
(42009,	'dp2017',	4,	6532),
(42010,	'dp2017',	5,	6532),
(42011,	'dp2017',	6,	6532),
(42012,	'dp2017',	7,	6532),
(42013,	'dp2019',	1,	6532),
(42014,	'dp2019',	2,	6532),
(42015,	'dp2019',	3,	6532),
(42016,	'dp2019',	4,	6532),
(42017,	'dp2019',	5,	6532),
(42018,	'dp2019',	6,	6532),
(42019,	'dp2019',	7,	6532),
(42020,	'dp2020',	1,	6532),
(42021,	'dp2020',	2,	6532),
(42022,	'dp2020',	3,	6532),
(42023,	'dp2020',	4,	6532),
(42024,	'dp2020',	5,	6532),
(42025,	'dp2020',	6,	6532),
(42026,	'dp2020',	7,	6532),
(42342,	'dp2049',	1,	6536),
(42343,	'dp2049',	2,	6536),
(42344,	'dp2049',	3,	6536),
(42345,	'dp2049',	4,	6536),
(42346,	'dp2049',	5,	6536),
(42347,	'dp2049',	6,	6536),
(42348,	'dp2049',	7,	6536),
(42104,	'dp2111',	1,	6536),
(42105,	'dp2111',	2,	6536),
(42106,	'dp2111',	3,	6536),
(42107,	'dp2111',	4,	6536),
(42108,	'dp2111',	5,	6536),
(42109,	'dp2111',	6,	6536),
(42110,	'dp2111',	7,	6536),
(42111,	'dp2121',	1,	6536),
(42112,	'dp2121',	2,	6536),
(42113,	'dp2121',	3,	6536),
(42114,	'dp2121',	4,	6536),
(42115,	'dp2121',	5,	6536),
(42116,	'dp2121',	6,	6536),
(42117,	'dp2121',	7,	6536),
(42118,	'dp2131',	1,	6536),
(42119,	'dp2131',	2,	6536),
(42120,	'dp2131',	3,	6536),
(42121,	'dp2131',	4,	6536),
(42122,	'dp2131',	5,	6536),
(42123,	'dp2131',	6,	6536),
(42124,	'dp2131',	7,	6536),
(42125,	'dp2140',	1,	6536),
(42126,	'dp2140',	2,	6536),
(42127,	'dp2140',	3,	6536),
(42128,	'dp2140',	4,	6536),
(42129,	'dp2140',	5,	6536),
(42130,	'dp2140',	6,	6536),
(42131,	'dp2140',	7,	6536),
(42153,	'dp2150',	1,	6536),
(42154,	'dp2150',	2,	6536),
(42155,	'dp2150',	3,	6536),
(42156,	'dp2150',	4,	6536),
(42157,	'dp2150',	5,	6536),
(42158,	'dp2150',	6,	6536),
(42159,	'dp2150',	7,	6536),
(42132,	'dp2151',	1,	6536),
(42133,	'dp2151',	2,	6536),
(42134,	'dp2151',	3,	6536),
(42135,	'dp2151',	4,	6536),
(42136,	'dp2151',	5,	6536),
(42137,	'dp2151',	6,	6536),
(42138,	'dp2151',	7,	6536),
(42139,	'dp2161',	1,	6536),
(42140,	'dp2161',	2,	6536),
(42141,	'dp2161',	3,	6536),
(42142,	'dp2161',	4,	6536),
(42143,	'dp2161',	5,	6536),
(42144,	'dp2161',	6,	6536),
(42145,	'dp2161',	7,	6536),
(42146,	'dp2163',	1,	6536),
(42147,	'dp2163',	2,	6536),
(42148,	'dp2163',	3,	6536),
(42149,	'dp2163',	4,	6536),
(42150,	'dp2163',	5,	6536),
(42151,	'dp2163',	6,	6536),
(42152,	'dp2163',	7,	6536),
(42160,	'dp2171',	1,	6536),
(42161,	'dp2171',	2,	6536),
(42162,	'dp2171',	3,	6536),
(42163,	'dp2171',	4,	6536),
(42164,	'dp2171',	5,	6536),
(42165,	'dp2171',	6,	6536),
(42166,	'dp2171',	7,	6536),
(42167,	'dp2175',	1,	6532),
(42168,	'dp2175',	2,	6532),
(42169,	'dp2175',	3,	6532),
(42170,	'dp2175',	4,	6532),
(42171,	'dp2175',	5,	6532),
(42172,	'dp2175',	6,	6532),
(42173,	'dp2175',	7,	6532),
(42048,	'dp2180',	1,	6532),
(42049,	'dp2180',	2,	6532),
(42050,	'dp2180',	3,	6532),
(42051,	'dp2180',	4,	6532),
(42052,	'dp2180',	5,	6532),
(42053,	'dp2180',	6,	6532),
(42054,	'dp2180',	7,	6532),
(42174,	'dp2181',	1,	6536),
(42175,	'dp2181',	2,	6536),
(42176,	'dp2181',	3,	6536),
(42177,	'dp2181',	4,	6536),
(42178,	'dp2181',	5,	6536),
(42179,	'dp2181',	6,	6536),
(42180,	'dp2181',	7,	6536),
(42181,	'dp2185',	1,	6536),
(42182,	'dp2185',	2,	6536),
(42183,	'dp2185',	3,	6536),
(42184,	'dp2185',	4,	6536),
(42185,	'dp2185',	5,	6536),
(42186,	'dp2185',	6,	6536),
(42187,	'dp2185',	7,	6536),
(42188,	'dp2187',	1,	6536),
(42189,	'dp2187',	2,	6536),
(42190,	'dp2187',	3,	6536),
(42191,	'dp2187',	4,	6536),
(42192,	'dp2187',	5,	6536),
(42193,	'dp2187',	6,	6536),
(42194,	'dp2187',	7,	6536),
(42202,	'dp2191',	1,	6536),
(42203,	'dp2191',	2,	6536),
(42204,	'dp2191',	3,	6536),
(42205,	'dp2191',	4,	6536),
(42206,	'dp2191',	5,	6536),
(42207,	'dp2191',	6,	6536),
(42208,	'dp2191',	7,	6536),
(40573,	'dp22',	1,	6532),
(40574,	'dp22',	2,	6532),
(40575,	'dp22',	3,	6532),
(40576,	'dp22',	4,	6532),
(40577,	'dp22',	5,	6532),
(40578,	'dp22',	6,	6532),
(40579,	'dp22',	7,	6532),
(42209,	'dp2201',	1,	6536),
(42210,	'dp2201',	2,	6536),
(42211,	'dp2201',	3,	6536),
(42212,	'dp2201',	4,	6536),
(42213,	'dp2201',	5,	6536),
(42214,	'dp2201',	6,	6536),
(42215,	'dp2201',	7,	6536),
(42216,	'dp2211',	1,	6536),
(42217,	'dp2211',	2,	6536),
(42218,	'dp2211',	3,	6536),
(42219,	'dp2211',	4,	6536),
(42220,	'dp2211',	5,	6536),
(42221,	'dp2211',	6,	6536),
(42222,	'dp2211',	7,	6536),
(42223,	'dp2221',	1,	6536),
(42224,	'dp2221',	2,	6536),
(42225,	'dp2221',	3,	6536),
(42226,	'dp2221',	4,	6536),
(42227,	'dp2221',	5,	6536),
(42228,	'dp2221',	6,	6536),
(42229,	'dp2221',	7,	6536),
(42230,	'dp2231',	1,	6536),
(42231,	'dp2231',	2,	6536),
(42232,	'dp2231',	3,	6536),
(42233,	'dp2231',	4,	6536),
(42234,	'dp2231',	5,	6536),
(42235,	'dp2231',	6,	6536),
(42236,	'dp2231',	7,	6536),
(42237,	'dp2241',	1,	6536),
(42238,	'dp2241',	2,	6536),
(42239,	'dp2241',	3,	6536),
(42240,	'dp2241',	4,	6536),
(42241,	'dp2241',	5,	6536),
(42242,	'dp2241',	6,	6536),
(42243,	'dp2241',	7,	6536),
(42244,	'dp2251',	1,	6536),
(42245,	'dp2251',	2,	6536),
(42246,	'dp2251',	3,	6536),
(42247,	'dp2251',	4,	6536),
(42248,	'dp2251',	5,	6536),
(42249,	'dp2251',	6,	6536),
(42250,	'dp2251',	7,	6536),
(40580,	'dp23',	1,	6532),
(40581,	'dp23',	2,	6532),
(40582,	'dp23',	3,	6532),
(40583,	'dp23',	4,	6532),
(40584,	'dp23',	5,	6532),
(40585,	'dp23',	6,	6532),
(40586,	'dp23',	7,	6532),
(42027,	'dp2301',	1,	6532),
(42028,	'dp2301',	2,	6532),
(42029,	'dp2301',	3,	6532),
(42030,	'dp2301',	4,	6532),
(42031,	'dp2301',	5,	6532),
(42032,	'dp2301',	6,	6532),
(42033,	'dp2301',	7,	6532),
(42034,	'dp2302',	1,	6532),
(42035,	'dp2302',	2,	6532),
(42036,	'dp2302',	3,	6532),
(42037,	'dp2302',	4,	6532),
(42038,	'dp2302',	5,	6532),
(42039,	'dp2302',	6,	6532),
(42040,	'dp2302',	7,	6532),
(42041,	'dp2303',	1,	6532),
(42042,	'dp2303',	2,	6532),
(42043,	'dp2303',	3,	6532),
(42044,	'dp2303',	4,	6532),
(42045,	'dp2303',	5,	6532),
(42046,	'dp2303',	6,	6532),
(42047,	'dp2303',	7,	6532),
(42251,	'dp2321',	1,	6536),
(42252,	'dp2321',	2,	6536),
(42253,	'dp2321',	3,	6536),
(42254,	'dp2321',	4,	6536),
(42255,	'dp2321',	5,	6536),
(42256,	'dp2321',	6,	6536),
(42257,	'dp2321',	7,	6536),
(42265,	'dp2325',	1,	6536),
(42266,	'dp2325',	2,	6536),
(42267,	'dp2325',	3,	6536),
(42268,	'dp2325',	4,	6536),
(42269,	'dp2325',	5,	6536),
(42270,	'dp2325',	6,	6536),
(42271,	'dp2325',	7,	6536),
(42258,	'dp2331',	1,	6536),
(42259,	'dp2331',	2,	6536),
(42260,	'dp2331',	3,	6536),
(42261,	'dp2331',	4,	6536),
(42262,	'dp2331',	5,	6536),
(42263,	'dp2331',	6,	6536),
(42264,	'dp2331',	7,	6536),
(42272,	'dp2341',	1,	6536),
(42273,	'dp2341',	2,	6536),
(42274,	'dp2341',	3,	6536),
(42275,	'dp2341',	4,	6536),
(42276,	'dp2341',	5,	6536),
(42277,	'dp2341',	6,	6536),
(42278,	'dp2341',	7,	6536),
(42279,	'dp2351',	1,	6536),
(42280,	'dp2351',	2,	6536),
(42281,	'dp2351',	3,	6536),
(42282,	'dp2351',	4,	6536),
(42283,	'dp2351',	5,	6536),
(42284,	'dp2351',	6,	6536),
(42285,	'dp2351',	7,	6536),
(42286,	'dp2361',	1,	6536),
(42287,	'dp2361',	2,	6536),
(42288,	'dp2361',	3,	6536),
(42289,	'dp2361',	4,	6536),
(42290,	'dp2361',	5,	6536),
(42291,	'dp2361',	6,	6536),
(42292,	'dp2361',	7,	6536),
(42293,	'dp2371',	1,	6536),
(42294,	'dp2371',	2,	6536),
(42295,	'dp2371',	3,	6536),
(42296,	'dp2371',	4,	6536),
(42297,	'dp2371',	5,	6536),
(42298,	'dp2371',	6,	6536),
(42299,	'dp2371',	7,	6536),
(42300,	'dp2381',	1,	6536),
(42301,	'dp2381',	2,	6536),
(42302,	'dp2381',	3,	6536),
(42303,	'dp2381',	4,	6536),
(42304,	'dp2381',	5,	6536),
(42305,	'dp2381',	6,	6536),
(42306,	'dp2381',	7,	6536),
(42307,	'dp2391',	1,	6536),
(42308,	'dp2391',	2,	6536),
(42309,	'dp2391',	3,	6536),
(42310,	'dp2391',	4,	6536),
(42311,	'dp2391',	5,	6536),
(42312,	'dp2391',	6,	6536),
(42313,	'dp2391',	7,	6536),
(42314,	'dp2401',	1,	6536),
(42315,	'dp2401',	2,	6536),
(42316,	'dp2401',	3,	6536),
(42317,	'dp2401',	4,	6536),
(42318,	'dp2401',	5,	6536),
(42319,	'dp2401',	6,	6536),
(42320,	'dp2401',	7,	6536),
(42321,	'dp2411',	1,	6536),
(42322,	'dp2411',	2,	6536),
(42323,	'dp2411',	3,	6536),
(42324,	'dp2411',	4,	6536),
(42325,	'dp2411',	5,	6536),
(42326,	'dp2411',	6,	6536),
(42327,	'dp2411',	7,	6536),
(42328,	'dp2421',	1,	6536),
(42329,	'dp2421',	2,	6536),
(42330,	'dp2421',	3,	6536),
(42331,	'dp2421',	4,	6536),
(42332,	'dp2421',	5,	6536),
(42333,	'dp2421',	6,	6536),
(42334,	'dp2421',	7,	6536),
(42335,	'dp2431',	1,	6536),
(42336,	'dp2431',	2,	6536),
(42337,	'dp2431',	3,	6536),
(42338,	'dp2431',	4,	6536),
(42339,	'dp2431',	5,	6536),
(42340,	'dp2431',	6,	6536),
(42341,	'dp2431',	7,	6536),
(42356,	'dp2441',	1,	6536),
(42357,	'dp2441',	2,	6536),
(42358,	'dp2441',	3,	6536),
(42359,	'dp2441',	4,	6536),
(42360,	'dp2441',	5,	6536),
(42361,	'dp2441',	6,	6536),
(42362,	'dp2441',	7,	6536),
(42349,	'dp2448',	1,	6536),
(42350,	'dp2448',	2,	6536),
(42351,	'dp2448',	3,	6536),
(42352,	'dp2448',	4,	6536),
(42353,	'dp2448',	5,	6536),
(42354,	'dp2448',	6,	6536),
(42355,	'dp2448',	7,	6536),
(42363,	'dp2451',	1,	6536),
(42364,	'dp2451',	2,	6536),
(42365,	'dp2451',	3,	6536),
(42366,	'dp2451',	4,	6536),
(42367,	'dp2451',	5,	6536),
(42368,	'dp2451',	6,	6536),
(42369,	'dp2451',	7,	6536),
(42370,	'dp2453',	1,	6536),
(42371,	'dp2453',	2,	6536),
(42372,	'dp2453',	3,	6536),
(42373,	'dp2453',	4,	6536),
(42374,	'dp2453',	5,	6536),
(42375,	'dp2453',	6,	6536),
(42376,	'dp2453',	7,	6536),
(42377,	'dp2461',	1,	6536),
(42378,	'dp2461',	2,	6536),
(42379,	'dp2461',	3,	6536),
(42380,	'dp2461',	4,	6536),
(42381,	'dp2461',	5,	6536),
(42382,	'dp2461',	6,	6536),
(42383,	'dp2461',	7,	6536),
(42391,	'dp2471',	1,	6536),
(42392,	'dp2471',	2,	6536),
(42393,	'dp2471',	3,	6536),
(42394,	'dp2471',	4,	6536),
(42395,	'dp2471',	5,	6536),
(42396,	'dp2471',	6,	6536),
(42397,	'dp2471',	7,	6536),
(42398,	'dp2481',	1,	6536),
(42399,	'dp2481',	2,	6536),
(42400,	'dp2481',	3,	6536),
(42401,	'dp2481',	4,	6536),
(42402,	'dp2481',	5,	6536),
(42403,	'dp2481',	6,	6536),
(42404,	'dp2481',	7,	6536),
(42405,	'dp2491',	1,	6536),
(42406,	'dp2491',	2,	6536),
(42407,	'dp2491',	3,	6536),
(42408,	'dp2491',	4,	6536),
(42409,	'dp2491',	5,	6536),
(42410,	'dp2491',	6,	6536),
(42411,	'dp2491',	7,	6536),
(40587,	'dp25',	1,	6532),
(40588,	'dp25',	2,	6532),
(40589,	'dp25',	3,	6532),
(40590,	'dp25',	4,	6532),
(40591,	'dp25',	5,	6532),
(40592,	'dp25',	6,	6532),
(40593,	'dp25',	7,	6532),
(42412,	'dp2501',	1,	6536),
(42413,	'dp2501',	2,	6536),
(42414,	'dp2501',	3,	6536),
(42415,	'dp2501',	4,	6536),
(42416,	'dp2501',	5,	6536),
(42417,	'dp2501',	6,	6536),
(42418,	'dp2501',	7,	6536),
(42419,	'dp2531',	1,	6536),
(42420,	'dp2531',	2,	6536),
(42421,	'dp2531',	3,	6536),
(42422,	'dp2531',	4,	6536),
(42423,	'dp2531',	5,	6536),
(42424,	'dp2531',	6,	6536),
(42425,	'dp2531',	7,	6536),
(42426,	'dp2541',	1,	6536),
(42427,	'dp2541',	2,	6536),
(42428,	'dp2541',	3,	6536),
(42429,	'dp2541',	4,	6536),
(42430,	'dp2541',	5,	6536),
(42431,	'dp2541',	6,	6536),
(42432,	'dp2541',	7,	6536),
(42433,	'dp2551',	1,	6536),
(42434,	'dp2551',	2,	6536),
(42435,	'dp2551',	3,	6536),
(42436,	'dp2551',	4,	6536),
(42437,	'dp2551',	5,	6536),
(42438,	'dp2551',	6,	6536),
(42439,	'dp2551',	7,	6536),
(42440,	'dp2561',	1,	6536),
(42441,	'dp2561',	2,	6536),
(42442,	'dp2561',	3,	6536),
(42443,	'dp2561',	4,	6536),
(42444,	'dp2561',	5,	6536),
(42445,	'dp2561',	6,	6536),
(42446,	'dp2561',	7,	6536),
(42447,	'dp2571',	1,	6536),
(42448,	'dp2571',	2,	6536),
(42449,	'dp2571',	3,	6536),
(42450,	'dp2571',	4,	6536),
(42451,	'dp2571',	5,	6536),
(42452,	'dp2571',	6,	6536),
(42453,	'dp2571',	7,	6536),
(42454,	'dp2574',	1,	6536),
(42455,	'dp2574',	2,	6536),
(42456,	'dp2574',	3,	6536),
(42457,	'dp2574',	4,	6536),
(42458,	'dp2574',	5,	6536),
(42459,	'dp2574',	6,	6536),
(42460,	'dp2574',	7,	6536),
(42461,	'dp2581',	1,	6536),
(42462,	'dp2581',	2,	6536),
(42463,	'dp2581',	3,	6536),
(42464,	'dp2581',	4,	6536),
(42465,	'dp2581',	5,	6536),
(42466,	'dp2581',	6,	6536),
(42467,	'dp2581',	7,	6536),
(42468,	'dp2591',	1,	6536),
(42469,	'dp2591',	2,	6536),
(42470,	'dp2591',	3,	6536),
(42471,	'dp2591',	4,	6536),
(42472,	'dp2591',	5,	6536),
(42473,	'dp2591',	6,	6536),
(42474,	'dp2591',	7,	6536),
(42475,	'dp2601',	1,	6536),
(42476,	'dp2601',	2,	6536),
(42477,	'dp2601',	3,	6536),
(42478,	'dp2601',	4,	6536),
(42479,	'dp2601',	5,	6536),
(42480,	'dp2601',	6,	6536),
(42481,	'dp2601',	7,	6536),
(40944,	'dp261',	1,	6532),
(40945,	'dp261',	2,	6532),
(40946,	'dp261',	3,	6532),
(40947,	'dp261',	4,	6532),
(40948,	'dp261',	5,	6532),
(40949,	'dp261',	6,	6532),
(40950,	'dp261',	7,	6532),
(42482,	'dp2611',	1,	6536),
(42483,	'dp2611',	2,	6536),
(42484,	'dp2611',	3,	6536),
(42485,	'dp2611',	4,	6536),
(42486,	'dp2611',	5,	6536),
(42487,	'dp2611',	6,	6536),
(42488,	'dp2611',	7,	6536),
(40951,	'dp262',	1,	6532),
(40952,	'dp262',	2,	6532),
(40953,	'dp262',	3,	6532),
(40954,	'dp262',	4,	6532),
(40955,	'dp262',	5,	6532),
(40956,	'dp262',	6,	6532),
(40957,	'dp262',	7,	6532),
(42489,	'dp2621',	1,	6536),
(42490,	'dp2621',	2,	6536),
(42491,	'dp2621',	3,	6536),
(42492,	'dp2621',	4,	6536),
(42493,	'dp2621',	5,	6536),
(42494,	'dp2621',	6,	6536),
(42495,	'dp2621',	7,	6536),
(40958,	'dp263',	1,	6532),
(40959,	'dp263',	2,	6532),
(40960,	'dp263',	3,	6532),
(40961,	'dp263',	4,	6532),
(40962,	'dp263',	5,	6532),
(40963,	'dp263',	6,	6532),
(40964,	'dp263',	7,	6532),
(42496,	'dp2631',	1,	6536),
(42497,	'dp2631',	2,	6536),
(42498,	'dp2631',	3,	6536),
(42499,	'dp2631',	4,	6536),
(42500,	'dp2631',	5,	6536),
(42501,	'dp2631',	6,	6536),
(42502,	'dp2631',	7,	6536),
(42503,	'dp2633',	1,	6536),
(42504,	'dp2633',	2,	6536),
(42505,	'dp2633',	3,	6536),
(42506,	'dp2633',	4,	6536),
(42507,	'dp2633',	5,	6536),
(42508,	'dp2633',	6,	6536),
(42509,	'dp2633',	7,	6536),
(42510,	'dp2637',	1,	6536),
(42511,	'dp2637',	2,	6536),
(42512,	'dp2637',	3,	6536),
(42513,	'dp2637',	4,	6536),
(42514,	'dp2637',	5,	6536),
(42515,	'dp2637',	6,	6536),
(42516,	'dp2637',	7,	6536),
(40965,	'dp264',	1,	6532),
(40966,	'dp264',	2,	6532),
(40967,	'dp264',	3,	6532),
(40968,	'dp264',	4,	6532),
(40969,	'dp264',	5,	6532),
(40970,	'dp264',	6,	6532),
(40971,	'dp264',	7,	6532),
(42090,	'dp2641',	1,	6536),
(42091,	'dp2641',	2,	6536),
(42092,	'dp2641',	3,	6536),
(42093,	'dp2641',	4,	6536),
(42094,	'dp2641',	5,	6536),
(42095,	'dp2641',	6,	6536),
(42096,	'dp2641',	7,	6536),
(42097,	'dp2642',	1,	6536),
(42098,	'dp2642',	2,	6536),
(42099,	'dp2642',	3,	6536),
(42100,	'dp2642',	4,	6536),
(42101,	'dp2642',	5,	6536),
(42102,	'dp2642',	6,	6536),
(42103,	'dp2642',	7,	6536),
(40972,	'dp265',	1,	6532),
(40973,	'dp265',	2,	6532),
(40974,	'dp265',	3,	6532),
(40975,	'dp265',	4,	6532),
(40976,	'dp265',	5,	6532),
(40977,	'dp265',	6,	6532),
(40978,	'dp265',	7,	6532),
(42083,	'dp2651',	1,	6536),
(42084,	'dp2651',	2,	6536),
(42085,	'dp2651',	3,	6536),
(42086,	'dp2651',	4,	6536),
(42087,	'dp2651',	5,	6536),
(42088,	'dp2651',	6,	6536),
(42089,	'dp2651',	7,	6536),
(40979,	'dp266',	1,	6532),
(40980,	'dp266',	2,	6532),
(40981,	'dp266',	3,	6532),
(40982,	'dp266',	4,	6532),
(40983,	'dp266',	5,	6532),
(40984,	'dp266',	6,	6532),
(40985,	'dp266',	7,	6532),
(42069,	'dp2661',	1,	6536),
(42070,	'dp2661',	2,	6536),
(42071,	'dp2661',	3,	6536),
(42072,	'dp2661',	4,	6536),
(42073,	'dp2661',	5,	6536),
(42074,	'dp2661',	6,	6536),
(42075,	'dp2661',	7,	6536),
(42076,	'dp2663',	1,	6536),
(42077,	'dp2663',	2,	6536),
(42078,	'dp2663',	3,	6536),
(42079,	'dp2663',	4,	6536),
(42080,	'dp2663',	5,	6536),
(42081,	'dp2663',	6,	6536),
(42082,	'dp2663',	7,	6536),
(40986,	'dp267',	1,	6532),
(40987,	'dp267',	2,	6532),
(40988,	'dp267',	3,	6532),
(40989,	'dp267',	4,	6532),
(40990,	'dp267',	5,	6532),
(40991,	'dp267',	6,	6532),
(40992,	'dp267',	7,	6532),
(42062,	'dp2671',	1,	6536),
(42063,	'dp2671',	2,	6536),
(42064,	'dp2671',	3,	6536),
(42065,	'dp2671',	4,	6536),
(42066,	'dp2671',	5,	6536),
(42067,	'dp2671',	6,	6536),
(42068,	'dp2671',	7,	6536),
(42720,	'dp2679',	1,	6536),
(42721,	'dp2679',	2,	6536),
(42722,	'dp2679',	3,	6536),
(42723,	'dp2679',	4,	6536),
(42724,	'dp2679',	5,	6536),
(42725,	'dp2679',	6,	6536),
(42726,	'dp2679',	7,	6536),
(40993,	'dp268',	1,	6532),
(40994,	'dp268',	2,	6532),
(40995,	'dp268',	3,	6532),
(40996,	'dp268',	4,	6532),
(40997,	'dp268',	5,	6532),
(40998,	'dp268',	6,	6532),
(40999,	'dp268',	7,	6532),
(42727,	'dp2680',	1,	6536),
(42728,	'dp2680',	2,	6536),
(42729,	'dp2680',	3,	6536),
(42730,	'dp2680',	4,	6536),
(42731,	'dp2680',	5,	6536),
(42732,	'dp2680',	6,	6536),
(42733,	'dp2680',	7,	6536),
(42734,	'dp2682',	1,	6536),
(42735,	'dp2682',	2,	6536),
(42736,	'dp2682',	3,	6536),
(42737,	'dp2682',	4,	6536),
(42738,	'dp2682',	5,	6536),
(42739,	'dp2682',	6,	6536),
(42740,	'dp2682',	7,	6536),
(42741,	'dp2684',	1,	6536),
(42742,	'dp2684',	2,	6536),
(42743,	'dp2684',	3,	6536),
(42744,	'dp2684',	4,	6536),
(42745,	'dp2684',	5,	6536),
(42746,	'dp2684',	6,	6536),
(42747,	'dp2684',	7,	6536),
(42748,	'dp2686',	1,	6536),
(42749,	'dp2686',	2,	6536),
(42750,	'dp2686',	3,	6536),
(42751,	'dp2686',	4,	6536),
(42752,	'dp2686',	5,	6536),
(42753,	'dp2686',	6,	6536),
(42754,	'dp2686',	7,	6536),
(42755,	'dp2688',	1,	6536),
(42756,	'dp2688',	2,	6536),
(42757,	'dp2688',	3,	6536),
(42758,	'dp2688',	4,	6536),
(42759,	'dp2688',	5,	6536),
(42760,	'dp2688',	6,	6536),
(42761,	'dp2688',	7,	6536),
(41000,	'dp269',	1,	6532),
(41001,	'dp269',	2,	6532),
(41002,	'dp269',	3,	6532),
(41003,	'dp269',	4,	6532),
(41004,	'dp269',	5,	6532),
(41005,	'dp269',	6,	6532),
(41006,	'dp269',	7,	6532),
(42762,	'dp2690',	1,	6536),
(42763,	'dp2690',	2,	6536),
(42764,	'dp2690',	3,	6536),
(42765,	'dp2690',	4,	6536),
(42766,	'dp2690',	5,	6536),
(42767,	'dp2690',	6,	6536),
(42768,	'dp2690',	7,	6536),
(42769,	'dp2691',	1,	6536),
(42770,	'dp2691',	2,	6536),
(42771,	'dp2691',	3,	6536),
(42772,	'dp2691',	4,	6536),
(42773,	'dp2691',	5,	6536),
(42774,	'dp2691',	6,	6536),
(42775,	'dp2691',	7,	6536),
(40594,	'dp27',	1,	6532),
(40595,	'dp27',	2,	6532),
(40596,	'dp27',	3,	6532),
(40597,	'dp27',	4,	6532),
(40598,	'dp27',	5,	6532),
(40599,	'dp27',	6,	6532),
(40600,	'dp27',	7,	6532),
(41007,	'dp270',	1,	6532),
(41008,	'dp270',	2,	6532),
(41009,	'dp270',	3,	6532),
(41010,	'dp270',	4,	6532),
(41011,	'dp270',	5,	6532),
(41012,	'dp270',	6,	6532),
(41013,	'dp270',	7,	6532),
(42776,	'dp2701',	1,	6536),
(42777,	'dp2701',	2,	6536),
(42778,	'dp2701',	3,	6536),
(42779,	'dp2701',	4,	6536),
(42780,	'dp2701',	5,	6536),
(42781,	'dp2701',	6,	6536),
(42782,	'dp2701',	7,	6536),
(42517,	'dp2712',	1,	6536),
(42518,	'dp2712',	2,	6536),
(42519,	'dp2712',	3,	6536),
(42520,	'dp2712',	4,	6536),
(42521,	'dp2712',	5,	6536),
(42522,	'dp2712',	6,	6536),
(42523,	'dp2712',	7,	6536),
(41014,	'dp272',	1,	6532),
(41015,	'dp272',	2,	6532),
(41016,	'dp272',	3,	6532),
(41017,	'dp272',	4,	6532),
(41018,	'dp272',	5,	6532),
(41019,	'dp272',	6,	6532),
(41020,	'dp272',	7,	6532),
(42524,	'dp2721',	1,	6536),
(42525,	'dp2721',	2,	6536),
(42526,	'dp2721',	3,	6536),
(42527,	'dp2721',	4,	6536),
(42528,	'dp2721',	5,	6536),
(42529,	'dp2721',	6,	6536),
(42530,	'dp2721',	7,	6536),
(41021,	'dp273',	1,	6532),
(41022,	'dp273',	2,	6532),
(41023,	'dp273',	3,	6532),
(41024,	'dp273',	4,	6532),
(41025,	'dp273',	5,	6532),
(41026,	'dp273',	6,	6532),
(41027,	'dp273',	7,	6532),
(42531,	'dp2731',	1,	6536),
(42532,	'dp2731',	2,	6536),
(42533,	'dp2731',	3,	6536),
(42534,	'dp2731',	4,	6536),
(42535,	'dp2731',	5,	6536),
(42536,	'dp2731',	6,	6536),
(42537,	'dp2731',	7,	6536),
(42538,	'dp2733',	1,	6532),
(42539,	'dp2733',	2,	6532),
(42540,	'dp2733',	3,	6532),
(42541,	'dp2733',	4,	6532),
(42542,	'dp2733',	5,	6532),
(42543,	'dp2733',	6,	6532),
(42544,	'dp2733',	7,	6532),
(42545,	'dp2741',	1,	6536),
(42546,	'dp2741',	2,	6536),
(42547,	'dp2741',	3,	6536),
(42548,	'dp2741',	4,	6536),
(42549,	'dp2741',	5,	6536),
(42550,	'dp2741',	6,	6536),
(42551,	'dp2741',	7,	6536),
(41028,	'dp275',	1,	6532),
(41029,	'dp275',	2,	6532),
(41030,	'dp275',	3,	6532),
(41031,	'dp275',	4,	6532),
(41032,	'dp275',	5,	6532),
(41033,	'dp275',	6,	6532),
(41034,	'dp275',	7,	6532),
(42552,	'dp2751',	1,	6536),
(42553,	'dp2751',	2,	6536),
(42554,	'dp2751',	3,	6536),
(42555,	'dp2751',	4,	6536),
(42556,	'dp2751',	5,	6536),
(42557,	'dp2751',	6,	6536),
(42558,	'dp2751',	7,	6536),
(42559,	'dp2761',	1,	6536),
(42560,	'dp2761',	2,	6536),
(42561,	'dp2761',	3,	6536),
(42562,	'dp2761',	4,	6536),
(42563,	'dp2761',	5,	6536),
(42564,	'dp2761',	6,	6536),
(42565,	'dp2761',	7,	6536),
(42573,	'dp2781',	1,	6536),
(42574,	'dp2781',	2,	6536),
(42575,	'dp2781',	3,	6536),
(42576,	'dp2781',	4,	6536),
(42577,	'dp2781',	5,	6536),
(42578,	'dp2781',	6,	6536),
(42579,	'dp2781',	7,	6536),
(42580,	'dp2791',	1,	6536),
(42581,	'dp2791',	2,	6536),
(42582,	'dp2791',	3,	6536),
(42583,	'dp2791',	4,	6536),
(42584,	'dp2791',	5,	6536),
(42585,	'dp2791',	6,	6536),
(42586,	'dp2791',	7,	6536),
(40601,	'dp28',	1,	6532),
(40602,	'dp28',	2,	6532),
(40603,	'dp28',	3,	6532),
(40604,	'dp28',	4,	6532),
(40605,	'dp28',	5,	6532),
(40606,	'dp28',	6,	6532),
(40607,	'dp28',	7,	6532),
(42587,	'dp2801',	1,	6536),
(42588,	'dp2801',	2,	6536),
(42589,	'dp2801',	3,	6536),
(42590,	'dp2801',	4,	6536),
(42591,	'dp2801',	5,	6536),
(42592,	'dp2801',	6,	6536),
(42593,	'dp2801',	7,	6536),
(42636,	'dp2805',	1,	6532),
(42637,	'dp2805',	2,	6532),
(42638,	'dp2805',	3,	6532),
(42639,	'dp2805',	4,	6532),
(42640,	'dp2805',	5,	6532),
(42641,	'dp2805',	6,	6532),
(42642,	'dp2805',	7,	6532),
(42629,	'dp2807',	1,	6532),
(42630,	'dp2807',	2,	6532),
(42631,	'dp2807',	3,	6532),
(42632,	'dp2807',	4,	6532),
(42633,	'dp2807',	5,	6532),
(42634,	'dp2807',	6,	6532),
(42635,	'dp2807',	7,	6532),
(42594,	'dp2811',	1,	6536),
(42595,	'dp2811',	2,	6536),
(42596,	'dp2811',	3,	6536),
(42597,	'dp2811',	4,	6536),
(42598,	'dp2811',	5,	6536),
(42599,	'dp2811',	6,	6536),
(42600,	'dp2811',	7,	6536),
(42601,	'dp2813',	1,	6536),
(42602,	'dp2813',	2,	6536),
(42603,	'dp2813',	3,	6536),
(42604,	'dp2813',	4,	6536),
(42605,	'dp2813',	5,	6536),
(42606,	'dp2813',	6,	6536),
(42607,	'dp2813',	7,	6536),
(42608,	'dp2821',	1,	6536),
(42609,	'dp2821',	2,	6536),
(42610,	'dp2821',	3,	6536),
(42611,	'dp2821',	4,	6536),
(42612,	'dp2821',	5,	6536),
(42613,	'dp2821',	6,	6536),
(42614,	'dp2821',	7,	6536),
(42615,	'dp2825',	1,	6536),
(42616,	'dp2825',	2,	6536),
(42617,	'dp2825',	3,	6536),
(42618,	'dp2825',	4,	6536),
(42619,	'dp2825',	5,	6536),
(42620,	'dp2825',	6,	6536),
(42621,	'dp2825',	7,	6536),
(42643,	'dp2831',	1,	6532),
(42644,	'dp2831',	2,	6532),
(42645,	'dp2831',	3,	6532),
(42646,	'dp2831',	4,	6532),
(42647,	'dp2831',	5,	6532),
(42648,	'dp2831',	6,	6532),
(42649,	'dp2831',	7,	6532),
(42622,	'dp2833',	1,	6532),
(42623,	'dp2833',	2,	6532),
(42624,	'dp2833',	3,	6532),
(42625,	'dp2833',	4,	6532),
(42626,	'dp2833',	5,	6532),
(42627,	'dp2833',	6,	6532),
(42628,	'dp2833',	7,	6532),
(42566,	'dp2841',	1,	6536),
(42567,	'dp2841',	2,	6536),
(42568,	'dp2841',	3,	6536),
(42569,	'dp2841',	4,	6536),
(42570,	'dp2841',	5,	6536),
(42571,	'dp2841',	6,	6536),
(42572,	'dp2841',	7,	6536),
(42650,	'dp2846',	1,	6536),
(42651,	'dp2846',	2,	6536),
(42652,	'dp2846',	3,	6536),
(42653,	'dp2846',	4,	6536),
(42654,	'dp2846',	5,	6536),
(42655,	'dp2846',	6,	6536),
(42656,	'dp2846',	7,	6536),
(42657,	'dp2848',	1,	6536),
(42658,	'dp2848',	2,	6536),
(42659,	'dp2848',	3,	6536),
(42660,	'dp2848',	4,	6536),
(42661,	'dp2848',	5,	6536),
(42662,	'dp2848',	6,	6536),
(42663,	'dp2848',	7,	6536),
(42671,	'dp2851',	1,	6536),
(42672,	'dp2851',	2,	6536),
(42673,	'dp2851',	3,	6536),
(42674,	'dp2851',	4,	6536),
(42675,	'dp2851',	5,	6536),
(42676,	'dp2851',	6,	6536),
(42677,	'dp2851',	7,	6536),
(42664,	'dp2859',	1,	6536),
(42665,	'dp2859',	2,	6536),
(42666,	'dp2859',	3,	6536),
(42667,	'dp2859',	4,	6536),
(42668,	'dp2859',	5,	6536),
(42669,	'dp2859',	6,	6536),
(42670,	'dp2859',	7,	6536),
(42678,	'dp2861',	1,	6536),
(42679,	'dp2861',	2,	6536),
(42680,	'dp2861',	3,	6536),
(42681,	'dp2861',	4,	6536),
(42682,	'dp2861',	5,	6536),
(42683,	'dp2861',	6,	6536),
(42684,	'dp2861',	7,	6536),
(42685,	'dp2871',	1,	6536),
(42686,	'dp2871',	2,	6536),
(42687,	'dp2871',	3,	6536),
(42688,	'dp2871',	4,	6536),
(42689,	'dp2871',	5,	6536),
(42690,	'dp2871',	6,	6536),
(42691,	'dp2871',	7,	6536),
(42692,	'dp2881',	1,	6536),
(42693,	'dp2881',	2,	6536),
(42694,	'dp2881',	3,	6536),
(42695,	'dp2881',	4,	6536),
(42696,	'dp2881',	5,	6536),
(42697,	'dp2881',	6,	6536),
(42698,	'dp2881',	7,	6536),
(42699,	'dp2884',	1,	6536),
(42700,	'dp2884',	2,	6536),
(42701,	'dp2884',	3,	6536),
(42702,	'dp2884',	4,	6536),
(42703,	'dp2884',	5,	6536),
(42704,	'dp2884',	6,	6536),
(42705,	'dp2884',	7,	6536),
(42706,	'dp2887',	1,	6536),
(42707,	'dp2887',	2,	6536),
(42708,	'dp2887',	3,	6536),
(42709,	'dp2887',	4,	6536),
(42710,	'dp2887',	5,	6536),
(42711,	'dp2887',	6,	6536),
(42712,	'dp2887',	7,	6536),
(42713,	'dp2891',	1,	6536),
(42714,	'dp2891',	2,	6536),
(42715,	'dp2891',	3,	6536),
(42716,	'dp2891',	4,	6536),
(42717,	'dp2891',	5,	6536),
(42718,	'dp2891',	6,	6536),
(42719,	'dp2891',	7,	6536),
(40608,	'dp29',	1,	6532),
(40609,	'dp29',	2,	6532),
(40610,	'dp29',	3,	6532),
(40611,	'dp29',	4,	6532),
(40612,	'dp29',	5,	6532),
(40613,	'dp29',	6,	6532),
(40614,	'dp29',	7,	6532),
(42055,	'dp2900',	1,	6532),
(42056,	'dp2900',	2,	6532),
(42057,	'dp2900',	3,	6532),
(42058,	'dp2900',	4,	6532),
(42059,	'dp2900',	5,	6532),
(42060,	'dp2900',	6,	6532),
(42061,	'dp2900',	7,	6532),
(40531,	'dp3',	1,	6533),
(40532,	'dp3',	2,	6533),
(40533,	'dp3',	3,	6533),
(40534,	'dp3',	4,	6533),
(40535,	'dp3',	5,	6533),
(40536,	'dp3',	6,	6533),
(40537,	'dp3',	7,	6533),
(40615,	'dp30',	1,	6532),
(40616,	'dp30',	2,	6532),
(40617,	'dp30',	3,	6532),
(40618,	'dp30',	4,	6532),
(40619,	'dp30',	5,	6532),
(40620,	'dp30',	6,	6532),
(40621,	'dp30',	7,	6532),
(41035,	'dp325',	1,	6536),
(41036,	'dp325',	2,	6536),
(41037,	'dp325',	3,	6536),
(41038,	'dp325',	4,	6536),
(41039,	'dp325',	5,	6536),
(41040,	'dp325',	6,	6536),
(41041,	'dp325',	7,	6536),
(41042,	'dp334',	1,	6532),
(41043,	'dp334',	2,	6532),
(41044,	'dp334',	3,	6532),
(41045,	'dp334',	4,	6532),
(41046,	'dp334',	5,	6532),
(41047,	'dp334',	6,	6532),
(41048,	'dp334',	7,	6532),
(41049,	'dp368',	1,	6532),
(41050,	'dp368',	2,	6532),
(41051,	'dp368',	3,	6532),
(41052,	'dp368',	4,	6532),
(41053,	'dp368',	5,	6532),
(41054,	'dp368',	6,	6532),
(41055,	'dp368',	7,	6532),
(41056,	'dp379',	1,	6532),
(41057,	'dp379',	2,	6532),
(41058,	'dp379',	3,	6532),
(41059,	'dp379',	4,	6532),
(41060,	'dp379',	5,	6532),
(41061,	'dp379',	6,	6532),
(41062,	'dp379',	7,	6532),
(40622,	'dp38',	1,	6532),
(40623,	'dp38',	2,	6532),
(40624,	'dp38',	3,	6532),
(40625,	'dp38',	4,	6532),
(40626,	'dp38',	5,	6532),
(40627,	'dp38',	6,	6532),
(40628,	'dp38',	7,	6532),
(41063,	'dp399',	1,	6532),
(41064,	'dp399',	2,	6532),
(41065,	'dp399',	3,	6532),
(41066,	'dp399',	4,	6532),
(41067,	'dp399',	5,	6532),
(41068,	'dp399',	6,	6532),
(41069,	'dp399',	7,	6532),
(40629,	'dp40',	1,	6532),
(40630,	'dp40',	2,	6532),
(40631,	'dp40',	3,	6532),
(40632,	'dp40',	4,	6532),
(40633,	'dp40',	5,	6532),
(40634,	'dp40',	6,	6532),
(40635,	'dp40',	7,	6532),
(41070,	'dp400',	1,	6532),
(41071,	'dp400',	2,	6532),
(41072,	'dp400',	3,	6532),
(41073,	'dp400',	4,	6532),
(41074,	'dp400',	5,	6532),
(41075,	'dp400',	6,	6532),
(41076,	'dp400',	7,	6532),
(41077,	'dp403',	1,	6532),
(41078,	'dp403',	2,	6532),
(41079,	'dp403',	3,	6532),
(41080,	'dp403',	4,	6532),
(41081,	'dp403',	5,	6532),
(41082,	'dp403',	6,	6532),
(41083,	'dp403',	7,	6532),
(41084,	'dp406',	1,	6532),
(41085,	'dp406',	2,	6532),
(41086,	'dp406',	3,	6532),
(41087,	'dp406',	4,	6532),
(41088,	'dp406',	5,	6532),
(41089,	'dp406',	6,	6532),
(41090,	'dp406',	7,	6532),
(40636,	'dp42',	1,	6532),
(40637,	'dp42',	2,	6532),
(40638,	'dp42',	3,	6532),
(40639,	'dp42',	4,	6532),
(40640,	'dp42',	5,	6532),
(40641,	'dp42',	6,	6532),
(40642,	'dp42',	7,	6532),
(41091,	'dp437',	1,	6532),
(41092,	'dp437',	2,	6532),
(41093,	'dp437',	3,	6532),
(41094,	'dp437',	4,	6532),
(41095,	'dp437',	5,	6532),
(41096,	'dp437',	6,	6532),
(41097,	'dp437',	7,	6532),
(41098,	'dp448',	1,	6532),
(41099,	'dp448',	2,	6532),
(41100,	'dp448',	3,	6532),
(41101,	'dp448',	4,	6532),
(41102,	'dp448',	5,	6532),
(41103,	'dp448',	6,	6532),
(41104,	'dp448',	7,	6532),
(41105,	'dp449',	1,	6532),
(41106,	'dp449',	2,	6532),
(41107,	'dp449',	3,	6532),
(41108,	'dp449',	4,	6532),
(41109,	'dp449',	5,	6532),
(41110,	'dp449',	6,	6532),
(41111,	'dp449',	7,	6532),
(41112,	'dp471',	1,	6537),
(41113,	'dp471',	2,	6537),
(41114,	'dp471',	3,	6537),
(41115,	'dp471',	4,	6537),
(41116,	'dp471',	5,	6537),
(41117,	'dp471',	6,	6537),
(41118,	'dp471',	7,	6537),
(41119,	'dp472',	1,	6535),
(41120,	'dp472',	2,	6535),
(41121,	'dp472',	3,	6535),
(41122,	'dp472',	4,	6535),
(41123,	'dp472',	5,	6535),
(41124,	'dp472',	6,	6535),
(41125,	'dp472',	7,	6535),
(42384,	'dp474',	1,	6532),
(42385,	'dp474',	2,	6532),
(42386,	'dp474',	3,	6532),
(42387,	'dp474',	4,	6532),
(42388,	'dp474',	5,	6532),
(42389,	'dp474',	6,	6532),
(42390,	'dp474',	7,	6532),
(40643,	'dp50',	1,	6532),
(40644,	'dp50',	2,	6532),
(40645,	'dp50',	3,	6532),
(40646,	'dp50',	4,	6532),
(40647,	'dp50',	5,	6532),
(40648,	'dp50',	6,	6532),
(40649,	'dp50',	7,	6532),
(40650,	'dp51',	1,	6532),
(40651,	'dp51',	2,	6532),
(40652,	'dp51',	3,	6532),
(40653,	'dp51',	4,	6532),
(40654,	'dp51',	5,	6532),
(40655,	'dp51',	6,	6532),
(40656,	'dp51',	7,	6532),
(40657,	'dp53',	1,	6535),
(40658,	'dp53',	2,	6535),
(40659,	'dp53',	3,	6535),
(40660,	'dp53',	4,	6535),
(40661,	'dp53',	5,	6535),
(40662,	'dp53',	6,	6535),
(40663,	'dp53',	7,	6535),
(40664,	'dp54',	1,	6535),
(40665,	'dp54',	2,	6535),
(40666,	'dp54',	3,	6535),
(40667,	'dp54',	4,	6535),
(40668,	'dp54',	5,	6535),
(40669,	'dp54',	6,	6535),
(40670,	'dp54',	7,	6535),
(40671,	'dp55',	1,	6532),
(40672,	'dp55',	2,	6532),
(40673,	'dp55',	3,	6532),
(40674,	'dp55',	4,	6532),
(40675,	'dp55',	5,	6532),
(40676,	'dp55',	6,	6532),
(40677,	'dp55',	7,	6532),
(40678,	'dp58',	1,	6532),
(40679,	'dp58',	2,	6532),
(40680,	'dp58',	3,	6532),
(40681,	'dp58',	4,	6532),
(40682,	'dp58',	5,	6532),
(40683,	'dp58',	6,	6532),
(40684,	'dp58',	7,	6532),
(40685,	'dp59',	1,	6532),
(40686,	'dp59',	2,	6532),
(40687,	'dp59',	3,	6532),
(40688,	'dp59',	4,	6532),
(40689,	'dp59',	5,	6532),
(40690,	'dp59',	6,	6532),
(40691,	'dp59',	7,	6532),
(40538,	'dp6',	1,	6534),
(40539,	'dp6',	2,	6534),
(40540,	'dp6',	3,	6534),
(40541,	'dp6',	4,	6534),
(40542,	'dp6',	5,	6534),
(40543,	'dp6',	6,	6534),
(40544,	'dp6',	7,	6534),
(41126,	'dp641',	1,	6535),
(41127,	'dp641',	2,	6535),
(41128,	'dp641',	3,	6535),
(41129,	'dp641',	4,	6535),
(41130,	'dp641',	5,	6535),
(41131,	'dp641',	6,	6535),
(41132,	'dp641',	7,	6535),
(41133,	'dp642',	1,	6532),
(41134,	'dp642',	2,	6532),
(41135,	'dp642',	3,	6532),
(41136,	'dp642',	4,	6532),
(41137,	'dp642',	5,	6532),
(41138,	'dp642',	6,	6532),
(41139,	'dp642',	7,	6532),
(41140,	'dp644',	1,	6532),
(41141,	'dp644',	2,	6532),
(41142,	'dp644',	3,	6532),
(41143,	'dp644',	4,	6532),
(41144,	'dp644',	5,	6532),
(41145,	'dp644',	6,	6532),
(41146,	'dp644',	7,	6532),
(41147,	'dp645',	1,	6532),
(41148,	'dp645',	2,	6532),
(41149,	'dp645',	3,	6532),
(41150,	'dp645',	4,	6532),
(41151,	'dp645',	5,	6532),
(41152,	'dp645',	6,	6532),
(41153,	'dp645',	7,	6532),
(41154,	'dp651',	1,	6532),
(41155,	'dp651',	2,	6532),
(41156,	'dp651',	3,	6532),
(41157,	'dp651',	4,	6532),
(41158,	'dp651',	5,	6532),
(41159,	'dp651',	6,	6532),
(41160,	'dp651',	7,	6532),
(41161,	'dp652',	1,	6532),
(41162,	'dp652',	2,	6532),
(41163,	'dp652',	3,	6532),
(41164,	'dp652',	4,	6532),
(41165,	'dp652',	5,	6532),
(41166,	'dp652',	6,	6532),
(41167,	'dp652',	7,	6532),
(41168,	'dp653',	1,	6532),
(41169,	'dp653',	2,	6532),
(41170,	'dp653',	3,	6532),
(41171,	'dp653',	4,	6532),
(41172,	'dp653',	5,	6532),
(41173,	'dp653',	6,	6532),
(41174,	'dp653',	7,	6532),
(41175,	'dp654',	1,	6532),
(41176,	'dp654',	2,	6532),
(41177,	'dp654',	3,	6532),
(41178,	'dp654',	4,	6532),
(41179,	'dp654',	5,	6532),
(41180,	'dp654',	6,	6532),
(41181,	'dp654',	7,	6532),
(40692,	'dp66',	1,	6532),
(40693,	'dp66',	2,	6532),
(40694,	'dp66',	3,	6532),
(40695,	'dp66',	4,	6532),
(40696,	'dp66',	5,	6532),
(40697,	'dp66',	6,	6532),
(40698,	'dp66',	7,	6532),
(41182,	'dp661',	1,	6532),
(41183,	'dp661',	2,	6532),
(41184,	'dp661',	3,	6532),
(41185,	'dp661',	4,	6532),
(41186,	'dp661',	5,	6532),
(41187,	'dp661',	6,	6532),
(41188,	'dp661',	7,	6532),
(41189,	'dp662',	1,	6532),
(41190,	'dp662',	2,	6532),
(41191,	'dp662',	3,	6532),
(41192,	'dp662',	4,	6532),
(41193,	'dp662',	5,	6532),
(41194,	'dp662',	6,	6532),
(41195,	'dp662',	7,	6532),
(41196,	'dp663',	1,	6534),
(41197,	'dp663',	2,	6534),
(41198,	'dp663',	3,	6534),
(41199,	'dp663',	4,	6534),
(41200,	'dp663',	5,	6534),
(41201,	'dp663',	6,	6534),
(41202,	'dp663',	7,	6534),
(41203,	'dp664',	1,	6532),
(41204,	'dp664',	2,	6532),
(41205,	'dp664',	3,	6532),
(41206,	'dp664',	4,	6532),
(41207,	'dp664',	5,	6532),
(41208,	'dp664',	6,	6532),
(41209,	'dp664',	7,	6532),
(40699,	'dp67',	1,	6532),
(40700,	'dp67',	2,	6532),
(40701,	'dp67',	3,	6532),
(40702,	'dp67',	4,	6532),
(40703,	'dp67',	5,	6532),
(40704,	'dp67',	6,	6532),
(40705,	'dp67',	7,	6532),
(41210,	'dp671',	1,	6538),
(41211,	'dp671',	2,	6538),
(41212,	'dp671',	3,	6538),
(41213,	'dp671',	4,	6538),
(41214,	'dp671',	5,	6538),
(41215,	'dp672',	1,	6532),
(41216,	'dp672',	2,	6532),
(41217,	'dp672',	3,	6532),
(41218,	'dp672',	4,	6532),
(41219,	'dp672',	5,	6532),
(41220,	'dp672',	6,	6532),
(41221,	'dp672',	7,	6532),
(41222,	'dp673',	1,	6536),
(41223,	'dp673',	2,	6536),
(41224,	'dp673',	3,	6536),
(41225,	'dp673',	4,	6536),
(41226,	'dp673',	5,	6536),
(41227,	'dp673',	6,	6536),
(41228,	'dp673',	7,	6536),
(41229,	'dp674',	1,	6532),
(41230,	'dp674',	2,	6532),
(41231,	'dp674',	3,	6532),
(41232,	'dp674',	4,	6532),
(41233,	'dp674',	5,	6532),
(41234,	'dp674',	6,	6532),
(41235,	'dp674',	7,	6532),
(41236,	'dp675',	1,	6532),
(41237,	'dp675',	2,	6532),
(41238,	'dp675',	3,	6532),
(41239,	'dp675',	4,	6532),
(41240,	'dp675',	5,	6532),
(41241,	'dp675',	6,	6532),
(41242,	'dp675',	7,	6532),
(41243,	'dp676',	1,	6535),
(41244,	'dp676',	2,	6535),
(41245,	'dp676',	3,	6535),
(41246,	'dp676',	4,	6535),
(41247,	'dp676',	5,	6535),
(41248,	'dp676',	6,	6535),
(41249,	'dp676',	7,	6535),
(40545,	'dp7',	1,	6532),
(40546,	'dp7',	2,	6532),
(40547,	'dp7',	3,	6532),
(40548,	'dp7',	4,	6532),
(40549,	'dp7',	5,	6532),
(40550,	'dp7',	6,	6532),
(40551,	'dp7',	7,	6532),
(40706,	'dp71',	1,	6532),
(40707,	'dp71',	2,	6532),
(40708,	'dp71',	3,	6532),
(40709,	'dp71',	4,	6532),
(40710,	'dp71',	5,	6532),
(40711,	'dp71',	6,	6532),
(40712,	'dp71',	7,	6532),
(40713,	'dp72',	1,	6532),
(40714,	'dp72',	2,	6532),
(40715,	'dp72',	3,	6532),
(40716,	'dp72',	4,	6532),
(40717,	'dp72',	5,	6532),
(40718,	'dp72',	6,	6532),
(40719,	'dp72',	7,	6532),
(40720,	'dp76',	1,	6532),
(40721,	'dp76',	2,	6532),
(40722,	'dp76',	3,	6532),
(40723,	'dp76',	4,	6532),
(40724,	'dp76',	5,	6532),
(40725,	'dp76',	6,	6532),
(40726,	'dp76',	7,	6532),
(40727,	'dp84',	1,	6532),
(40728,	'dp84',	2,	6532),
(40729,	'dp84',	3,	6532),
(40730,	'dp84',	4,	6532),
(40731,	'dp84',	5,	6532),
(40732,	'dp84',	6,	6532),
(40733,	'dp84',	7,	6532),
(40734,	'dp86',	1,	6532),
(40735,	'dp86',	2,	6532),
(40736,	'dp86',	3,	6532),
(40737,	'dp86',	4,	6532),
(40738,	'dp86',	5,	6532),
(40739,	'dp86',	6,	6532),
(40740,	'dp86',	7,	6532),
(40741,	'dp88',	1,	6532),
(40742,	'dp88',	2,	6532),
(40743,	'dp88',	3,	6532),
(40744,	'dp88',	4,	6532),
(40745,	'dp88',	5,	6532),
(40746,	'dp88',	6,	6532),
(40747,	'dp88',	7,	6532),
(41250,	'dp885',	1,	6532),
(41251,	'dp885',	2,	6532),
(41252,	'dp885',	3,	6532),
(41253,	'dp885',	4,	6532),
(41254,	'dp885',	5,	6532),
(41255,	'dp885',	6,	6532),
(41256,	'dp885',	7,	6532),
(40552,	'dp9',	1,	6532),
(40553,	'dp9',	2,	6532),
(40554,	'dp9',	3,	6532),
(40555,	'dp9',	4,	6532),
(40556,	'dp9',	5,	6532),
(40557,	'dp9',	6,	6532),
(40558,	'dp9',	7,	6532),
(40748,	'dp90',	1,	6532),
(40749,	'dp90',	2,	6532),
(40750,	'dp90',	3,	6532),
(40751,	'dp90',	4,	6532),
(40752,	'dp90',	5,	6532),
(40753,	'dp90',	6,	6532),
(40754,	'dp90',	7,	6532),
(40755,	'dp91',	1,	6532),
(40756,	'dp91',	2,	6532),
(40757,	'dp91',	3,	6532),
(40758,	'dp91',	4,	6532),
(40759,	'dp91',	5,	6532),
(40760,	'dp91',	6,	6532),
(40761,	'dp91',	7,	6532),
(40762,	'dp93',	1,	6532),
(40763,	'dp93',	2,	6532),
(40764,	'dp93',	3,	6532),
(40765,	'dp93',	4,	6532),
(40766,	'dp93',	5,	6532),
(40767,	'dp93',	6,	6532),
(40768,	'dp93',	7,	6532),
(42783,	'dp930',	1,	6536),
(42784,	'dp930',	2,	6536),
(42785,	'dp930',	3,	6536),
(42786,	'dp930',	4,	6536),
(42787,	'dp930',	5,	6536),
(42788,	'dp930',	6,	6536),
(42789,	'dp930',	7,	6536),
(42790,	'dp938',	1,	6536),
(42791,	'dp938',	2,	6536),
(42792,	'dp938',	3,	6536),
(42793,	'dp938',	4,	6536),
(42794,	'dp938',	5,	6536),
(42795,	'dp938',	6,	6536),
(42796,	'dp938',	7,	6536),
(40769,	'dp94',	1,	6532),
(40770,	'dp94',	2,	6532),
(40771,	'dp94',	3,	6532),
(40772,	'dp94',	4,	6532),
(40773,	'dp94',	5,	6532),
(40774,	'dp94',	6,	6532),
(40775,	'dp94',	7,	6532),
(40776,	'dp95',	1,	6532),
(40777,	'dp95',	2,	6532),
(40778,	'dp95',	3,	6532),
(40779,	'dp95',	4,	6532),
(40780,	'dp95',	5,	6532),
(40781,	'dp95',	6,	6532),
(40782,	'dp95',	7,	6532),
(41257,	'dp951',	1,	6532),
(41258,	'dp951',	2,	6532),
(41259,	'dp951',	3,	6532),
(41260,	'dp951',	4,	6532),
(41261,	'dp951',	5,	6532),
(41262,	'dp951',	6,	6532),
(41263,	'dp951',	7,	6532),
(41264,	'dp952',	1,	6532),
(41265,	'dp952',	2,	6532),
(41266,	'dp952',	3,	6532),
(41267,	'dp952',	4,	6532),
(41268,	'dp952',	5,	6532),
(41269,	'dp952',	6,	6532),
(41270,	'dp952',	7,	6532),
(41271,	'dp953',	1,	6532),
(41272,	'dp953',	2,	6532),
(41273,	'dp953',	3,	6532),
(41274,	'dp953',	4,	6532),
(41275,	'dp953',	5,	6532),
(41276,	'dp953',	6,	6532),
(41277,	'dp953',	7,	6532),
(41278,	'dp954',	1,	6532),
(41279,	'dp954',	2,	6532),
(41280,	'dp954',	3,	6532),
(41281,	'dp954',	4,	6532),
(41282,	'dp954',	5,	6532),
(41283,	'dp954',	6,	6532),
(41284,	'dp954',	7,	6532),
(41285,	'dp955',	1,	6532),
(41286,	'dp955',	2,	6532),
(41287,	'dp955',	3,	6532),
(41288,	'dp955',	4,	6532),
(41289,	'dp955',	5,	6532),
(41290,	'dp955',	6,	6532),
(41291,	'dp955',	7,	6532),
(41292,	'dp956',	1,	6532),
(41293,	'dp956',	2,	6532),
(41294,	'dp956',	3,	6532),
(41295,	'dp956',	4,	6532),
(41296,	'dp956',	5,	6532),
(41297,	'dp956',	6,	6532),
(41298,	'dp956',	7,	6532),
(41299,	'dp957',	1,	6532),
(41300,	'dp957',	2,	6532),
(41301,	'dp957',	3,	6532),
(41302,	'dp957',	4,	6532),
(41303,	'dp957',	5,	6532),
(41304,	'dp957',	6,	6532),
(41305,	'dp957',	7,	6532),
(41306,	'dp958',	1,	6532),
(41307,	'dp958',	2,	6532),
(41308,	'dp958',	3,	6532),
(41309,	'dp958',	4,	6532),
(41310,	'dp958',	5,	6532),
(41311,	'dp958',	6,	6532),
(41312,	'dp958',	7,	6532),
(41313,	'dp959',	1,	6532),
(41314,	'dp959',	2,	6532),
(41315,	'dp959',	3,	6532),
(41316,	'dp959',	4,	6532),
(41317,	'dp959',	5,	6532),
(41318,	'dp959',	6,	6532),
(41319,	'dp959',	7,	6532),
(41320,	'dp960',	1,	6532),
(41321,	'dp960',	2,	6532),
(41322,	'dp960',	3,	6532),
(41323,	'dp960',	4,	6532),
(41324,	'dp960',	5,	6532),
(41325,	'dp960',	6,	6532),
(41326,	'dp960',	7,	6532),
(41327,	'dp961',	1,	6532),
(41328,	'dp961',	2,	6532),
(41329,	'dp961',	3,	6532),
(41330,	'dp961',	4,	6532),
(41331,	'dp961',	5,	6532),
(41332,	'dp961',	6,	6532),
(41333,	'dp961',	7,	6532),
(41334,	'dp962',	1,	6532),
(41335,	'dp962',	2,	6532),
(41336,	'dp962',	3,	6532),
(41337,	'dp962',	4,	6532),
(41338,	'dp962',	5,	6532),
(41339,	'dp962',	6,	6532),
(41340,	'dp962',	7,	6532),
(40783,	'dp98',	1,	6532),
(40784,	'dp98',	2,	6532),
(40785,	'dp98',	3,	6532),
(40786,	'dp98',	4,	6532),
(40787,	'dp98',	5,	6532),
(40788,	'dp98',	6,	6532),
(40789,	'dp98',	7,	6532),
(40790,	'dp99',	1,	6532),
(40791,	'dp99',	2,	6532),
(40792,	'dp99',	3,	6532),
(40793,	'dp99',	4,	6532),
(40794,	'dp99',	5,	6532),
(40795,	'dp99',	6,	6532),
(40796,	'dp99',	7,	6532),
(43731,	'ro1',	1,	6821),
(43732,	'ro1',	2,	6821),
(43733,	'ro1',	3,	6821),
(43734,	'ro1',	4,	6821),
(43735,	'ro1',	5,	6821),
(43736,	'ro1',	6,	6821),
(43737,	'ro1',	7,	6821),
(43837,	'ro101',	1,	6836),
(43838,	'ro101',	1,	6837),
(43839,	'ro101',	2,	6836),
(43840,	'ro101',	2,	6837),
(43841,	'ro101',	3,	6836),
(43842,	'ro101',	3,	6837),
(43843,	'ro101',	4,	6836),
(43844,	'ro101',	4,	6837),
(43845,	'ro101',	5,	6836),
(43846,	'ro101',	5,	6837),
(43847,	'ro102',	1,	6836),
(43848,	'ro102',	1,	6837),
(43849,	'ro102',	2,	6836),
(43850,	'ro102',	2,	6837),
(43851,	'ro102',	3,	6836),
(43852,	'ro102',	3,	6837),
(43853,	'ro102',	4,	6836),
(43854,	'ro102',	4,	6837),
(43855,	'ro102',	5,	6836),
(43856,	'ro102',	5,	6837),
(43857,	'ro103',	1,	6836),
(43858,	'ro103',	1,	6837),
(43859,	'ro103',	2,	6836),
(43860,	'ro103',	2,	6837),
(43861,	'ro103',	3,	6836),
(43862,	'ro103',	3,	6837),
(43863,	'ro103',	4,	6836),
(43864,	'ro103',	4,	6837),
(43865,	'ro103',	5,	6836),
(43866,	'ro103',	5,	6837),
(43867,	'ro104',	1,	6836),
(43868,	'ro104',	1,	6837),
(43869,	'ro104',	2,	6836),
(43870,	'ro104',	2,	6837),
(43871,	'ro104',	3,	6836),
(43872,	'ro104',	3,	6837),
(43873,	'ro104',	4,	6836),
(43874,	'ro104',	4,	6837),
(43875,	'ro104',	5,	6836),
(43876,	'ro104',	5,	6837),
(43877,	'ro105',	1,	6836),
(43878,	'ro105',	1,	6837),
(43879,	'ro105',	2,	6836),
(43880,	'ro105',	2,	6837),
(43881,	'ro105',	3,	6836),
(43882,	'ro105',	3,	6837),
(43883,	'ro105',	4,	6836),
(43884,	'ro105',	4,	6837),
(43885,	'ro105',	5,	6836),
(43886,	'ro105',	5,	6837),
(43887,	'ro106',	1,	6836),
(43888,	'ro106',	1,	6837),
(43889,	'ro106',	2,	6836),
(43890,	'ro106',	2,	6837),
(43891,	'ro106',	3,	6836),
(43892,	'ro106',	3,	6837),
(43893,	'ro106',	4,	6836),
(43894,	'ro106',	4,	6837),
(43895,	'ro106',	5,	6836),
(43896,	'ro106',	5,	6837),
(43897,	'ro107',	1,	6836),
(43898,	'ro107',	1,	6837),
(43899,	'ro107',	2,	6836),
(43900,	'ro107',	2,	6837),
(43901,	'ro107',	3,	6836),
(43902,	'ro107',	3,	6837),
(43903,	'ro107',	4,	6836),
(43904,	'ro107',	4,	6837),
(43905,	'ro107',	5,	6836),
(43906,	'ro107',	5,	6837),
(43907,	'ro108',	1,	6836),
(43908,	'ro108',	1,	6837),
(43909,	'ro108',	2,	6836),
(43910,	'ro108',	2,	6837),
(43911,	'ro108',	3,	6836),
(43912,	'ro108',	3,	6837),
(43913,	'ro108',	4,	6836),
(43914,	'ro108',	4,	6837),
(43915,	'ro108',	5,	6836),
(43916,	'ro108',	5,	6837),
(43917,	'ro110',	1,	6836),
(43918,	'ro110',	1,	6837),
(43919,	'ro110',	2,	6836),
(43920,	'ro110',	2,	6837),
(43921,	'ro110',	3,	6836),
(43922,	'ro110',	3,	6837),
(43923,	'ro110',	4,	6836),
(43924,	'ro110',	4,	6837),
(43925,	'ro110',	5,	6836),
(43926,	'ro110',	5,	6837),
(43927,	'ro111',	1,	6836),
(43928,	'ro111',	1,	6837),
(43929,	'ro111',	2,	6836),
(43930,	'ro111',	2,	6837),
(43931,	'ro111',	3,	6836),
(43932,	'ro111',	3,	6837),
(43933,	'ro111',	4,	6836),
(43934,	'ro111',	4,	6837),
(43935,	'ro111',	5,	6836),
(43936,	'ro111',	5,	6837),
(43937,	'ro112',	1,	6836),
(43938,	'ro112',	1,	6837),
(43939,	'ro112',	2,	6836),
(43940,	'ro112',	2,	6837),
(43941,	'ro112',	3,	6836),
(43942,	'ro112',	3,	6837),
(43943,	'ro112',	4,	6836),
(43944,	'ro112',	4,	6837),
(43945,	'ro112',	5,	6836),
(43946,	'ro112',	5,	6837),
(43947,	'ro113',	1,	6836),
(43948,	'ro113',	1,	6837),
(43949,	'ro113',	2,	6836),
(43950,	'ro113',	2,	6837),
(43951,	'ro113',	3,	6836),
(43952,	'ro113',	3,	6837),
(43953,	'ro113',	4,	6836),
(43954,	'ro113',	4,	6837),
(43955,	'ro113',	5,	6836),
(43956,	'ro113',	5,	6837),
(43957,	'ro113',	6,	6838),
(43958,	'ro115',	1,	6836),
(43959,	'ro115',	1,	6837),
(43960,	'ro115',	2,	6836),
(43961,	'ro115',	2,	6837),
(43962,	'ro115',	3,	6836),
(43963,	'ro115',	3,	6837),
(43964,	'ro115',	4,	6836),
(43965,	'ro115',	4,	6837),
(43966,	'ro115',	5,	6836),
(43967,	'ro115',	5,	6837),
(43968,	'ro116',	1,	6836),
(43969,	'ro116',	1,	6837),
(43970,	'ro116',	2,	6836),
(43971,	'ro116',	2,	6837),
(43972,	'ro116',	3,	6836),
(43973,	'ro116',	3,	6837),
(43974,	'ro116',	4,	6836),
(43975,	'ro116',	4,	6837),
(43976,	'ro116',	5,	6836),
(43977,	'ro116',	5,	6837),
(43978,	'ro118',	1,	6836),
(43979,	'ro118',	1,	6837),
(43980,	'ro118',	2,	6836),
(43981,	'ro118',	2,	6837),
(43982,	'ro118',	3,	6836),
(43983,	'ro118',	3,	6837),
(43984,	'ro118',	4,	6836),
(43985,	'ro118',	4,	6837),
(43986,	'ro118',	5,	6836),
(43987,	'ro118',	5,	6837),
(43988,	'ro119',	1,	6836),
(43989,	'ro119',	1,	6837),
(43990,	'ro119',	2,	6836),
(43991,	'ro119',	2,	6837),
(43992,	'ro119',	3,	6836),
(43993,	'ro119',	3,	6837),
(43994,	'ro119',	4,	6836),
(43995,	'ro119',	4,	6837),
(43996,	'ro119',	5,	6836),
(43997,	'ro119',	5,	6837),
(43998,	'ro121',	1,	6836),
(43999,	'ro121',	1,	6837),
(44000,	'ro121',	2,	6836),
(44001,	'ro121',	2,	6837),
(44002,	'ro121',	3,	6836),
(44003,	'ro121',	3,	6837),
(44004,	'ro121',	4,	6836),
(44005,	'ro121',	4,	6837),
(44006,	'ro121',	5,	6836),
(44007,	'ro121',	5,	6837),
(44008,	'ro121',	6,	6838),
(44009,	'ro122',	1,	6836),
(44010,	'ro122',	1,	6837),
(44011,	'ro122',	2,	6836),
(44012,	'ro122',	2,	6837),
(44013,	'ro122',	3,	6836),
(44014,	'ro122',	3,	6837),
(44015,	'ro122',	4,	6836),
(44016,	'ro122',	4,	6837),
(44017,	'ro122',	5,	6836),
(44018,	'ro122',	5,	6837),
(44019,	'ro128',	1,	6836),
(44020,	'ro128',	1,	6837),
(44021,	'ro128',	2,	6836),
(44022,	'ro128',	2,	6837),
(44023,	'ro128',	3,	6836),
(44024,	'ro128',	3,	6837),
(44025,	'ro128',	4,	6836),
(44026,	'ro128',	4,	6837),
(44027,	'ro128',	5,	6836),
(44028,	'ro128',	5,	6837),
(44029,	'ro130',	1,	6836),
(44030,	'ro130',	1,	6837),
(44031,	'ro130',	2,	6836),
(44032,	'ro130',	2,	6837),
(44033,	'ro130',	3,	6836),
(44034,	'ro130',	3,	6837),
(44035,	'ro130',	4,	6836),
(44036,	'ro130',	4,	6837),
(44037,	'ro130',	5,	6836),
(44038,	'ro130',	5,	6837),
(44039,	'ro140',	1,	6836),
(44040,	'ro140',	1,	6837),
(44041,	'ro140',	2,	6836),
(44042,	'ro140',	2,	6837),
(44043,	'ro140',	3,	6836),
(44044,	'ro140',	3,	6837),
(44045,	'ro140',	4,	6836),
(44046,	'ro140',	4,	6837),
(44047,	'ro140',	5,	6836),
(44048,	'ro140',	5,	6837),
(44049,	'ro151',	1,	6836),
(44050,	'ro151',	1,	6837),
(44051,	'ro151',	2,	6836),
(44052,	'ro151',	2,	6837),
(44053,	'ro151',	3,	6836),
(44054,	'ro151',	3,	6837),
(44055,	'ro151',	4,	6836),
(44056,	'ro151',	4,	6837),
(44057,	'ro151',	5,	6836),
(44058,	'ro151',	5,	6837),
(44059,	'ro152',	1,	6836),
(44060,	'ro152',	1,	6837),
(44061,	'ro152',	2,	6836),
(44062,	'ro152',	2,	6837),
(44063,	'ro152',	3,	6836),
(44064,	'ro152',	3,	6837),
(44065,	'ro152',	4,	6836),
(44066,	'ro152',	4,	6837),
(44067,	'ro152',	5,	6836),
(44068,	'ro152',	5,	6837),
(44069,	'ro152',	6,	6838),
(44070,	'ro153',	1,	6836),
(44071,	'ro153',	1,	6837),
(44072,	'ro153',	2,	6836),
(44073,	'ro153',	2,	6837),
(44074,	'ro153',	3,	6836),
(44075,	'ro153',	3,	6837),
(44076,	'ro153',	4,	6836),
(44077,	'ro153',	4,	6837),
(44078,	'ro153',	5,	6836),
(44079,	'ro153',	5,	6837),
(44080,	'ro154',	1,	6836),
(44081,	'ro154',	1,	6837),
(44082,	'ro154',	2,	6836),
(44083,	'ro154',	2,	6837),
(44084,	'ro154',	3,	6836),
(44085,	'ro154',	3,	6837),
(44086,	'ro154',	4,	6836),
(44087,	'ro154',	4,	6837),
(44088,	'ro154',	5,	6836),
(44089,	'ro154',	5,	6837),
(44090,	'ro154',	6,	6838),
(44091,	'ro155',	1,	6836),
(44092,	'ro155',	1,	6837),
(44093,	'ro155',	2,	6836),
(44094,	'ro155',	2,	6837),
(44095,	'ro155',	3,	6836),
(44096,	'ro155',	3,	6837),
(44097,	'ro155',	4,	6836),
(44098,	'ro155',	4,	6837),
(44099,	'ro155',	5,	6836),
(44100,	'ro155',	5,	6837),
(44101,	'ro155',	6,	6838),
(44102,	'ro156',	1,	6836),
(44103,	'ro156',	1,	6837),
(44104,	'ro156',	2,	6836),
(44105,	'ro156',	2,	6837),
(44106,	'ro156',	3,	6836),
(44107,	'ro156',	3,	6837),
(44108,	'ro156',	4,	6836),
(44109,	'ro156',	4,	6837),
(44110,	'ro156',	5,	6836),
(44111,	'ro156',	5,	6837),
(44112,	'ro156',	6,	6838),
(44113,	'ro157',	1,	6836),
(44114,	'ro157',	1,	6837),
(44115,	'ro157',	2,	6836),
(44116,	'ro157',	2,	6837),
(44117,	'ro157',	3,	6836),
(44118,	'ro157',	3,	6837),
(44119,	'ro157',	4,	6836),
(44120,	'ro157',	4,	6837),
(44121,	'ro157',	5,	6836),
(44122,	'ro157',	5,	6837),
(44123,	'ro157',	6,	6838),
(43738,	'ro2',	1,	6822),
(43739,	'ro2',	2,	6822),
(43740,	'ro2',	3,	6822),
(43741,	'ro2',	4,	6822),
(43742,	'ro2',	5,	6822),
(43743,	'ro2',	6,	6821),
(43744,	'ro2',	7,	6821),
(44124,	'ro200',	1,	6839),
(44125,	'ro200',	1,	6840),
(44126,	'ro200',	2,	6839),
(44127,	'ro200',	2,	6840),
(44128,	'ro200',	3,	6839),
(44129,	'ro200',	3,	6840),
(44130,	'ro200',	4,	6839),
(44131,	'ro200',	4,	6840),
(44132,	'ro200',	5,	6839),
(44133,	'ro200',	5,	6840),
(44134,	'ro203',	1,	6841),
(44135,	'ro203',	2,	6841),
(44136,	'ro203',	3,	6841),
(44137,	'ro203',	4,	6841),
(44138,	'ro203',	5,	6841),
(44139,	'ro203',	6,	6562),
(44140,	'ro204',	1,	6842),
(44141,	'ro204',	2,	6842),
(44142,	'ro204',	3,	6842),
(44143,	'ro204',	4,	6842),
(44144,	'ro204',	5,	6842),
(44145,	'ro204',	6,	6562),
(44146,	'ro205',	1,	6842),
(44147,	'ro205',	2,	6842),
(44148,	'ro205',	3,	6842),
(44149,	'ro205',	4,	6842),
(44150,	'ro205',	5,	6842),
(44151,	'ro205',	6,	6562),
(44152,	'ro206',	1,	6788),
(44153,	'ro206',	1,	6843),
(44154,	'ro206',	2,	6788),
(44155,	'ro206',	3,	6788),
(44156,	'ro206',	3,	6844),
(44157,	'ro206',	4,	6788),
(44158,	'ro207',	1,	6835),
(44159,	'ro207',	2,	6538),
(44160,	'ro207',	3,	6835),
(44161,	'ro207',	4,	6538),
(44162,	'ro207',	5,	6835),
(44163,	'ro207',	6,	6845),
(44164,	'ro209',	1,	6846),
(44165,	'ro209',	2,	6847),
(44166,	'ro209',	3,	6847),
(44167,	'ro209',	4,	6847),
(44168,	'ro209',	5,	6847),
(44169,	'ro209',	6,	6788),
(44170,	'ro211',	1,	6848),
(44171,	'ro211',	2,	6848),
(44172,	'ro211',	3,	6848),
(44173,	'ro211',	4,	6848),
(44174,	'ro211',	5,	6848),
(44175,	'ro213',	1,	6562),
(44176,	'ro213',	1,	6849),
(44177,	'ro213',	2,	6562),
(44178,	'ro213',	2,	6850),
(44179,	'ro213',	3,	6562),
(44180,	'ro213',	3,	6828),
(44181,	'ro213',	4,	6562),
(44182,	'ro213',	4,	6849),
(44183,	'ro213',	5,	6562),
(44184,	'ro213',	5,	6851),
(43745,	'ro3',	1,	6822),
(43746,	'ro3',	2,	6822),
(43747,	'ro3',	3,	6822),
(43748,	'ro3',	4,	6822),
(43749,	'ro3',	5,	6822),
(43750,	'ro3',	6,	6821),
(43751,	'ro3',	7,	6821),
(43752,	'ro4',	1,	6823),
(43753,	'ro4',	2,	6823),
(43754,	'ro4',	3,	6823),
(43755,	'ro4',	4,	6823),
(43756,	'ro4',	5,	6823),
(43757,	'ro4',	6,	6824),
(43758,	'ro5',	1,	6821),
(43759,	'ro5',	2,	6821),
(43760,	'ro5',	3,	6821),
(43761,	'ro5',	4,	6821),
(43762,	'ro5',	5,	6821),
(43763,	'ro5',	6,	6821),
(43764,	'ro5',	7,	6821),
(43790,	'ro51',	1,	6826),
(43791,	'ro51',	1,	6827),
(43792,	'ro51',	2,	6826),
(43793,	'ro51',	2,	6827),
(43794,	'ro51',	3,	6826),
(43795,	'ro51',	3,	6827),
(43796,	'ro51',	4,	6826),
(43797,	'ro51',	4,	6827),
(43798,	'ro51',	5,	6826),
(43799,	'ro51',	5,	6827),
(43800,	'ro51',	6,	6826),
(43801,	'ro52',	1,	6562),
(43802,	'ro52',	1,	6828),
(43803,	'ro52',	2,	6562),
(43804,	'ro52',	2,	6828),
(43805,	'ro52',	3,	6562),
(43806,	'ro52',	3,	6828),
(43807,	'ro52',	4,	6562),
(43808,	'ro52',	4,	6828),
(43809,	'ro52',	5,	6562),
(43810,	'ro52',	5,	6828),
(43765,	'ro6',	1,	6821),
(43766,	'ro6',	2,	6821),
(43767,	'ro6',	3,	6821),
(43768,	'ro6',	4,	6821),
(43769,	'ro6',	5,	6821),
(43770,	'ro6',	6,	6821),
(43771,	'ro6',	7,	6821),
(43811,	'ro61',	1,	6829),
(43812,	'ro61',	1,	6830),
(43813,	'ro61',	2,	6829),
(43814,	'ro61',	2,	6830),
(43815,	'ro61',	3,	6829),
(43816,	'ro61',	3,	6830),
(43817,	'ro61',	4,	6829),
(43818,	'ro61',	4,	6830),
(43819,	'ro61',	5,	6829),
(43820,	'ro61',	5,	6830),
(43821,	'ro61',	6,	6562),
(43822,	'ro61',	6,	6831),
(43824,	'ro62',	1,	6828),
(43823,	'ro62',	1,	6832),
(43825,	'ro62',	2,	6832),
(43826,	'ro62',	2,	6833),
(43828,	'ro62',	3,	6828),
(43827,	'ro62',	3,	6832),
(43829,	'ro62',	4,	6832),
(43830,	'ro62',	4,	6833),
(43831,	'ro62',	5,	6834),
(43772,	'ro7',	1,	6825),
(43773,	'ro7',	2,	6825),
(43774,	'ro7',	3,	6825),
(43775,	'ro7',	4,	6825),
(43776,	'ro7',	5,	6538),
(43777,	'ro8',	1,	6821),
(43778,	'ro8',	2,	6821),
(43779,	'ro8',	3,	6821),
(43780,	'ro8',	4,	6821),
(43781,	'ro8',	5,	6821),
(43782,	'ro8',	6,	6821),
(43783,	'ro8',	7,	6821),
(43784,	'ro9',	1,	6823),
(43785,	'ro9',	2,	6823),
(43786,	'ro9',	3,	6823),
(43787,	'ro9',	4,	6823),
(43788,	'ro9',	5,	6823),
(43789,	'ro9',	6,	6824),
(43832,	'ro99',	1,	6835),
(43833,	'ro99',	2,	6538),
(43834,	'ro99',	3,	6835),
(43835,	'ro99',	4,	6538),
(43836,	'ro99',	5,	6538);

DROP TABLE IF EXISTS `pid_pay_methods`;
CREATE TABLE `pid_pay_methods` (
  `id` int(11) NOT NULL,
  `name` varchar(255) COLLATE utf8mb4_unicode_ci NOT NULL,
  UNIQUE KEY `pid_pay_methods_id_unique` (`id`),
  KEY `pid_pay_methods_id_index` (`id`)
) ENGINE=InnoDB DEFAULT CHARSET=utf8mb4 COLLATE=utf8mb4_unicode_ci;

INSERT INTO `pid_pay_methods` (`id`, `name`) VALUES
(1,	''),
(2,	''),
(3,	''),
(4,	''),
(5,	''),
(6,	''),
(7,	''),
(8,	''),
(9,	''),
(10,	''),
(11,	''),
(12,	''),
(13,	''),
(14,	''),
(15,	'');

DROP TABLE IF EXISTS `pid_sales`;
CREATE TABLE `pid_sales` (
  `id` varchar(255) COLLATE utf8mb4_unicode_ci NOT NULL,
  `pid_type_id` bigint(20) unsigned NOT NULL,
  `name` varchar(255) COLLATE utf8mb4_unicode_ci NOT NULL,
  `link` varchar(255) COLLATE utf8mb4_unicode_ci DEFAULT NULL,
  `remarks` varchar(255) COLLATE utf8mb4_unicode_ci DEFAULT NULL,
  `address` varchar(255) COLLATE utf8mb4_unicode_ci NOT NULL,
  `lat` double(10,6) NOT NULL,
  `lon` double(10,6) NOT NULL,
  `pid_service_id` bigint(20) NOT NULL,
  `pid_pay_method_id` int(11) NOT NULL,
  PRIMARY KEY (`id`),
  UNIQUE KEY `id` (`id`),
  KEY `type_id` (`pid_type_id`),
  KEY `pay_method_id` (`pid_pay_method_id`),
  KEY `pid_service_id` (`pid_service_id`),
  CONSTRAINT `pid_sales_ibfk_1` FOREIGN KEY (`pid_type_id`) REFERENCES `pid_types` (`id`) ON DELETE CASCADE ON UPDATE CASCADE,
  CONSTRAINT `pid_sales_ibfk_2` FOREIGN KEY (`pid_pay_method_id`) REFERENCES `pid_pay_methods` (`id`) ON DELETE NO ACTION ON UPDATE NO ACTION,
  CONSTRAINT `pid_sales_ibfk_3` FOREIGN KEY (`pid_service_id`) REFERENCES `pid_services` (`id`) ON DELETE NO ACTION ON UPDATE NO ACTION
) ENGINE=InnoDB DEFAULT CHARSET=utf8mb4 COLLATE=utf8mb4_unicode_ci;

INSERT INTO `pid_sales` (`id`, `pid_type_id`, `name`, `link`, `remarks`, `address`, `lat`, `lon`, `pid_service_id`, `pid_pay_method_id`) VALUES
('cd530147',	1,	'Vetaty',	'https://www.cd.cz/stanice/5453014',	NULL,	'',	50.282425,	14.584542,	10,	15),
('cd530188',	1,	'Mlnk',	'https://www.cd.cz/stanice/5453018',	NULL,	'',	50.352978,	14.492428,	10,	15),
('cd530469',	1,	'valy',	'https://www.cd.cz/stanice/5453046',	NULL,	'',	50.074710,	14.722916,	10,	15),
('cd530568',	1,	'Praha-Klnovice',	'https://www.cd.cz/stanice/5453056',	NULL,	'',	50.087128,	14.663818,	10,	15),
('cd530667',	1,	'esk Brod',	'https://www.cd.cz/stanice/5453066',	NULL,	'',	50.076668,	14.866304,	10,	15),
('cd530964',	1,	'Poany',	'https://www.cd.cz/stanice/5453096',	NULL,	'',	50.111153,	14.922384,	10,	15),
('cd531145',	1,	'Lys nad Labem',	'https://www.cd.cz/stanice/5453114',	NULL,	'',	50.195600,	14.842233,	10,	15),
('cd531160',	1,	'Peky',	'https://www.cd.cz/stanice/5453116',	NULL,	'',	50.089800,	15.027101,	10,	15),
('cd531343',	1,	'Kostomlaty nad Labem',	'https://www.cd.cz/stanice/5453134',	NULL,	'',	50.185970,	14.961676,	10,	15),
('cd531566',	1,	'Velim',	'https://www.cd.cz/stanice/5453156',	NULL,	'',	50.067610,	15.124669,	10,	15),
('cd531863',	1,	'Karltejn',	'https://www.cd.cz/stanice/5453186',	NULL,	'',	49.931950,	14.175332,	10,	15),
('cd532069',	1,	'Zadn Teba',	'https://www.cd.cz/stanice/5453206',	NULL,	'',	49.918804,	14.203210,	10,	15),
('cd532143',	1,	'Nymburk hlavn ndra',	'https://www.cd.cz/stanice/5453214',	NULL,	'',	50.193500,	15.045537,	11,	15),
('cd532168',	1,	'evnice',	'https://www.cd.cz/stanice/5453216',	NULL,	'',	49.916460,	14.238839,	10,	15),
('cd532267',	1,	'Dobichovice',	'https://www.cd.cz/stanice/5453226',	NULL,	'',	49.927450,	14.287925,	10,	15),
('cd532341',	1,	'Podbrady',	'https://www.cd.cz/stanice/5453234',	NULL,	'',	50.149303,	15.124256,	10,	15),
('cd532465',	1,	'ernoice-Mokropsy',	'https://www.cd.cz/stanice/5453246',	NULL,	'',	49.946200,	14.330513,	10,	15),
('cd532564',	1,	'Praha-Radotn',	'https://www.cd.cz/stanice/5453256',	NULL,	'',	49.985950,	14.364242,	10,	15),
('cd532663',	1,	'ernoice',	'https://www.cd.cz/stanice/5453266',	NULL,	'',	49.959810,	14.323516,	10,	15),
('cd533141',	1,	'Velk Osek',	'https://www.cd.cz/stanice/5453314',	NULL,	'',	50.101910,	15.193458,	10,	15),
('cd534149',	1,	'Koln',	'https://www.cd.cz/stanice/5453414',	NULL,	'',	50.025240,	15.214383,	11,	15),
('cd534248',	1,	'Koln zastvka',	'https://www.cd.cz/stanice/5453424',	NULL,	'',	50.030556,	15.195548,	10,	15),
('cd534743',	1,	'Tnec nad Labem',	'https://www.cd.cz/stanice/5453474',	NULL,	'',	50.037840,	15.359918,	10,	15),
('cd535161',	1,	'Kladno',	'https://www.cd.cz/stanice/5453516',	NULL,	'',	50.127827,	14.113872,	10,	15),
('cd535567',	1,	'Kladno msto',	'https://www.cd.cz/stanice/5453556',	NULL,	'',	50.142017,	14.083683,	10,	15),
('cd536565',	1,	'Hostivice',	'https://www.cd.cz/stanice/5453656',	NULL,	'',	50.084133,	14.258448,	10,	15),
('cd538066',	1,	'Slan',	'https://www.cd.cz/stanice/5453806',	NULL,	'',	50.228550,	14.075700,	10,	15),
('cd540146',	1,	'Kutn Hora hlavn ndra',	'https://www.cd.cz/stanice/5454014',	NULL,	'',	49.961720,	15.301146,	10,	15),
('cd540443',	1,	'slav',	'https://www.cd.cz/stanice/5454044',	NULL,	'',	49.915585,	15.394312,	11,	15),
('cd543512',	1,	'Mnichovo Hradit',	'https://www.cd.cz/stanice/5454351',	NULL,	'',	50.518337,	14.978161,	10,	15),
('cd543967',	1,	'Kralupy nad Vltavou',	'https://www.cd.cz/stanice/5454396',	NULL,	'',	50.238200,	14.313855,	10,	15),
('cd544148',	1,	'Milovice',	'https://www.cd.cz/stanice/5454414',	NULL,	'',	50.229202,	14.881689,	10,	15),
('cd544361',	1,	'Libice nad Vltavou',	'https://www.cd.cz/stanice/5454436',	NULL,	'',	50.199960,	14.364194,	10,	15),
('cd544510',	1,	'Mlad Boleslav hlavn ndra',	'https://www.cd.cz/stanice/5454451',	NULL,	'',	50.407340,	14.887203,	10,	15),
('cd544668',	1,	'Roztoky u Prahy',	'https://www.cd.cz/stanice/5454466',	NULL,	'',	50.159492,	14.398397,	10,	15),
('cd545145',	1,	'Sadsk',	'https://www.cd.cz/stanice/5454514',	NULL,	'',	50.131320,	14.986686,	10,	15),
('cd545665',	1,	'Velvary',	'https://www.cd.cz/stanice/5454566',	NULL,	'',	50.282220,	14.243290,	10,	15),
('cd546465',	1,	'Brands nad Labem',	'https://www.cd.cz/stanice/5454646',	NULL,	'',	50.183918,	14.653597,	10,	15),
('cd546861',	1,	'Neratovice',	'https://www.cd.cz/stanice/5454686',	NULL,	'',	50.262703,	14.517573,	10,	15),
('cd547760',	1,	'elkovice',	'https://www.cd.cz/stanice/5454776',	NULL,	'',	50.157850,	14.754366,	10,	15),
('cd548263',	1,	'Praha-Horn Poernice',	'https://www.cd.cz/stanice/5454826',	NULL,	'',	50.116303,	14.610770,	10,	15),
('cd549568',	1,	'Praha-Uhnves',	'https://www.cd.cz/stanice/5454956',	NULL,	'',	50.033787,	14.591290,	10,	15),
('cd549865',	1,	'any',	'https://www.cd.cz/stanice/5454986',	NULL,	'',	49.997180,	14.664269,	10,	3),
('cd550061',	1,	'Stranice',	'https://www.cd.cz/stanice/5455006',	NULL,	'',	49.949482,	14.677736,	10,	15),
('cd550160',	1,	'Mnichovice',	'https://www.cd.cz/stanice/5455016',	NULL,	'',	49.932583,	14.707152,	10,	15),
('cd550269',	1,	'Senohraby',	'https://www.cd.cz/stanice/5455026',	NULL,	'',	49.897050,	14.727526,	10,	15),
('cd550467',	1,	'erany',	'https://www.cd.cz/stanice/5455046',	NULL,	'',	49.851430,	14.701940,	10,	15),
('cd551069',	1,	'Beneov u Prahy',	'https://www.cd.cz/stanice/5455106',	NULL,	'',	49.781357,	14.681828,	11,	15),
('cd551366',	1,	'Olbramovice',	'https://www.cd.cz/stanice/5455136',	NULL,	'',	49.666748,	14.624047,	10,	15),
('cd551762',	1,	'Sedlany',	'https://www.cd.cz/stanice/5455176',	NULL,	'',	49.655870,	14.434334,	10,	15),
('cd553560',	1,	'Vlaim',	'https://www.cd.cz/stanice/5455356',	NULL,	'',	49.700474,	14.897585,	11,	15),
('cd555466',	1,	'Vran nad Vltavou',	'https://www.cd.cz/stanice/5455546',	NULL,	'',	49.938557,	14.381121,	10,	15),
('cd557868',	1,	'Tnec nad Szavou',	'https://www.cd.cz/stanice/5455786',	NULL,	'',	49.834103,	14.592860,	10,	15),
('cd559666',	1,	'Szava',	'https://www.cd.cz/stanice/5455966',	NULL,	'',	49.875180,	14.906240,	10,	15),
('cd559914',	1,	'Mlad Boleslav msto',	'https://www.cd.cz/stanice/5455991',	NULL,	'',	50.419290,	14.915691,	10,	15),
('cd561365',	1,	'Zru nad Szavou',	'https://www.cd.cz/stanice/5456136',	NULL,	'',	49.738457,	15.103987,	10,	15),
('cd563460',	1,	'Kutn Hora msto',	'https://www.cd.cz/stanice/5456346',	NULL,	'',	49.949883,	15.277333,	10,	15),
('cd570168',	1,	'Praha-Brank',	'https://www.cd.cz/stanice/5457016',	NULL,	'',	50.027874,	14.406891,	10,	15),
('cd570663',	1,	'Praha-Dejvice',	'https://www.cd.cz/stanice/5457066',	NULL,	'',	50.096874,	14.399503,	10,	15),
('cd570762',	1,	'Praha hlavn ndra',	'https://www.cd.cz/stanice/5457076',	NULL,	'',	50.082638,	14.435471,	10,	15),
('cd570960',	1,	'Praha-Hostiva',	'https://www.cd.cz/stanice/5457096',	NULL,	'',	50.055110,	14.535816,	10,	15),
('cd571760',	1,	'Praha-Libe',	'https://www.cd.cz/stanice/5457176',	NULL,	'',	50.100807,	14.501391,	10,	15),
('cd572263',	1,	'Praha-Smchov',	'https://www.cd.cz/stanice/5457226',	NULL,	'',	50.061110,	14.408044,	10,	15),
('cd572362',	1,	'Praha Masarykovo ndra',	'https://www.cd.cz/stanice/5457236',	NULL,	'',	50.087650,	14.434708,	10,	15),
('cd572560',	1,	'Praha-Holeovice',	'https://www.cd.cz/stanice/5457256',	NULL,	'',	50.110638,	14.439707,	10,	15),
('cd572669',	1,	'Praha-Veleslavn',	'https://www.cd.cz/stanice/5457266',	NULL,	'',	50.095078,	14.346415,	10,	15),
('cd572768',	1,	'Praha-Vrovice',	'https://www.cd.cz/stanice/5457276',	NULL,	'',	50.065018,	14.446503,	10,	15),
('cd572792',	1,	'Praha-Zahradn Msto',	'https://www.cd.cz/stanice/5457279',	NULL,	'',	50.062298,	14.503407,	10,	15),
('cd573162',	1,	'Praha-Vysoany',	'https://www.cd.cz/stanice/5457316',	NULL,	'',	50.112324,	14.497362,	10,	15),
('cd592063',	1,	'Praha Letit',	'https://www.cd.cz/stanice/5459206',	NULL,	'',	50.075996,	14.405083,	10,	15),
('cd730747',	1,	'Beroun',	'https://www.cd.cz/stanice/5473074',	NULL,	'',	49.956978,	14.075825,	11,	15),
('cd731042',	1,	'Zdice',	'https://www.cd.cz/stanice/5473104',	NULL,	'',	49.907837,	13.979734,	10,	15),
('cd731349',	1,	'Hoovice',	'https://www.cd.cz/stanice/5473134',	NULL,	'',	49.843388,	13.899317,	10,	15),
('cd760942',	1,	'Rakovnk',	'https://www.cd.cz/stanice/5476094',	NULL,	'',	50.099007,	13.736037,	11,	15),
('cd761643',	1,	'Jesenice',	'https://www.cd.cz/stanice/5476164',	NULL,	'',	50.093117,	13.471790,	10,	15),
('cd768846',	1,	'Jince',	'https://www.cd.cz/stanice/5476884',	NULL,	'',	49.782230,	13.987282,	10,	15),
('cd769042',	1,	'Pbram',	'https://www.cd.cz/stanice/5476904',	NULL,	'',	49.688930,	14.003267,	10,	15),
('cd769349',	1,	'Beznice',	'https://www.cd.cz/stanice/5476934',	NULL,	'',	49.558350,	13.964039,	10,	15),
('dp1',	2,	'Petn',	NULL,	NULL,	'Lanovka na Petn, Praha 1',	50.082027,	14.396535,	4,	5),
('dp100',	2,	'Bakovsk',	NULL,	NULL,	'Bakovsk, Kbely, Praha 9',	50.134808,	14.549102,	4,	1),
('dp1001',	2,	'Podolsk vodrna',	NULL,	NULL,	'Podolsk nbe 16, Podol, Praha 4',	50.059044,	14.419694,	4,	5),
('dp1003',	2,	'Libe D',	NULL,	NULL,	'eskomoravsk 24, Libe ndra, Praha 9',	50.101310,	14.501909,	4,	5),
('dp1004',	2,	'I. P. Pavlova',	NULL,	NULL,	'Blehradsk 87, Vinohrady, Praha 2',	50.075737,	14.432008,	4,	5),
('dp1005',	2,	'Bl Hora',	NULL,	NULL,	'Karlovarsk, Ruzyn, Praha 6',	50.075573,	14.322725,	4,	5),
('dp1006',	2,	'Ndra Podbaba',	NULL,	NULL,	'Jugoslvskch partyzn, Dejvice, Praha 6',	50.111187,	14.394013,	4,	5),
('dp1007',	2,	'Albertov',	NULL,	NULL,	'Na Slupi, Nov Msto, Praha 2',	50.067127,	14.421616,	4,	5),
('dp101',	2,	'Uhnves',	NULL,	NULL,	'Nov nmst 1257/8, Uhnves, Praha 22',	50.031452,	14.599881,	4,	1),
('dp102',	2,	'Kbely',	NULL,	NULL,	'Mladoboleslavsk 565, Kbely, Praha 9',	50.131016,	14.551804,	4,	1),
('dp1021',	2,	'Ndra Hostiva',	NULL,	NULL,	'Plukovnka Mrze, Hostiva, Praha 10',	50.053894,	14.536899,	4,	5),
('dp1033',	2,	'Pohoelec',	NULL,	NULL,	'Keplerova, Hradany, Praha 1',	50.087627,	14.388312,	4,	5),
('dp1034',	2,	'Drun',	NULL,	NULL,	'eskoslovenskho exilu, Modany, Praha 4',	50.012230,	14.417258,	4,	5),
('dp104',	2,	'Kostelec nad ernmi lesy, nm.',	NULL,	NULL,	'Nmst Smiickch, Kostelec nad ernmi lesy',	49.994194,	14.860265,	4,	1),
('dp1046',	2,	'Sdlit Petiny',	NULL,	NULL,	'Na Petinch 91, Petiny, Praha 6',	50.086903,	14.340444,	4,	5),
('dp1048',	2,	'epy Slnsk',	NULL,	NULL,	'Makovskho, epy, Praha 6',	50.064720,	14.308230,	4,	5),
('dp1049',	2,	'Malostransk nmst',	NULL,	NULL,	'Malostransk nmst, Mal Strana, Praha 1',	50.088077,	14.404284,	4,	5),
('dp1056',	2,	'Divok rka',	NULL,	NULL,	'Evropsk, Liboc, Praha 6',	50.091946,	14.499528,	4,	5),
('dp1057',	2,	'Spojovac',	NULL,	NULL,	'Spojovac, ikov, Praha 3',	50.091835,	14.498612,	4,	5),
('dp1064',	2,	'Ndra Brank',	NULL,	NULL,	'Pikovick, Brank, Praha 4',	50.028778,	14.406518,	4,	5),
('dp1065',	2,	'Dvorce',	NULL,	NULL,	'Podolsk nbe, Podol, Praha 4',	50.046970,	14.414103,	4,	5),
('dp1078',	2,	'Letensk nmst',	NULL,	NULL,	'Letensk nmst, Holeovice, Praha 7',	50.100048,	14.423267,	4,	5),
('dp1087',	2,	'Blatiny',	NULL,	NULL,	'Makovskho, epy, Praha 6',	50.065613,	14.303537,	4,	5),
('dp1089',	2,	'Strossmayerovo nmst',	NULL,	NULL,	'Milady Horkov 7, Holeovice, Praha 7',	50.098953,	14.432263,	4,	5),
('dp1090',	2,	'Slivenec',	NULL,	NULL,	'Ke Smchovu 22, Slivenec, Praha 5',	50.019200,	14.354398,	4,	5),
('dp1092',	2,	'Zemdlsk univerzita I (BUS)',	NULL,	NULL,	'Kamck, Suchdol, Praha 6',	50.132523,	14.377835,	4,	5),
('dp11',	2,	'Mnek pod Brdy',	NULL,	NULL,	'Nmst F.X.Svobody, Mnek pod Brdy',	49.866470,	14.261243,	4,	1),
('dp110',	2,	'Mlnk, autobusov stanovit',	NULL,	NULL,	'Autobusov ndra, Mlnk',	50.075645,	14.515497,	4,	1),
('dp1105',	2,	'Zoologick zahrada',	NULL,	NULL,	'U Trojskho zmku, Troja, Praha 7',	50.116417,	14.411441,	4,	5),
('dp1107',	2,	'Nebozzek',	NULL,	NULL,	'Lanovka na Petn, Praha 1',	50.082253,	14.399166,	4,	5),
('dp1108',	2,	'Obchodn centrum Srsk (Globus Zlin)',	NULL,	NULL,	'Srsk, Tebonice, Praha 5',	50.052776,	14.295853,	4,	5),
('dp1109',	2,	'Prask hrad',	NULL,	NULL,	'Jelen, Hradany, Praha 1',	50.093308,	14.397930,	4,	5),
('dp1115',	2,	'Vozovna Kobylisy',	NULL,	NULL,	'Klapkova, Kobylisy, Praha 8',	50.132790,	14.453628,	4,	5),
('dp1117',	2,	'Sdlit Prosek',	NULL,	NULL,	'Vysoansk, Prosek, Praha 9',	50.122093,	14.493994,	4,	5),
('dp1120',	2,	'Ortenovo nmst',	NULL,	NULL,	'Ortenovo nmst, Holeovice, Praha 7',	50.107887,	14.447213,	4,	5),
('dp1126',	2,	'Na Padestm',	NULL,	NULL,	'Prbn, Stranice, Praha 10',	50.064754,	14.504071,	4,	5),
('dp1130',	2,	'Vozovna Steovice',	NULL,	NULL,	'Patokova, Steovice, Praha 6',	50.093994,	14.390230,	4,	5),
('dp1137',	2,	'Zahradn Msto',	NULL,	NULL,	'vehlova, Zahradn Msto, Praha 10',	50.060818,	14.505777,	4,	5),
('dp1145',	2,	'Obchodn centrum Hostiva',	NULL,	NULL,	'vehlova, Zahradn Msto, Praha 10',	50.053460,	14.519462,	4,	5),
('dp1146',	2,	'Vto',	NULL,	NULL,	'Ranovo nbe, Nov Msto, Praha 2',	50.068016,	14.415095,	4,	5),
('dp1147',	2,	'Zbraslavsk nmst',	NULL,	NULL,	'Zbraslavsk nmst, Zbraslav, Praha 5',	49.976288,	14.393869,	4,	5),
('dp1148',	2,	'Klnovice D',	NULL,	NULL,	'Klnovice ndra, Praha 9',	50.087273,	14.663780,	4,	5),
('dp1149',	2,	'Horn Poernice D',	NULL,	NULL,	'Horn Poernice ndra, Praha 9',	50.116570,	14.612858,	4,	5),
('dp1155',	2,	'999 skl Klobounick',	NULL,	NULL,	'Klobounick, Nusle, Praha 4',	50.060276,	14.449857,	4,	5),
('dp1156',	2,	'Marjnka',	NULL,	NULL,	'Blohorsk 33, Bevnov, Praha 6',	50.084373,	14.375481,	4,	5),
('dp1157',	2,	'Kotlka',	NULL,	NULL,	'Plzesk, Koe, Praha 5',	50.069706,	14.362112,	4,	5),
('dp116',	2,	'Roztoky D',	NULL,	NULL,	'ndra, Roztoky u Prahy',	50.159656,	14.398047,	4,	1),
('dp1167',	2,	'Michelsk doas. MP',	NULL,	NULL,	'U Plynrny 11, Michle, Praha 4',	50.055140,	14.453792,	4,	5),
('dp1169',	2,	'Balabenka',	NULL,	NULL,	'Nmst Na Balabence, Libe, Praha 9',	50.105020,	14.483280,	4,	5),
('dp1170',	2,	'Myslkova',	NULL,	NULL,	'Myslkova 27, Nov Msto, Praha 1',	50.078106,	14.418434,	4,	5),
('dp1176',	2,	'Ohrada',	NULL,	NULL,	'Konvova 114, ikov, Praha 3',	50.090218,	14.468319,	4,	5),
('dp1177',	2,	'Kavalrka',	NULL,	NULL,	'Plzesk 189, Koe, Praha 5',	50.069900,	14.370263,	4,	5),
('dp1179',	2,	'akovice',	NULL,	NULL,	'Vojkova, akovice, Praha 9',	50.151310,	14.531022,	4,	5),
('dp118',	2,	'Hostivice D',	NULL,	NULL,	'ndra, Hostivice - Praha zpad',	50.083820,	14.258309,	4,	1),
('dp1188',	2,	'Kajetnka',	NULL,	NULL,	'Patokova 51, Bevnov, Praha 6',	50.086456,	14.372154,	4,	5),
('dp119',	2,	'999 skl Hotel Don Giovanni',	NULL,	NULL,	'elivskho, Praha 3',	50.078500,	14.476048,	4,	1),
('dp1195',	2,	'Olansk nmst',	NULL,	NULL,	'Tboritsk 24, ikov, Praha 3',	50.082270,	14.457689,	4,	5),
('dp1197',	2,	'Klamovka',	NULL,	NULL,	'Plzesk 129b, Koe, Praha 5',	50.070465,	14.379044,	4,	5),
('dp1198',	2,	'U Matje',	NULL,	NULL,	'reck, Dejvice, Praha 6',	50.112213,	14.379811,	4,	5),
('dp1206',	2,	'Sdlit Lhotka',	NULL,	NULL,	'Lhoteck, Kamk, Praha 4',	50.016980,	14.432980,	4,	5),
('dp1207',	2,	'evnice D',	NULL,	NULL,	'ndra, evnice',	49.916490,	14.238824,	4,	5),
('dp1208',	2,	'Jlovsk',	NULL,	NULL,	'Novodvorsk, Lhotka, Praha 4',	50.026634,	14.429847,	4,	5),
('dp1209',	2,	'Nmst Brat Synk',	NULL,	NULL,	'Nmst Brat Synk, Nusle, Praha 4',	50.064500,	14.440793,	4,	5),
('dp1210',	2,	'999 skl doas.Pavelkova',	NULL,	NULL,	'eskoslovenskho exilu, Modany, Praha 4',	50.000046,	14.426854,	4,	5),
('dp1216',	2,	'Bulovka',	NULL,	NULL,	'Budnova 2, Libe, Praha 8',	50.115658,	14.464706,	4,	5),
('dp1217',	2,	'vandovo divadlo',	NULL,	NULL,	'tefnikova, Smchov, Praha 5',	50.078445,	14.404368,	4,	5),
('dp1218',	2,	'doas.MP U Zvonu',	NULL,	NULL,	'Plzesk, Koe, Praha 5',	50.071520,	14.386809,	4,	5),
('dp1219',	2,	'Nemocnice Kr',	NULL,	NULL,	'Vdesk, Kr, Praha 4',	50.030804,	14.455188,	4,	5),
('dp1229',	2,	'Divadlo Gong',	NULL,	NULL,	'Sokolovsk, Libe, Praha 9',	50.106853,	14.488714,	4,	5),
('dp1230',	2,	'Poliklinika Vysoany',	NULL,	NULL,	'Sokolovsk, Vysoany, Praha 9',	50.109070,	14.495082,	4,	5),
('dp125',	2,	'Chodovsk',	NULL,	NULL,	'U Plynrny, Michle, Praha 10',	50.056942,	14.468603,	4,	1),
('dp127',	2,	'ernoice D',	NULL,	NULL,	'Radotnsk, ernoice - Praha zpad',	49.959034,	14.323244,	4,	1),
('dp128',	2,	'valy D',	NULL,	NULL,	'ndra, valy - Praha vchod',	50.074710,	14.722751,	4,	1),
('dp129',	2,	'Gercenova',	NULL,	NULL,	'Plukovnka Mrze, Hostiva, Praha 10',	50.050346,	14.543693,	4,	5),
('dp1291',	2,	'Habrov',	NULL,	NULL,	'Habrov, ikov, Praha 3',	50.087826,	14.490652,	4,	5),
('dp1292',	2,	'Lipansk',	NULL,	NULL,	'Seifertova 46, ikov, Praha 3',	50.084080,	14.452665,	4,	5),
('dp1293',	2,	'Viktoria ikov (Husineck)',	NULL,	NULL,	'Seifertova 47, ikov, Praha 3',	50.085075,	14.445112,	4,	5),
('dp1295',	2,	'Malvazinky',	NULL,	NULL,	'Peroutkova, Smchov, Praha 5',	50.064976,	14.388609,	4,	5),
('dp1296',	2,	'Plaansk',	NULL,	NULL,	'Poernick, Maleice, Praha 10',	50.081760,	14.498951,	4,	5),
('dp1297',	2,	'Bohemians',	NULL,	NULL,	'Vrovick 44, Vrovice, Praha 10',	50.066338,	14.456233,	4,	5),
('dp1298',	2,	'Lehovec',	NULL,	NULL,	'Podbradsk, Hloubtn, Praha 9',	50.106850,	14.547154,	4,	5),
('dp1335',	2,	'jezd',	NULL,	NULL,	'na sloupu, Lanovka na Petn, Praha 1',	50.082714,	14.403904,	4,	5),
('dp1336',	2,	'Ratiboick',	NULL,	NULL,	'Jvansk, Horn Poernice, Praha 9',	50.111576,	14.614498,	4,	5),
('dp1337',	2,	'jezd',	NULL,	NULL,	'na zdi, Lanovka na Petn, Praha 1',	50.082714,	14.403904,	4,	5),
('dp1343',	2,	'Sdlit Bohnice',	NULL,	NULL,	'Zhoeleck, Bohnice, Praha 8',	50.131466,	14.411648,	4,	5),
('dp1344',	2,	'Odra',	NULL,	NULL,	'Lodsk, Bohnice, Praha 8',	50.130726,	14.423743,	4,	5),
('dp1345',	2,	'Koleje Strahov',	NULL,	NULL,	'Vankova, Bevnov, Praha 6',	50.080770,	14.390160,	4,	5),
('dp1346',	2,	'Vojensk nemocnice',	NULL,	NULL,	'Na Petinch, Bevnov, Praha 6',	50.091656,	14.360214,	4,	5),
('dp1347',	2,	'erven Vrch',	NULL,	NULL,	'Evropsk 109, Vokovice, Praha 6',	50.096540,	14.351730,	4,	5),
('dp1348',	2,	'Sdlit erven Vrch',	NULL,	NULL,	'Evropsk, Vokovice, Praha 6',	50.097870,	14.359405,	4,	5),
('dp1354',	2,	'Krakov',	NULL,	NULL,	'Lodsk, Bohnice, Praha 8',	50.127956,	14.417324,	4,	5),
('dp1355',	2,	'Poliklinika Mazursk',	NULL,	NULL,	'Mazursk, Bohnice, Praha 8',	50.127148,	14.413983,	4,	5),
('dp1356',	2,	'imice',	NULL,	NULL,	'imick, imice, Praha 8',	50.140965,	14.430447,	4,	5),
('dp1357',	2,	'Sdlit imice',	NULL,	NULL,	'imick, imice, Praha 8',	50.144180,	14.432088,	4,	5),
('dp1358',	2,	'epnsk',	NULL,	NULL,	'imick, imice, Praha 8',	50.133550,	14.430251,	4,	5),
('dp1359',	2,	'Podhajsk pole',	NULL,	NULL,	'imick, Bohnice, Praha 8',	50.129574,	14.430736,	4,	5),
('dp1366',	2,	'Mstsk archiv',	NULL,	NULL,	'Blaimsk, Chodov, Praha 4',	50.041153,	14.495585,	4,	5),
('dp1367',	2,	'Vozovna ikov',	NULL,	NULL,	'Konvova, ikov, Praha 3',	50.091724,	14.475766,	4,	5),
('dp1369',	2,	'Sdlit blice',	NULL,	NULL,	'blick, blice, Praha 8',	50.132652,	14.478910,	4,	5),
('dp138',	2,	'esk Brod D',	NULL,	NULL,	'ndra, esk Brod',	50.076428,	14.865757,	4,	1),
('dp139',	2,	'Hostivice',	NULL,	NULL,	'eskoslov.armdy 17, Hostivice - Praha zpad',	50.081245,	14.255687,	4,	1),
('dp1404',	2,	'Hluikova',	NULL,	NULL,	'Plzesk 265, epy, Praha 5',	50.063732,	14.316146,	4,	5),
('dp1407',	2,	'Sdlit Maleice',	NULL,	NULL,	'Poernick, Maleice, Praha 10',	50.083180,	14.508321,	4,	5),
('dp1408',	2,	'Hlavn',	NULL,	NULL,	'Hlavn, Spoilov, Praha 4',	50.047130,	14.486563,	4,	5),
('dp1409',	2,	'Obchodn nmst',	NULL,	NULL,	'Obchodn nmst, Modany, Praha 4',	50.005024,	14.404642,	4,	5),
('dp1410',	2,	'Otakarova',	NULL,	NULL,	'Otakarova, Nusle, Praha 4',	50.065594,	14.439973,	4,	5),
('dp1434',	2,	'Strnice D',	NULL,	NULL,	'ndra, Strnice',	49.949547,	14.677678,	4,	5),
('dp1445',	2,	'Halenkovsk',	NULL,	NULL,	'Hrozenkovsk, Zlin, Praha 5',	50.063244,	14.286786,	4,	5),
('dp1453',	2,	'Palackho nmst',	NULL,	NULL,	'Palackho nmst, Nov Msto, Praha 2',	50.073353,	14.414856,	4,	5),
('dp1464',	2,	'Mor',	NULL,	NULL,	'Karlovo nmst, Nov Msto, Praha 2',	50.074160,	14.418722,	4,	5),
('dp15',	2,	'Tehoviky',	NULL,	NULL,	'Mrov, Kolovraty, Praha 10',	50.012375,	14.624144,	4,	1),
('dp150',	2,	'Orionka',	NULL,	NULL,	'Korunn 110, Vinohrady, Praha 10',	50.075466,	14.459974,	4,	5),
('dp1504',	2,	'Masarykovo ndra',	NULL,	NULL,	'Havlkova, Nov Msto, Praha 1',	50.087814,	14.432476,	4,	5),
('dp159',	2,	'elkovice D',	NULL,	NULL,	'ndra, elkovice',	50.157980,	14.753953,	4,	5),
('dp160',	2,	'Muzeum',	NULL,	NULL,	'nstupit vtah A, Stanice metra, Praha 1',	50.079544,	14.430067,	4,	5),
('dp166',	2,	'Strnice D II',	NULL,	NULL,	'ndra, Strnice',	49.949547,	14.677678,	4,	1),
('dp1839',	2,	'Hlavn ndra',	NULL,	NULL,	'Bolzanova, Nov Msto, Praha 1',	50.085865,	14.435593,	4,	5),
('dp189',	2,	'Hotel Fortuna West',	NULL,	NULL,	'Mrkvikova 2, epy, Praha 6',	50.065630,	14.318829,	4,	1),
('dp196',	2,	'Na Vart',	NULL,	NULL,	'Milnsk 311, Horn Mcholupy, Praha 10',	50.045570,	14.557843,	4,	1),
('dp198',	2,	'Kladno autobusov ndra',	NULL,	NULL,	'Dukelskch hrdin, Kladno',	50.146446,	14.105651,	4,	1),
('dp199',	2,	'Kladno D',	NULL,	NULL,	'ndra, Kladno',	50.128113,	14.113526,	4,	1),
('dp2011',	2,	'Letit VH Praha, Terminl 2',	NULL,	NULL,	'Hala, Ruzyn, Praha 6',	50.105297,	14.267378,	4,	13),
('dp2013',	2,	'Letit VH Praha, Terminl 2',	NULL,	NULL,	'Zastvka austobus do centra, Ruzyn, Praha 6',	50.105280,	14.267472,	4,	13),
('dp2017',	2,	'Letit VH Praha, Terminl 1',	NULL,	NULL,	'Zastvka austobus do centra, Ruzyn, Praha 6',	50.107400,	14.268247,	4,	13),
('dp2019',	2,	'Letit VH Praha, Terminl 1',	NULL,	NULL,	'Zastvka austobus do centra, Ruzyn, Praha 6',	50.107742,	14.268603,	4,	13),
('dp2020',	2,	'Quinn Hotels Praha (Hilton)',	NULL,	NULL,	'Poben 311/1, Karln, Praha 8',	50.093006,	14.439573,	4,	13),
('dp2049',	2,	'Andl tramvaj',	NULL,	NULL,	'Ndran, Smchov, Praha 5',	50.071495,	14.404213,	4,	13),
('dp2111',	2,	'Dejvick',	NULL,	NULL,	'vestibul Evropsk, Stanice metra, Praha 6',	50.100292,	14.391874,	4,	13),
('dp2121',	2,	'Dejvick',	NULL,	NULL,	'vestibul Vtzn nmst, Stanice metra, Praha 6',	50.100480,	14.393745,	4,	13),
('dp2131',	2,	'Hradansk',	NULL,	NULL,	'Stanice metra, Praha 6',	50.097233,	14.404811,	4,	13),
('dp2140',	2,	'Malostransk',	NULL,	NULL,	'Stanice metra, Praha 1',	50.091057,	14.409407,	4,	13),
('dp2150',	2,	'Mstek',	NULL,	NULL,	'vtah, Stanice metra, Praha 1',	50.083706,	14.423944,	4,	13),
('dp2151',	2,	'Staromstsk',	NULL,	NULL,	'Stanice metra, Praha 1',	50.088530,	14.416075,	4,	13),
('dp2161',	2,	'Mstek A (historick)',	NULL,	NULL,	'vestibul Mstek, Stanice metra, Praha 1',	50.084160,	14.423452,	4,	13),
('dp2163',	2,	'Mstek',	NULL,	NULL,	'vestibul Mstek, Stanice metra, Praha 1',	50.084160,	14.423452,	4,	13),
('dp2171',	2,	'Mstek',	NULL,	NULL,	'vestibul Vclavsk nmst, Stanice metra, Praha 1',	50.082080,	14.426462,	4,	13),
('dp2175',	2,	'Vclavsk nmst',	NULL,	NULL,	'Vodikova 41, Nov Msto, Praha 1',	50.082190,	14.425870,	4,	13),
('dp2180',	2,	'Prbn',	NULL,	NULL,	'V Olinch, Stranice, Praha 10',	50.071470,	14.486315,	4,	13),
('dp2181',	2,	'Muzeum',	NULL,	NULL,	'vstup C, Stanice metra, Praha 1',	50.079544,	14.430067,	4,	13),
('dp2185',	2,	'Muzeum',	NULL,	NULL,	'vstup A, Stanice metra, Praha 1',	50.079544,	14.430067,	4,	13),
('dp2187',	2,	'Muzeum',	NULL,	NULL,	'nstupit vtah C, Stanice metra, Praha 1',	50.079544,	14.430067,	4,	13),
('dp2191',	2,	'Nmst Mru',	NULL,	NULL,	'Stanice metra, Praha 2',	50.075108,	14.437388,	4,	13),
('dp22',	2,	'Satalice',	NULL,	NULL,	'K Radonicm, Satalice, Praha 9',	50.125680,	14.572067,	4,	1),
('dp2201',	2,	'999 skl Jiho z Podbrad',	NULL,	NULL,	'Stanice metra, Praha 3',	50.077430,	14.449168,	4,	13),
('dp2211',	2,	'Flora',	NULL,	NULL,	'Stanice metra, Praha 3',	50.078022,	14.461228,	4,	13),
('dp2221',	2,	'elivskho',	NULL,	NULL,	'Stanice metra, Praha 3',	50.078594,	14.473755,	4,	13),
('dp2231',	2,	'Stranick',	NULL,	NULL,	'Stanice metra, Praha 10',	50.072680,	14.491187,	4,	13),
('dp2241',	2,	'Skalka',	NULL,	NULL,	'Stanice metra, Praha 10',	50.068027,	14.508118,	4,	13),
('dp2251',	2,	'Depo Hostiva',	NULL,	NULL,	'Stanice metra, Praha 10',	50.075645,	14.515497,	4,	13),
('dp23',	2,	'Hotel Kvtnice',	NULL,	NULL,	'Na Kvtnici, Nusle (recepce hotelu), Praha 4',	50.060192,	14.439298,	4,	1),
('dp2301',	2,	'Letit VH Praha, Terminl 3',	NULL,	NULL,	'Hala, Ruzyn, Praha 6',	50.107742,	14.267625,	4,	13),
('dp2302',	2,	'Letit VH Praha, Terminl 1',	NULL,	NULL,	'Vchod D, Ruzyn, Praha 6',	50.107826,	14.268222,	4,	13),
('dp2303',	2,	'Letit VH Praha, Terminl 1',	NULL,	NULL,	'Vchod E, Ruzyn, Praha 6',	50.107647,	14.268034,	4,	13),
('dp2321',	2,	'Zlin',	NULL,	NULL,	'Stanice metra, Praha 5',	50.053783,	14.290592,	4,	13),
('dp2325',	2,	'Stodlky zpad',	NULL,	NULL,	'Stanice metra, Praha 5',	50.046810,	14.307987,	4,	13),
('dp2331',	2,	'Stodlky vchod',	NULL,	NULL,	'Stanice metra, Praha 5',	50.046810,	14.307987,	4,	13),
('dp2341',	2,	'Luka',	NULL,	NULL,	'Stanice metra, Praha 5',	50.045303,	14.322294,	4,	13),
('dp2351',	2,	'Luiny',	NULL,	NULL,	'Stanice metra, Praha 5',	50.044594,	14.331399,	4,	13),
('dp2361',	2,	'Hrka',	NULL,	NULL,	'Stanice metra, Praha 5',	50.049980,	14.341865,	4,	13),
('dp2371',	2,	'Nov Butovice',	NULL,	NULL,	'zpadn vestibul, Stanice metra, Praha 5',	50.050850,	14.353205,	4,	13),
('dp2381',	2,	'Nov Butovice',	NULL,	NULL,	'vchodn vestibul, Stanice metra, Praha 5',	50.050850,	14.353205,	4,	13),
('dp2391',	2,	'Jinonice',	NULL,	NULL,	'Stanice metra, Praha 5',	50.054577,	14.370914,	4,	13),
('dp2401',	2,	'Radlick',	NULL,	NULL,	'Stanice metra, Praha 5',	50.058094,	14.389086,	4,	13),
('dp2411',	2,	'Smchovsk ndra',	NULL,	NULL,	'Stanice metra, Praha 5',	50.060635,	14.408761,	4,	13),
('dp2421',	2,	'Smchovsk ndra',	NULL,	NULL,	'Stanice metra, Praha 5',	50.061176,	14.408729,	4,	13),
('dp2431',	2,	'Andl Na Knec',	NULL,	NULL,	'vestibul Na Knec, Stanice metra, Praha 5',	50.071490,	14.403987,	4,	13),
('dp2441',	2,	'Andl',	NULL,	NULL,	'vestibul U Andla, Stanice metra, Praha 5',	50.071490,	14.403987,	4,	13),
('dp2448',	2,	'Andl',	NULL,	NULL,	'vtah, Stanice metra, Praha 5',	50.070293,	14.403622,	4,	13),
('dp2451',	2,	'Karlovo nmst',	NULL,	NULL,	'vestibul Palackho nmst, Stanice metra, Praha 2',	50.073440,	14.415206,	4,	13),
('dp2453',	2,	'Karlovo nmst vtah',	NULL,	NULL,	'vtah, Stanice metra, Praha 2',	50.073440,	14.415206,	4,	13),
('dp2461',	2,	'Karlovo nmst',	NULL,	NULL,	'vestibul Karlovo nmst, Stanice metra, Praha 2',	50.075560,	14.418587,	4,	13),
('dp2471',	2,	'Nrodn tda',	NULL,	NULL,	'stanice metra, Praha 1',	50.081220,	14.419974,	4,	13),
('dp2481',	2,	'Mstek',	NULL,	NULL,	'Stanice metra, Praha 1',	50.083076,	14.422160,	4,	13),
('dp2491',	2,	'Nmst Republiky',	NULL,	NULL,	'Kotva, Stanice metra, Praha 1',	50.088585,	14.428513,	4,	13),
('dp25',	2,	'Zentiva',	NULL,	NULL,	'U Kabelovny, Doln Mcholupy (objekt Zentivy), Praha 10',	50.060978,	14.545368,	4,	1),
('dp2501',	2,	'Nmst Republiky Sted',	NULL,	NULL,	'Sted, Stanice metra, Praha 1',	50.088585,	14.428513,	4,	13),
('dp2531',	2,	'Kikova',	NULL,	NULL,	'Stanice metra, Praha 8',	50.093690,	14.451597,	4,	13),
('dp2541',	2,	'Invalidovna',	NULL,	NULL,	'Stanice metra, Praha 8',	50.097317,	14.464357,	4,	13),
('dp2551',	2,	'Palmovka',	NULL,	NULL,	'vestibul Palmovka, Stanice metra, Praha 8',	50.103780,	14.473456,	4,	13),
('dp2561',	2,	'Palmovka',	NULL,	NULL,	'vestibul Na ertvch, Stanice metra, Praha 8',	50.103780,	14.473456,	4,	13),
('dp2571',	2,	'eskomoravsk',	NULL,	NULL,	'vestibul Arna, Stanice metra, Praha 9',	50.106514,	14.492875,	4,	13),
('dp2574',	2,	'eskomoravsk',	NULL,	NULL,	'vestibul Drahobejlova, Stanice metra, Praha 9',	50.106514,	14.492875,	4,	13),
('dp2581',	2,	'Vysoansk',	NULL,	NULL,	'vestibul Ndra Vysoany, Stanice metra, Praha 9',	50.109947,	14.499252,	4,	13),
('dp2591',	2,	'Vysoansk',	NULL,	NULL,	'vestibul Vysoansk, Stanice metra, Praha 9',	50.110390,	14.501819,	4,	13),
('dp2601',	2,	'Kolbenova',	NULL,	NULL,	'Stanice metra, Praha 9',	50.110466,	14.515191,	4,	13),
('dp261',	2,	'Peky D',	NULL,	NULL,	'ndra, Peky',	50.089893,	15.027592,	4,	1),
('dp2611',	2,	'Hloubtn',	NULL,	NULL,	'Stanice metra, Praha 9',	50.106426,	14.537627,	4,	13),
('dp262',	2,	'Libice D',	NULL,	NULL,	'ndra, Libice',	50.199910,	14.363845,	4,	1),
('dp2621',	2,	'Rajsk zahrada',	NULL,	NULL,	'Stanice metra, Praha 9',	50.106747,	14.559772,	4,	13),
('dp263',	2,	'Kralupy nad Vltavou D',	NULL,	NULL,	'ndra, Kralupy nad Vltavou',	50.238920,	14.313562,	4,	1),
('dp2631',	2,	'ern Most',	NULL,	NULL,	'Stanice metra, Praha 9',	50.109140,	14.577057,	4,	13),
('dp2633',	2,	'ern Most',	NULL,	NULL,	'Stanice metra, Praha 9',	50.109170,	14.577499,	4,	13),
('dp2637',	2,	'ern Most BUS',	NULL,	NULL,	'Stanice metra, Praha 9',	50.108776,	14.576956,	4,	13),
('dp264',	2,	'Dobichovice D',	NULL,	NULL,	'ndra, Dobichovice',	49.927296,	14.287902,	4,	1),
('dp2641',	2,	'Boislavka',	NULL,	NULL,	'Stanice metra, Praha 6',	50.098595,	14.364633,	4,	13),
('dp2642',	2,	'Boislavka',	NULL,	NULL,	'Stanice metra, Praha 6',	50.098335,	14.362152,	4,	13),
('dp265',	2,	'evnice D',	NULL,	NULL,	'ndra, evnice',	49.916270,	14.238855,	4,	1),
('dp2651',	2,	'Ndra Veleslavn',	NULL,	NULL,	'Stanice metra, Praha 6',	50.095580,	14.346780,	4,	13),
('dp266',	2,	'Zadn Teb D',	NULL,	NULL,	'ndra, Zadn Teb',	49.918568,	14.203163,	4,	1),
('dp2661',	2,	'Petiny',	NULL,	NULL,	'Stanice metra, Praha 6',	50.086704,	14.345168,	4,	13),
('dp2663',	2,	'Petiny',	NULL,	NULL,	'Stanice metra, Praha 6',	50.087917,	14.344503,	4,	13),
('dp267',	2,	'Karltejn D',	NULL,	NULL,	'ndra, Karltejn',	49.932170,	14.175877,	4,	1),
('dp2671',	2,	'Nemocnice Motol',	NULL,	NULL,	'Stanice metra, Praha 5',	50.075176,	14.340795,	4,	13),
('dp2679',	2,	'Stkov',	NULL,	NULL,	'Stanice metra, Praha 9',	50.125996,	14.489450,	4,	13),
('dp268',	2,	'Beroun D',	NULL,	NULL,	'ndra, Beroun',	49.957684,	14.076148,	4,	1),
('dp2680',	2,	'Stkov',	NULL,	NULL,	'Stanice metra, Praha 9',	50.126205,	14.489489,	4,	13),
('dp2682',	2,	'Stkov',	NULL,	NULL,	'Stanice metra, Praha 9',	50.126415,	14.489140,	4,	13),
('dp2684',	2,	'Stkov',	NULL,	NULL,	'Stanice metra, Praha 9',	50.125866,	14.489837,	4,	13),
('dp2686',	2,	'Stkov',	NULL,	NULL,	'Stanice metra, Praha 9',	50.126587,	14.489086,	4,	13),
('dp2688',	2,	'Stkov',	NULL,	NULL,	'Stanice metra, Praha 9',	50.126038,	14.489859,	4,	13),
('dp269',	2,	'Vran nad Vltavou D',	NULL,	NULL,	'ndra, Vran nad Vltavou',	49.938720,	14.381221,	4,	1),
('dp2690',	2,	'Stkov',	NULL,	NULL,	'Stanice metra, Praha 9',	50.126347,	14.489483,	4,	13),
('dp2691',	2,	'Prosek',	NULL,	NULL,	'Stanice metra, Praha 9',	50.118866,	14.499367,	4,	13),
('dp27',	2,	'U Stediska',	NULL,	NULL,	'Dolnomcholupsk 168/37, Doln Mcholupy, Praha 10',	50.058594,	14.557319,	4,	1),
('dp270',	2,	'any D',	NULL,	NULL,	'ndra, any',	49.997450,	14.663869,	4,	1),
('dp2701',	2,	'Letany',	NULL,	NULL,	'Stanice metra, Praha 9',	50.124943,	14.516136,	4,	13),
('dp2712',	2,	'Hje',	NULL,	NULL,	'vchodn vestibul, Stanice metra, Praha 4',	50.031082,	14.528559,	4,	13),
('dp272',	2,	'Mnichovice D',	NULL,	NULL,	'ndra, Mnichovice',	49.932570,	14.707382,	4,	1),
('dp2721',	2,	'Hje',	NULL,	NULL,	'zpadn vestibul, Stanice metra, Praha 4',	50.030495,	14.526145,	4,	13),
('dp273',	2,	'Senohraby D',	NULL,	NULL,	'ndra, Senohraby',	49.897106,	14.727815,	4,	1),
('dp2731',	2,	'Opatov',	NULL,	NULL,	'Stanice metra, Praha 4',	50.027706,	14.508370,	4,	13),
('dp2733',	2,	'Opatov',	NULL,	NULL,	'Chilsk, Opatov, Praha 4',	50.027515,	14.507704,	4,	13),
('dp2741',	2,	'Chodov',	NULL,	NULL,	'Stanice metra, Praha 4',	50.031193,	14.491668,	4,	13),
('dp275',	2,	'Miroovice D',	NULL,	NULL,	'ndra, Miroovice',	49.910473,	14.719887,	4,	1),
('dp2751',	2,	'Roztyly',	NULL,	NULL,	'Stanice metra, Praha 4',	50.037396,	14.477815,	4,	13),
('dp2761',	2,	'Kaerov',	NULL,	NULL,	'Stanice metra, Praha 4',	50.041820,	14.460297,	4,	13),
('dp2781',	2,	'Budjovick',	NULL,	NULL,	'vestibul Olbrachtova, Stanice metra, Praha 4',	50.044770,	14.448393,	4,	13),
('dp2791',	2,	'Pankrc',	NULL,	NULL,	'Stanice metra, Praha 4',	50.051094,	14.439684,	4,	13),
('dp28',	2,	'Doln Beany, nmst',	NULL,	NULL,	'Prask, Doln Beany, Doln Beany - Praha zpad',	49.963640,	14.458822,	4,	1),
('dp2801',	2,	'Praskho povstn',	NULL,	NULL,	'Stanice metra, Praha 4',	50.056530,	14.433841,	4,	13),
('dp2805',	2,	'Hlavn ndra',	NULL,	NULL,	'Stanice metra, Praha 1',	50.083767,	14.434495,	4,	13),
('dp2807',	2,	'Hlavn ndra',	NULL,	NULL,	'Stanice metra, Praha 1',	50.083256,	14.433838,	4,	13),
('dp2811',	2,	'Vyehrad',	NULL,	NULL,	'z centra, Stanice metra, Praha 4',	50.063034,	14.430505,	4,	13),
('dp2813',	2,	'Vyehrad',	NULL,	NULL,	'do centra, Stanice metra, Praha 4',	50.063034,	14.430505,	4,	13),
('dp2821',	2,	'I.P. Pavlova',	NULL,	NULL,	'Stanice metra, Praha 2',	50.075558,	14.430478,	4,	13),
('dp2825',	2,	'I.P. Pavlova',	NULL,	NULL,	'vtah, Legerova, Stanice metra, Praha 2',	50.075558,	14.430478,	4,	13),
('dp2831',	2,	'Hlavn ndra',	NULL,	NULL,	'Stanice metra, Praha 1',	50.083840,	14.434257,	4,	13),
('dp2833',	2,	'Hlavn ndra',	NULL,	NULL,	'Stanice metra, Praha 1',	50.083202,	14.434098,	4,	13),
('dp2841',	2,	'Budjovick',	NULL,	NULL,	'vestibul Antala Staka, Stanice metra, Praha 4',	50.043568,	14.450642,	4,	13),
('dp2846',	2,	'Florenc',	NULL,	NULL,	'vestibul Sokolovsk C, Stanice metra, Praha 8',	50.091072,	14.439676,	4,	13),
('dp2848',	2,	'Florenc',	NULL,	NULL,	'vestibul Sokolovsk B, Stanice metra, Praha 8',	50.091072,	14.439676,	4,	13),
('dp2851',	2,	'Vltavsk',	NULL,	NULL,	'Stanice metra, Praha 7',	50.099007,	14.438660,	4,	13),
('dp2859',	2,	'Florenc vtah',	NULL,	NULL,	'vtah, Florenc B, Stanice metra, Praha 8',	50.089664,	14.438600,	4,	13),
('dp2861',	2,	'Ndra Holeovice',	NULL,	NULL,	'jin vestibul bus, Stanice metra, Praha 7',	50.108307,	14.440779,	4,	13),
('dp2871',	2,	'Ndra Holeovice',	NULL,	NULL,	'severn vestibul ndra, Stanice metra, Praha 7',	50.109650,	14.439732,	4,	13),
('dp2881',	2,	'Kobylisy',	NULL,	NULL,	'Kobylisk nmst, Stanice metra, Praha 8',	50.124603,	14.456061,	4,	13),
('dp2884',	2,	'Kobylisy',	NULL,	NULL,	'Katastrln ad, Stanice metra, Praha 8',	50.124603,	14.456061,	4,	13),
('dp2887',	2,	'Kobylisy',	NULL,	NULL,	'vtah, Stanice metra (vtah), Praha 8',	50.124477,	14.455388,	4,	13),
('dp2891',	2,	'Ldv',	NULL,	NULL,	'Stanice metra, Praha 8',	50.126675,	14.470155,	4,	13),
('dp29',	2,	'Koh-i-noor',	NULL,	NULL,	'Vrovick 51, Vrovice, Praha 10',	50.067540,	14.460622,	4,	1),
('dp2900',	2,	'Beneov, autobusov ndra',	NULL,	NULL,	'Ndran, Beneov, Beneov',	49.779545,	14.683940,	4,	13),
('dp3',	2,	'Pas Sofie',	NULL,	NULL,	'Sofijsk nmst 3400, Modany, Praha 4',	50.005620,	14.418283,	4,	1),
('dp30',	2,	'U Pamtnku',	NULL,	NULL,	'Husitsk, ikov, Praha 3',	50.086815,	14.445598,	4,	1),
('dp325',	2,	'Hotel Don Giovani',	NULL,	NULL,	'Stanice metra, Praha 5',	50.046810,	14.307987,	4,	1),
('dp334',	2,	'Mlnk, U Hit',	NULL,	NULL,	'Prask, Mlnk',	50.344370,	14.486442,	4,	1),
('dp368',	2,	'Poany D',	NULL,	NULL,	'ndra, Poany',	50.110798,	14.922194,	4,	1),
('dp379',	2,	'ernoice - Mokropsy D',	NULL,	NULL,	'Ndran, ndra, ernoice',	49.946010,	14.330871,	4,	1),
('dp38',	2,	'Knovzsk',	NULL,	NULL,	'Blaimsk, Chodov, Praha 4',	50.041660,	14.499624,	4,	1),
('dp399',	2,	'kola Radlice',	NULL,	NULL,	'Radlick 140, Radlice, Praha 5',	50.059437,	14.393170,	4,	1),
('dp40',	2,	'estlice, Albert hypermarket',	NULL,	NULL,	'Obchodn, estlice - Praha vchod',	50.004550,	14.574920,	4,	1),
('dp400',	2,	'Laurov',	NULL,	NULL,	'Radlick 65, Radlice, Praha 5',	50.061104,	14.397840,	4,	1),
('dp403',	2,	'Radlick',	NULL,	NULL,	'Radlice (konen tramvaj), Praha 5',	50.058870,	14.389388,	4,	1),
('dp406',	2,	'Sdlit Radotn',	NULL,	NULL,	'Sdlit 19, Sdlit Radotn, Praha 5',	49.980324,	14.353491,	4,	1),
('dp42',	2,	'Lipence',	NULL,	NULL,	'K Obci 47, Lipence (mstsk ad), Praha 5',	49.959877,	14.354290,	4,	1),
('dp437',	2,	'Obchodn centrum trboholy',	NULL,	NULL,	'Nkupn, trboholy, Praha 10',	50.072147,	14.542512,	4,	1),
('dp448',	2,	'Tupolevova',	NULL,	NULL,	'Tupolevova, Letany (parkovit), Praha 9',	50.134510,	14.506210,	4,	5),
('dp449',	2,	'Kunratice',	NULL,	NULL,	'Nm. Prezidenta Masaryka 109, Kunratice, Praha 4',	50.013325,	14.485029,	4,	5),
('dp471',	2,	'Libe Libe Oza',	NULL,	NULL,	'Libe 47, Libe (camp Oza), Doln Beany - Praha zpad',	49.951405,	14.475037,	4,	5),
('dp472',	2,	'Mosteck',	NULL,	NULL,	'Mosteck 53/4, Mal Strana, Praha 1',	50.087364,	14.406681,	4,	5),
('dp474',	2,	'U Nemocnice',	NULL,	NULL,	'U Nemocnice, Nov Msto (recepce VFN), Praha 2',	50.073467,	14.421175,	4,	5),
('dp50',	2,	'Obchodn centrum Zlin',	NULL,	NULL,	'Skandinvsk 141, Zlin, Praha 5',	50.050320,	14.297784,	4,	1),
('dp51',	2,	'Sdlit epy',	NULL,	NULL,	'Makovskho, epy, Praha 6',	50.065070,	14.298503,	4,	1),
('dp53',	2,	'Ruzyn Modr ubytovna',	NULL,	NULL,	'K Letiti 916, Ruzyn, Praha 6',	50.097683,	14.291305,	4,	1),
('dp54',	2,	'Ruzyn vojensk ubytovna',	NULL,	NULL,	'U Prioru 938/6, Ruzyn, Praha 6',	50.087840,	14.315627,	4,	1),
('dp55',	2,	'blice',	NULL,	NULL,	'blick 339/14, blice, Praha 8',	50.144890,	14.485246,	4,	1),
('dp58',	2,	'Lys nad Labem D',	NULL,	NULL,	'ndra, Lys nad Labem - Praha vchod',	50.195860,	14.842934,	4,	1),
('dp59',	2,	'jezd nad Lesy',	NULL,	NULL,	'Starokolnsk, jezd nad Lesy, Praha 9',	50.076390,	14.658972,	4,	1),
('dp6',	2,	'Hotel Uno',	NULL,	NULL,	'tchovick, Stranice, Praha 10',	50.071766,	14.499949,	4,	1),
('dp641',	2,	'Fakulta TVS',	NULL,	NULL,	'Jos Martho 31, Veleslavn (recepce), Praha 6',	50.098400,	14.364446,	4,	5),
('dp642',	2,	'ernokosteleck',	NULL,	NULL,	'ernokosteleck, Stranice, Praha 10',	50.077950,	14.509228,	4,	5),
('dp644',	2,	'Vysoany D',	NULL,	NULL,	'Vysoany (ndra), Praha 9',	50.112244,	14.497561,	4,	5),
('dp645',	2,	'Vozovna Stranice',	NULL,	NULL,	'Starostranick, Stranice, Praha 10',	50.075860,	14.489398,	4,	5),
('dp651',	2,	'Andl Knec',	NULL,	NULL,	'Ostrovskho, Smchov, Praha 5',	50.068966,	14.404304,	4,	5),
('dp652',	2,	'Milovice D',	NULL,	NULL,	'Ndran, ndra, Milovice - Praha vchod',	50.229190,	14.881715,	4,	5),
('dp653',	2,	'Zelen',	NULL,	NULL,	'Jugoslvskch partyzn, Dejvice, Praha 6',	50.107370,	14.394471,	4,	5),
('dp654',	2,	'bude Radotn old evnice D',	NULL,	NULL,	'ndra',	49.986120,	14.363673,	4,	5),
('dp66',	2,	'Ndra Radotn',	NULL,	NULL,	'Vrsk, Radotn, Praha 5',	49.984234,	14.362597,	4,	1),
('dp661',	2,	'Mama Shelter Prague (Parkhotel)',	NULL,	NULL,	'Veletrn 20, Holeovice (recepce hotelu), Praha 7',	50.102272,	14.431692,	4,	5),
('dp662',	2,	'Nemocnice Na Homolce',	NULL,	NULL,	'Roentgenova, Motol (recepce nemocnice), Praha 5',	50.075504,	14.354149,	4,	5),
('dp663',	2,	'Koleje Volha',	NULL,	NULL,	'K Vernerku 950, Kunratice, Praha 4',	50.020760,	14.490534,	4,	5),
('dp664',	2,	'Kudrnova',	NULL,	NULL,	'V valu, Motol (vrtnice FNM), Praha 5',	50.072340,	14.343635,	4,	5),
('dp67',	2,	'Vrovice D',	NULL,	NULL,	'Vrovice (ndra), Praha 10',	50.064854,	14.447775,	4,	1),
('dp671',	2,	'Malostransk nm.- Parlament R',	NULL,	NULL,	'Malostransk nmst, Mal Strana, Praha 1',	50.088570,	14.404397,	4,	5),
('dp672',	2,	'Hotel Krystal',	NULL,	NULL,	'Jos Martho 2/407, Veleslavn, Praha 6',	50.093834,	14.341359,	4,	5),
('dp673',	2,	'A&O Prag Rhea',	NULL,	NULL,	'V labin 3068/19, Stranice, Praha 10',	50.079770,	14.499546,	4,	5),
('dp674',	2,	'Hotel Golf',	NULL,	NULL,	'Plzesk 103/215A, Motol, Praha 5',	50.067520,	14.344616,	4,	5),
('dp675',	2,	'any D',	NULL,	NULL,	'ndra, any u Prahy',	49.997240,	14.664272,	4,	5),
('dp676',	2,	'Hotel Step',	NULL,	NULL,	'Malletova 1141, Vysoany, Praha 9',	50.101536,	14.484431,	4,	5),
('dp7',	2,	'Psychiatrick nemocnice Bohnice',	NULL,	NULL,	'stavn, Bohnice, Praha 8',	50.133633,	14.424002,	4,	1),
('dp71',	2,	'Centrum Zahradn Msto',	NULL,	NULL,	'Topolov, Zahradn Msto, Praha 10',	50.056824,	14.507140,	4,	1),
('dp72',	2,	'Mstsk ad Neratovice',	NULL,	NULL,	'Kojetick 1028, Neratovice, Neratovice',	50.255592,	14.520419,	4,	1),
('dp76',	2,	'Rudn, U kina',	NULL,	NULL,	'Masarykova, Rudn, Rudn - Praha zpad',	50.034016,	14.232104,	4,	1),
('dp84',	2,	'Clkova',	NULL,	NULL,	'Zdislavick 583, Modany (Jasn), Praha 4',	50.016950,	14.443229,	4,	1),
('dp86',	2,	'Milovice D',	NULL,	NULL,	'Ndran, ndra, Milovice - Praha vchod',	50.229153,	14.881939,	4,	1),
('dp88',	2,	'Smrovsk',	NULL,	NULL,	'Slavtnsk, Klnovice, Praha 9',	50.094913,	14.668779,	4,	1),
('dp885',	2,	'Komoany',	NULL,	NULL,	'Kyslkov, Komoany, Praha 4',	49.991480,	14.410926,	4,	1),
('dp9',	2,	'Okosk',	NULL,	NULL,	'K Ldv 344/4, imice, Praha 8',	50.135850,	14.431166,	4,	1),
('dp90',	2,	'Sdlit Novodvorsk',	NULL,	NULL,	'Novodvorsk 126, Lhotka, Praha 4',	50.025290,	14.434460,	4,	1),
('dp91',	2,	'tpnin',	NULL,	NULL,	'Stelnin 1347/47, blice (prodejna), Praha 8',	50.128660,	14.476222,	4,	1),
('dp93',	2,	'Vinosk hbitov',	NULL,	NULL,	'Mladoboleslavsk 162, Vino, Praha 9',	50.144134,	14.579441,	4,	1),
('dp930',	2,	'Ldv P+R',	NULL,	NULL,	'Parkovit P+R, Praha 8',	50.126083,	14.472325,	4,	1),
('dp938',	2,	'Letany P+R',	NULL,	NULL,	'Parkovit P+R, Praha 9',	50.125190,	14.514933,	4,	1),
('dp94',	2,	'ernnova',	NULL,	NULL,	'Konvova 738/55, ikov, Praha 3',	50.088840,	14.460534,	4,	1),
('dp95',	2,	'any, nmst',	NULL,	NULL,	'Masarykovo nmst, any - Praha vchod',	49.991580,	14.655727,	4,	1),
('dp951',	2,	'Sdlit Barrandov',	NULL,	NULL,	'Werichova, Barrandov (konen), Praha 5',	50.031500,	14.368241,	4,	1),
('dp952',	2,	'Poliklinika Barrandov',	NULL,	NULL,	'Trglova, Barrandov (z centra), Praha 5',	50.033860,	14.374161,	4,	1),
('dp953',	2,	'Poliklinika Barrandov',	NULL,	NULL,	'Trglova, Barrandov (do centra), Praha 5',	50.033860,	14.374161,	4,	1),
('dp954',	2,	'Chaplinovo nmst',	NULL,	NULL,	'Chaplinovo nmst, Barrandov (z centra), Praha 5',	50.035084,	14.377748,	4,	1),
('dp955',	2,	'Chaplinovo nmst',	NULL,	NULL,	'Chaplinovo nmst, Barrandov (do centra), Praha 5',	50.034935,	14.377890,	4,	1),
('dp956',	2,	'K Barrandovu',	NULL,	NULL,	'K Barrandovu, Barrandov (z centra), Praha 5',	50.035330,	14.383244,	4,	1),
('dp957',	2,	'K Barrandovu',	NULL,	NULL,	'K Barrandovu, Barrandov (do centra), Praha 5',	50.035330,	14.383244,	4,	1),
('dp958',	2,	'Geologick',	NULL,	NULL,	'K Barrandovu, Barrandov (z centra), Praha 5',	50.036446,	14.388637,	4,	1),
('dp959',	2,	'Geologick',	NULL,	NULL,	'K Barrandovu, Barrandov (do centra), Praha 5',	50.036446,	14.388637,	4,	1),
('dp960',	2,	'Hluboepy',	NULL,	NULL,	'Hluboepsk, Barrandov (z centra), Praha 5',	50.041847,	14.404287,	4,	1),
('dp961',	2,	'Hluboepy',	NULL,	NULL,	'Hluboepsk, Barrandov (do centra), Praha 5',	50.042126,	14.404611,	4,	1),
('dp962',	2,	'tpask',	NULL,	NULL,	'tpask, Barrandov, Praha 5',	50.032100,	14.373460,	4,	1),
('dp98',	2,	'Zemdlsk univerzita II (nmst)',	NULL,	NULL,	'Brandejsovo nmst 496/8, Suchdol, Praha 6',	50.133556,	14.376529,	4,	1),
('dp99',	2,	'Kubnsk nmst',	NULL,	NULL,	'Kubnsk nmst 92, Vrovice, Praha 10',	50.070576,	14.476982,	4,	1),
('ro1',	410,	'Andl',	NULL,	NULL,	'Vestibul stanice metra ve smru ul. Plzesk (severn vestibul)',	50.070904,	14.403979,	15,	15),
('ro101',	424,	'Nemocnice Motol',	NULL,	NULL,	'Vestibul stanice metra',	50.074720,	14.340680,	6,	15),
('ro102',	424,	'Boislavka',	NULL,	NULL,	'Vestibul stanice metra',	50.098590,	14.364760,	6,	15),
('ro103',	424,	'Dejvick',	NULL,	NULL,	'Vestibul stanice metra (spojovac chodba nad nstupitm)',	50.100483,	14.392639,	13,	15),
('ro104',	424,	'Mstek - A',	NULL,	NULL,	'Vestibul stanice metra linky A ve smru ul. 28. jna (severn vestibul)',	50.084335,	14.423343,	6,	15),
('ro105',	424,	'Nmst Mru',	NULL,	NULL,	'Vestibul stanice metra',	50.075170,	14.437743,	6,	15),
('ro106',	424,	'elivskho',	NULL,	NULL,	'Vestibul stanice metra',	50.078590,	14.474000,	6,	15),
('ro107',	424,	'Stranick',	NULL,	NULL,	'Ulin rove ve smru ul. Mrtkova (severn strana)',	50.072777,	14.491287,	6,	15),
('ro108',	424,	'Skalka',	NULL,	NULL,	'Ulin rove u bus zastvek smr Zahradn msto (zpadn strana ulice Na Padestm)',	50.068040,	14.507395,	13,	15),
('ro110',	424,	'Zlin',	NULL,	NULL,	'Ulin rove u autobusovho ndra (severn strana)',	50.053818,	14.290942,	13,	15),
('ro111',	424,	'Luka',	NULL,	NULL,	'Vestibul stanice metra',	50.045322,	14.322180,	6,	15),
('ro112',	424,	'Hrka',	NULL,	NULL,	'Vestibul stanice metra',	50.049890,	14.341779,	6,	15),
('ro113',	424,	'Smchovsk ndra',	NULL,	NULL,	'Vestibul stanice metra ve smru autobusov ndra (jin vestibul)',	50.060400,	14.409336,	13,	15),
('ro115',	424,	'Karlovo nmst',	NULL,	NULL,	'Vestibul stanice metra ve smru Karlovo nmst',	50.075660,	14.418781,	6,	15),
('ro116',	424,	'Mstek - B',	NULL,	NULL,	'Vestibul stanice metra linky B',	50.083046,	14.421733,	7,	15),
('ro118',	424,	'Palmovka',	NULL,	NULL,	'Vestibul stanice mtra ve smru autobusov ndra (vchodn vestibul)',	50.104970,	14.475739,	6,	15),
('ro119',	424,	'Vysoansk',	NULL,	NULL,	'Vestibul stanice metra ve smru ul. Freyova (vchodn vestibul)',	50.110550,	14.502197,	13,	15),
('ro120',	424,	'Rajsk zahrada',	NULL,	'Doasn zaveno (cca do 12/2023)',	'Nstupit ve smru centrum (horn nstupit, zpadn vchod)',	50.106678,	14.559852,	6,	15),
('ro121',	424,	'ern Most',	NULL,	NULL,	'Ulin rove u nstupit metra smr centrum (severn nstupit)',	50.109104,	14.577402,	13,	15),
('ro122',	424,	'Hje',	NULL,	NULL,	'Vestibul stanice mtra ve smru ul. Opatovsk (vchodn vestibul)',	50.031056,	14.528609,	6,	15),
('ro128',	424,	'Ndra Holeovice',	NULL,	NULL,	'Vestibul stanice metra ve smru ul. Plynrn (jin vestibul)',	50.108418,	14.440424,	6,	15),
('ro130',	424,	'Ldv',	NULL,	NULL,	'Vestibul stanice mtra ve smru ul. Oplkova (zpadn vstup)',	50.126576,	14.469034,	13,	15),
('ro140',	424,	'Centrln dispeink DPP',	NULL,	NULL,	'Na Bojiti 5, Praha 2',	50.074226,	14.428377,	15,	15),
('ro151',	424,	'Kobylisy',	NULL,	NULL,	'Vestibul stanice metra ve smru Kobylisk nmst (zpadn vestibul)',	50.123493,	14.452294,	14,	15),
('ro152',	424,	'Kaerov',	NULL,	NULL,	'Vestibul stanice metra',	50.041863,	14.460291,	6,	15),
('ro153',	424,	'Andl (Na Knec)',	NULL,	NULL,	'Vestibul stanice metra',	50.068493,	14.403954,	7,	15),
('ro154',	424,	'Florenc',	NULL,	NULL,	'Ulin rove u vchodu do stanice metro linky B (zpadn strana)',	50.090840,	14.439150,	6,	15),
('ro155',	424,	'I. P. Pavlova',	NULL,	NULL,	'Vestibul stanice metra',	50.075190,	14.430123,	6,	15),
('ro156',	424,	'Letany',	NULL,	NULL,	'Vestibul stanice metra ve smru autobusov ndra (vchodn vestibul)',	50.125110,	14.516526,	15,	15),
('ro157',	424,	'Roztyly',	NULL,	NULL,	'Ulin rove u autobusovho ndra (severn strana)',	50.037510,	14.477636,	15,	15),
('ro2',	410,	'Hlavn ndra 1',	NULL,	NULL,	'Odbavovac hala ndra u vstupu do metra (severn vstup)',	50.083700,	14.434441,	6,	15),
('ro200',	453,	'Brands nad Labem-Star Boleslav',	NULL,	NULL,	'Informan kancel dopravce SAD Stedn echy',	50.197815,	14.678617,	12,	3),
('ro203',	453,	'Mlnk',	NULL,	NULL,	'Informan kancel dopravce SAD Stedn echy',	50.350180,	14.488026,	12,	3),
('ro204',	453,	'Kladno - autobusov ndra',	NULL,	NULL,	'Informan kancel SAD Kladno na autobusovm ndra',	50.146416,	14.105616,	8,	3),
('ro205',	453,	'Kladno - nmst Svobody',	NULL,	NULL,	'Informan kancel SAD Kladno na nmst Svobody',	50.144802,	14.093821,	8,	3),
('ro206',	453,	'Nymburk',	NULL,	NULL,	'Informan kancel OAD Koln',	50.176600,	15.044359,	8,	3),
('ro207',	453,	'Koln',	NULL,	NULL,	'Informan kancel OAD Koln',	50.024150,	15.213900,	8,	3),
('ro209',	453,	'Pbram',	NULL,	NULL,	'Informan kancel Arriva Stedn echy na autobusovm ndra',	49.690517,	14.003050,	9,	15),
('ro211',	453,	'Rakovnk',	NULL,	NULL,	'Informan kancel Transdev Stedn echy na autobusovm stanoviti',	50.100930,	13.733650,	8,	3),
('ro213',	453,	'Hoovice',	NULL,	NULL,	'Informan kancel Arriva Stedn echy na autobusovm ndra (nmst Boeny Nmcov)',	49.833096,	13.903043,	1,	15),
('ro3',	410,	'Hlavn ndra 2',	NULL,	NULL,	'Odbavovac hala ndra u vstupu do metra jin vstup)',	50.083115,	14.433981,	6,	15),
('ro4',	410,	'Hradansk',	NULL,	NULL,	'Vestibul stanice metra',	50.097355,	14.404508,	15,	15),
('ro5',	410,	'Letit Vclava Havla Praha, Terminl 1',	NULL,	NULL,	'Pletov hala Terminlu 1 na letiti Vclava Havla Praha',	50.107360,	14.267513,	6,	15),
('ro51',	410,	'ern Most (PID)',	NULL,	'T prodej jzdenek AMS (dlkov doprava)',	'V rovni vstupnch kolej metra (jin nstupit), ve vchodn sti stanice',	50.109000,	14.577900,	5,	15),
('ro52',	410,	'Zlin (PID)',	NULL,	'T prodej jzdenek AMS (dlkov doprava)',	'Ulin rove u autobusovho ndra v obchodn vybavenosti',	50.054030,	14.291230,	5,	15),
('ro6',	410,	'Letit Vclava Havla Praha, Terminl 2',	NULL,	NULL,	'Pletov hala Terminlu 2 na letiti Vclava Havla Praha',	50.105713,	14.266374,	6,	15),
('ro61',	410,	'Mlad Boleslav (PID)',	NULL,	NULL,	'v ekrn terminlu Autobusovho stanovit (spolu s DP Mlad Boleslav)',	50.419770,	14.916240,	2,	15),
('ro62',	410,	'Kutn Hora (PID)',	NULL,	NULL,	'v ekrn terminlu Autobusovho stanovit',	49.954210,	15.271500,	2,	15),
('ro7',	410,	'Magistrt hl. m. Prahy (DPP)',	NULL,	'Infocentrum je umstno v pasi kodova palce.',	'Jungmannova 29, Praha 1, pzem budovy Magistrtu (kodv palc)',	50.082130,	14.421916,	13,	15),
('ro8',	410,	'Mstek',	NULL,	NULL,	'Vestibul stanice metra linky A ve smru ul. 28. jna (severn vestibul)',	50.083950,	14.423036,	15,	15),
('ro9',	410,	'Ndra Veleslavn',	NULL,	NULL,	'Vestibul stanice metra',	50.095440,	14.347000,	15,	15),
('ro99',	410,	'Magistrt hl. m. Prahy (OICT)',	NULL,	'Pepky jsou umstny na rohu Charvtovy a Jungmannovy ulice.',	'Jungmannova 35/29, Praha 1, pzem budovy Magistrtu (kodv palc)',	50.081770,	14.422260,	3,	15);

DROP TABLE IF EXISTS `pid_services`;
CREATE TABLE `pid_services` (
  `id` bigint(20) NOT NULL AUTO_INCREMENT,
  `pid_id` int(11) NOT NULL,
  `name` varchar(255) COLLATE utf8mb4_unicode_ci DEFAULT NULL,
  PRIMARY KEY (`id`),
  KEY `pid_services_id_index` (`id`)
) ENGINE=InnoDB DEFAULT CHARSET=utf8mb4 COLLATE=utf8mb4_unicode_ci;

INSERT INTO `pid_services` (`id`, `pid_id`, `name`) VALUES
(1,	256,	NULL),
(2,	352,	NULL),
(3,	368,	NULL),
(4,	196608,	NULL),
(5,	196864,	NULL),
(6,	209154,	NULL),
(7,	209202,	NULL),
(8,	1060866,	NULL),
(9,	1061186,	NULL),
(10,	1253376,	NULL),
(11,	1253696,	NULL),
(12,	1257474,	NULL),
(13,	1257730,	NULL),
(14,	1257778,	NULL),
(15,	1257842,	NULL);

DROP TABLE IF EXISTS `pid_time_slots`;
CREATE TABLE `pid_time_slots` (
  `id` bigint(20) unsigned NOT NULL AUTO_INCREMENT,
  `start_time` time NOT NULL,
  `end_time` time NOT NULL,
  PRIMARY KEY (`id`),
  UNIQUE KEY `start_time_end_time` (`start_time`,`end_time`)
) ENGINE=InnoDB DEFAULT CHARSET=utf8mb4 COLLATE=utf8mb4_unicode_ci;

INSERT INTO `pid_time_slots` (`id`, `start_time`, `end_time`) VALUES
(6594,	'00:00:00',	'00:20:00'),
(6601,	'00:00:00',	'00:35:00'),
(6598,	'00:00:00',	'01:05:00'),
(6610,	'00:00:00',	'01:15:00'),
(6653,	'00:00:00',	'01:30:00'),
(6532,	'00:00:00',	'24:00:00'),
(6677,	'02:00:00',	'02:30:00'),
(6599,	'03:15:00',	'24:00:00'),
(6676,	'03:20:00',	'00:30:00'),
(6595,	'03:20:00',	'24:00:00'),
(6611,	'03:25:00',	'24:00:00'),
(6678,	'03:30:00',	'23:40:00'),
(6602,	'03:30:00',	'24:00:00'),
(6654,	'03:35:00',	'24:00:00'),
(6600,	'03:40:00',	'24:00:00'),
(6705,	'04:00:00',	'01:00:00'),
(6541,	'04:00:00',	'22:30:00'),
(6612,	'04:20:00',	'24:00:00'),
(6635,	'04:25:00',	'16:15:00'),
(6581,	'04:25:00',	'20:10:00'),
(6549,	'04:35:00',	'17:10:00'),
(6798,	'04:40:00',	'09:30:00'),
(6613,	'04:45:00',	'09:10:00'),
(6670,	'04:45:00',	'21:25:00'),
(6655,	'04:50:00',	'09:40:00'),
(6629,	'04:55:00',	'10:15:00'),
(6725,	'04:55:00',	'19:30:00'),
(6779,	'05:00:00',	'08:30:00'),
(6786,	'05:00:00',	'09:10:00'),
(6661,	'05:00:00',	'10:00:00'),
(6619,	'05:00:00',	'10:50:00'),
(6721,	'05:00:00',	'11:05:00'),
(6749,	'05:00:00',	'16:45:00'),
(6841,	'05:00:00',	'19:00:00'),
(6731,	'05:00:00',	'20:00:00'),
(6582,	'05:00:00',	'20:10:00'),
(6539,	'05:00:00',	'21:00:00'),
(6758,	'05:00:00',	'21:05:00'),
(6536,	'05:00:00',	'24:00:00'),
(6765,	'05:05:00',	'09:15:00'),
(6752,	'05:05:00',	'09:45:00'),
(6603,	'05:05:00',	'10:30:00'),
(6555,	'05:05:00',	'10:45:00'),
(6643,	'05:05:00',	'16:30:00'),
(6616,	'05:10:00',	'09:10:00'),
(6638,	'05:10:00',	'20:40:00'),
(6626,	'05:10:00',	'21:25:00'),
(6728,	'05:14:00',	'21:06:00'),
(6568,	'05:15:00',	'08:55:00'),
(6664,	'05:15:00',	'09:00:00'),
(6551,	'05:15:00',	'09:15:00'),
(6673,	'05:15:00',	'09:55:00'),
(6649,	'05:15:00',	'10:40:00'),
(6733,	'05:15:00',	'12:50:00'),
(6596,	'05:15:00',	'20:55:00'),
(6774,	'05:20:00',	'09:40:00'),
(6772,	'05:20:00',	'10:05:00'),
(6588,	'05:20:00',	'11:35:00'),
(6792,	'05:20:00',	'11:40:00'),
(6734,	'05:25:00',	'07:40:00'),
(6658,	'05:25:00',	'09:40:00'),
(6760,	'05:30:00',	'09:00:00'),
(6572,	'05:30:00',	'09:40:00'),
(6609,	'05:30:00',	'13:10:00'),
(6564,	'05:31:00',	'16:47:00'),
(6742,	'05:40:00',	'08:07:00'),
(6815,	'05:40:00',	'09:30:00'),
(6809,	'05:40:00',	'11:15:00'),
(6755,	'05:40:00',	'11:40:00'),
(6636,	'05:40:00',	'15:25:00'),
(6692,	'05:40:00',	'17:00:00'),
(6702,	'05:43:00',	'17:22:00'),
(6726,	'05:45:00',	'10:20:00'),
(6729,	'05:46:00',	'18:06:00'),
(6805,	'05:49:00',	'12:02:00'),
(6776,	'05:50:00',	'09:40:00'),
(6694,	'05:50:00',	'10:10:00'),
(6547,	'05:50:00',	'11:00:00'),
(6560,	'05:50:00',	'12:00:00'),
(6567,	'05:54:00',	'13:35:00'),
(6623,	'05:55:00',	'08:30:00'),
(6701,	'05:56:00',	'20:55:00'),
(6782,	'06:00:00',	'08:30:00'),
(6712,	'06:00:00',	'11:00:00'),
(6682,	'06:00:00',	'11:15:00'),
(6839,	'06:00:00',	'11:30:00'),
(6836,	'06:00:00',	'12:45:00'),
(6848,	'06:00:00',	'16:00:00'),
(6693,	'06:00:00',	'17:00:00'),
(6646,	'06:00:00',	'17:50:00'),
(6823,	'06:00:00',	'20:00:00'),
(6540,	'06:00:00',	'21:00:00'),
(6711,	'06:00:00',	'21:10:00'),
(6822,	'06:00:00',	'22:00:00'),
(6715,	'06:05:00',	'10:20:00'),
(6639,	'06:05:00',	'11:45:00'),
(6644,	'06:05:00',	'17:30:00'),
(6641,	'06:05:00',	'18:30:00'),
(6542,	'06:10:00',	'10:15:00'),
(6558,	'06:10:00',	'10:45:00'),
(6811,	'06:15:00',	'09:40:00'),
(6584,	'06:15:00',	'16:00:00'),
(6706,	'06:15:00',	'17:30:00'),
(6583,	'06:15:00',	'18:10:00'),
(6627,	'06:15:00',	'18:55:00'),
(6578,	'06:16:00',	'17:39:00'),
(6590,	'06:17:00',	'12:04:00'),
(6554,	'06:20:00',	'09:15:00'),
(6717,	'06:20:00',	'10:20:00'),
(6651,	'06:20:00',	'10:40:00'),
(6586,	'06:20:00',	'11:15:00'),
(6689,	'06:20:00',	'17:40:00'),
(6688,	'06:20:00',	'18:10:00'),
(6597,	'06:20:00',	'18:20:00'),
(6768,	'06:30:00',	'09:45:00'),
(6667,	'06:30:00',	'11:00:00'),
(6829,	'06:30:00',	'12:00:00'),
(6847,	'06:30:00',	'15:30:00'),
(6846,	'06:30:00',	'17:30:00'),
(6703,	'06:31:00',	'17:22:00'),
(6565,	'06:31:00',	'17:47:00'),
(6621,	'06:35:00',	'19:15:00'),
(6671,	'06:35:00',	'19:35:00'),
(6631,	'06:45:00',	'10:15:00'),
(6617,	'06:45:00',	'11:10:00'),
(6730,	'06:46:00',	'18:36:00'),
(6697,	'06:50:00',	'11:30:00'),
(6794,	'06:50:00',	'12:40:00'),
(6687,	'06:50:00',	'17:45:00'),
(6642,	'06:50:00',	'20:00:00'),
(6813,	'06:55:00',	'11:15:00'),
(6817,	'06:55:00',	'11:45:00'),
(6690,	'06:55:00',	'18:10:00'),
(6672,	'06:55:00',	'19:35:00'),
(6579,	'06:59:00',	'17:39:00'),
(6784,	'07:00:00',	'09:00:00'),
(6788,	'07:00:00',	'11:00:00'),
(6832,	'07:00:00',	'11:30:00'),
(6801,	'07:00:00',	'11:45:00'),
(6834,	'07:00:00',	'12:00:00'),
(6679,	'07:00:00',	'12:08:00'),
(6750,	'07:00:00',	'16:45:00'),
(6842,	'07:00:00',	'17:00:00'),
(6686,	'07:00:00',	'17:20:00'),
(6691,	'07:00:00',	'18:00:00'),
(6732,	'07:00:00',	'20:00:00'),
(6821,	'07:00:00',	'21:00:00'),
(6566,	'07:01:00',	'17:47:00'),
(6719,	'07:05:00',	'10:20:00'),
(6707,	'07:05:00',	'11:00:00'),
(6628,	'07:05:00',	'21:15:00'),
(6544,	'07:10:00',	'10:15:00'),
(6738,	'07:10:00',	'12:30:00'),
(6605,	'07:15:00',	'11:30:00'),
(6807,	'07:19:00',	'18:02:00'),
(6763,	'07:25:00',	'12:45:00'),
(6647,	'07:25:00',	'16:20:00'),
(6580,	'07:29:00',	'18:09:00'),
(6770,	'07:30:00',	'09:45:00'),
(6648,	'07:30:00',	'17:50:00'),
(6704,	'07:31:00',	'17:22:00'),
(6741,	'07:40:00',	'12:30:00'),
(6637,	'07:40:00',	'17:25:00'),
(6592,	'07:47:00',	'19:35:00'),
(6593,	'07:48:00',	'18:35:00'),
(6699,	'07:50:00',	'11:30:00'),
(6796,	'07:50:00',	'12:40:00'),
(6735,	'08:00:00',	'10:30:00'),
(6845,	'08:00:00',	'11:00:00'),
(6575,	'08:00:00',	'11:40:00'),
(6562,	'08:00:00',	'12:00:00'),
(6826,	'08:00:00',	'12:30:00'),
(6538,	'08:00:00',	'16:00:00'),
(6585,	'08:00:00',	'17:40:00'),
(6751,	'08:00:00',	'17:45:00'),
(6825,	'08:00:00',	'18:00:00'),
(6535,	'08:00:00',	'19:00:00'),
(6533,	'08:00:00',	'20:00:00'),
(6537,	'08:00:00',	'21:00:00'),
(6534,	'08:00:00',	'22:00:00'),
(6709,	'08:05:00',	'11:00:00'),
(6645,	'08:10:00',	'18:30:00'),
(6607,	'08:15:00',	'11:30:00'),
(6808,	'08:20:00',	'17:32:00'),
(6622,	'08:35:00',	'20:15:00'),
(6743,	'08:45:00',	'11:05:00'),
(6633,	'08:45:00',	'12:15:00'),
(6624,	'08:50:00',	'11:00:00'),
(6819,	'09:00:00',	'11:45:00'),
(6780,	'09:00:00',	'12:15:00'),
(6790,	'09:00:00',	'13:00:00'),
(6838,	'09:00:00',	'16:00:00'),
(6531,	'09:00:00',	'23:30:00'),
(6803,	'09:05:00',	'14:10:00'),
(6785,	'09:30:00',	'12:15:00'),
(6665,	'09:30:00',	'15:00:00'),
(6761,	'09:30:00',	'15:45:00'),
(6824,	'09:30:00',	'17:00:00'),
(6787,	'09:40:00',	'17:00:00'),
(6614,	'09:40:00',	'17:05:00'),
(6569,	'09:45:00',	'12:50:00'),
(6552,	'09:45:00',	'17:00:00'),
(6766,	'10:00:00',	'13:00:00'),
(6799,	'10:00:00',	'14:10:00'),
(6816,	'10:00:00',	'17:25:00'),
(6835,	'10:00:00',	'18:00:00'),
(6656,	'10:10:00',	'13:40:00'),
(6573,	'10:10:00',	'14:45:00'),
(6777,	'10:10:00',	'15:15:00'),
(6659,	'10:10:00',	'15:40:00'),
(6812,	'10:10:00',	'17:05:00'),
(6769,	'10:15:00',	'16:35:00'),
(6771,	'10:15:00',	'17:35:00'),
(6674,	'10:25:00',	'10:35:00'),
(6695,	'10:30:00',	'11:30:00'),
(6773,	'10:30:00',	'13:05:00'),
(6662,	'10:30:00',	'18:00:00'),
(6632,	'10:45:00',	'15:10:00'),
(6545,	'10:45:00',	'16:20:00'),
(6543,	'10:45:00',	'17:40:00'),
(6546,	'10:45:00',	'18:25:00'),
(6727,	'10:50:00',	'13:35:00'),
(6718,	'10:50:00',	'15:20:00'),
(6720,	'10:50:00',	'17:20:00'),
(6716,	'10:50:00',	'17:55:00'),
(6660,	'10:50:00',	'19:40:00'),
(6675,	'10:55:00',	'12:35:00'),
(6746,	'10:55:00',	'13:05:00'),
(6736,	'11:00:00',	'12:30:00'),
(6759,	'11:00:00',	'12:50:00'),
(6630,	'11:00:00',	'17:10:00'),
(6652,	'11:10:00',	'16:20:00'),
(6650,	'11:10:00',	'17:00:00'),
(6753,	'11:15:00',	'14:45:00'),
(6604,	'11:15:00',	'17:00:00'),
(6559,	'11:15:00',	'17:50:00'),
(6556,	'11:15:00',	'18:45:00'),
(6713,	'11:30:00',	'13:30:00'),
(6548,	'11:30:00',	'13:40:00'),
(6625,	'11:30:00',	'13:45:00'),
(6668,	'11:30:00',	'15:00:00'),
(6710,	'11:30:00',	'16:50:00'),
(6789,	'11:30:00',	'17:05:00'),
(6708,	'11:30:00',	'19:20:00'),
(6683,	'11:35:00',	'13:15:00'),
(6722,	'11:35:00',	'16:15:00'),
(6618,	'11:40:00',	'17:05:00'),
(6587,	'11:45:00',	'14:20:00'),
(6620,	'11:50:00',	'20:45:00'),
(6844,	'12:00:00',	'14:30:00'),
(6606,	'12:00:00',	'15:30:00'),
(6843,	'12:00:00',	'17:00:00'),
(6696,	'12:00:00',	'17:15:00'),
(6608,	'12:00:00',	'17:30:00'),
(6840,	'12:00:00',	'18:00:00'),
(6589,	'12:05:00',	'13:10:00'),
(6576,	'12:10:00',	'16:45:00'),
(6793,	'12:10:00',	'17:02:00'),
(6757,	'12:10:00',	'17:32:00'),
(6756,	'12:10:00',	'17:35:00'),
(6640,	'12:10:00',	'21:45:00'),
(6802,	'12:15:00',	'15:10:00'),
(6818,	'12:15:00',	'17:00:00'),
(6698,	'12:15:00',	'17:15:00'),
(6700,	'12:15:00',	'17:35:00'),
(6810,	'12:15:00',	'17:40:00'),
(6814,	'12:15:00',	'19:05:00'),
(6820,	'12:15:00',	'19:20:00'),
(6851,	'12:30:00',	'13:30:00'),
(6833,	'12:30:00',	'14:30:00'),
(6849,	'12:30:00',	'15:30:00'),
(6831,	'12:30:00',	'16:30:00'),
(6828,	'12:30:00',	'17:00:00'),
(6680,	'12:30:00',	'17:20:00'),
(6681,	'12:30:00',	'18:20:00'),
(6806,	'12:32:00',	'17:32:00'),
(6591,	'12:34:00',	'17:35:00'),
(6781,	'12:45:00',	'16:48:00'),
(6634,	'12:45:00',	'17:10:00'),
(6561,	'12:45:00',	'17:45:00'),
(6563,	'12:45:00',	'19:05:00'),
(6744,	'12:50:00',	'14:10:00'),
(6739,	'13:00:00',	'14:00:00'),
(6850,	'13:00:00',	'15:30:00'),
(6827,	'13:00:00',	'17:00:00'),
(6737,	'13:00:00',	'17:10:00'),
(6830,	'13:00:00',	'18:30:00'),
(6795,	'13:10:00',	'16:35:00'),
(6797,	'13:10:00',	'18:05:00'),
(6764,	'13:15:00',	'18:45:00'),
(6837,	'13:15:00',	'20:00:00'),
(6767,	'13:20:00',	'16:45:00'),
(6783,	'13:30:00',	'16:49:00'),
(6570,	'13:30:00',	'17:50:00'),
(6791,	'13:30:00',	'19:05:00'),
(6684,	'13:35:00',	'14:50:00'),
(6747,	'13:45:00',	'16:05:00'),
(6714,	'13:55:00',	'21:10:00'),
(6657,	'14:05:00',	'17:40:00'),
(6775,	'14:10:00',	'17:05:00'),
(6778,	'14:10:00',	'17:25:00'),
(6740,	'14:30:00',	'18:15:00'),
(6800,	'14:40:00',	'16:55:00'),
(6804,	'14:40:00',	'19:00:00'),
(6745,	'14:45:00',	'16:15:00'),
(6685,	'15:10:00',	'18:20:00'),
(6574,	'15:15:00',	'18:00:00'),
(6754,	'15:15:00',	'18:55:00'),
(6666,	'15:30:00',	'17:55:00'),
(6669,	'15:30:00',	'19:05:00'),
(6762,	'16:15:00',	'16:40:00'),
(6748,	'16:45:00',	'19:00:00'),
(6724,	'16:45:00',	'20:15:00'),
(6723,	'16:45:00',	'20:45:00'),
(6577,	'17:15:00',	'20:40:00'),
(6553,	'17:30:00',	'21:15:00'),
(6615,	'17:35:00',	'21:05:00'),
(6550,	'17:40:00',	'21:15:00'),
(6571,	'18:20:00',	'21:45:00'),
(6663,	'18:30:00',	'21:30:00'),
(6557,	'19:15:00',	'21:05:00');

DROP TABLE IF EXISTS `pid_types`;
CREATE TABLE `pid_types` (
  `id` bigint(20) unsigned NOT NULL AUTO_INCREMENT,
  `type` varchar(255) COLLATE utf8mb4_unicode_ci NOT NULL,
  PRIMARY KEY (`id`),
  UNIQUE KEY `type` (`type`)
) ENGINE=InnoDB DEFAULT CHARSET=utf8mb4 COLLATE=utf8mb4_unicode_ci;

INSERT INTO `pid_types` (`id`, `type`) VALUES
(453,	'carrierOffice'),
(410,	'informationCenter'),
(2,	'ticketMachine'),
(424,	'ticketOfficeMetro'),
(1,	'trainStation');

-- 2023-11-11 10:24:35
